{"type":"FeatureCollection","name":"maharashtra_districts","features":[{"type":"Feature","properties":{"OBJECTID":535,"STATE_UT":"MAHARASHTRA","STATE_LGD":"27","DISTRICT":"AHILYANAGAR","DIST_LGD":"522","REMARKS":null,"Shape_Leng":1364395.94156,"Shape_Area":16550219222.5,"sourceDistrict":"AHILYANAGAR","district":"Ahilyanagar","labelPoint":[74.67534470680812,19.20519301803183]},"geometry":{"type":"Polygon","coordinates":[[[74.468666757422,19.994932113461367],[74.48175598820347,19.994781217976264],[74.48269526154336,19.978526730421827],[74.47837990289047,19.971333419216275],[74.47922204510282,19.96401634759928],[74.49201149872228,19.96222046131842],[74.49469301402034,19.970129941800593],[74.50930896127905,19.972869994147757],[74.51007493461451,19.96890592919203],[74.51895173128055,19.966704924892007],[74.51980271759747,19.97455341845107],[74.52289692542901,19.976581591619045],[74.55445835858268,19.96784980848448],[74.56864715878872,19.95429833484954],[74.6515204364489,19.94632690345323],[74.6710041504717,19.94697441273796],[74.67205186098818,19.93147873325851],[74.67715656849005,19.930702549622147],[74.67706563223281,19.924138460642276],[74.6493116507673,19.920123033043556],[74.64598793987443,19.909287271741274],[74.64847755791331,19.89582371739518],[74.64443899608538,19.860143319247708],[74.65981739233298,19.85771226106812],[74.65688042378687,19.834871966139296],[74.63606002764217,19.841800829640825],[74.60289633656762,19.846962507916423],[74.5999821139943,19.80658794806996],[74.58885953861382,19.78418485855885],[74.59232286427621,19.775825189752233],[74.61189155089365,19.76994577697502],[74.6256271981608,19.789530582443415],[74.63678354955435,19.793044162695363],[74.64946057176019,19.784901895466476],[74.65329071127071,19.77644930049491],[74.66793198684086,19.776138256480046],[74.67714237483474,19.766736865799487],[74.68972191891856,19.766430328555607],[74.68906090028844,19.75720685756506],[74.6952734201918,19.75500579857587],[74.70624831527664,19.763559493068843],[74.70069557126466,19.77555581795336],[74.70732223813825,19.781799934578036],[74.71442875462313,19.780148119054335],[74.7194377112607,19.772398407387435],[74.7173937030532,19.762739207343216],[74.72147138719305,19.754658539870395],[74.72812513752189,19.754412258106843],[74.7353185300293,19.764908960890743],[74.74942954227794,19.748643951651957],[74.7640683354572,19.753697446148546],[74.76760992916897,19.736732280909195],[74.78427359167112,19.734336511871234],[74.78654111055215,19.715400122892664],[74.80437475887008,19.70222827886605],[74.81412147612211,19.70306667484936],[74.80844872437997,19.688503350193223],[74.81783872163594,19.68067957921039],[74.8228177845942,19.66851153358764],[74.83666226815576,19.663336210747314],[74.84879031958954,19.646366319183198],[74.85805667276662,19.646544818257993],[74.86611930458083,19.651265119398317],[74.87505223746969,19.65003847311805],[74.88304149672541,19.654470187185876],[74.88614593849144,19.65277323673498],[74.8844271119392,19.642279574773738],[74.88796614390272,19.639044730009736],[74.91377089503315,19.648204386311974],[74.92005233901743,19.645575396420654],[74.92770496299944,19.646944412446242],[74.9311800481872,19.636905111403408],[74.94167301028311,19.64509604701115],[74.96277445152195,19.6471366663023],[74.98252357456006,19.639550791418326],[74.9854078951806,19.6334007221069],[74.99866593727587,19.62401967357357],[75.02627076264994,19.62330098138355],[75.03776367031952,19.625843973041405],[75.04175025044933,19.622209905111394],[75.03873174138232,19.615948423458832],[75.05916456832433,19.605702242070468],[75.08708178348847,19.612754408654588],[75.0985921486901,19.603981950173363],[75.11610211173799,19.60359667468217],[75.12683313973861,19.594602273923343],[75.14040995700869,19.598108348909317],[75.15092494228155,19.589355437576753],[75.15453579473866,19.589307769087927],[75.16393810240437,19.598179438992272],[75.17434942342707,19.600431451387337],[75.19405038543024,19.59485370420172],[75.19717861536346,19.588005532304848],[75.20652766922763,19.581565820214273],[75.20365540433762,19.56626841816216],[75.20633230884617,19.56215817483031],[75.21751958687604,19.558774804678112],[75.23006374897706,19.54131888144904],[75.25681952723689,19.523252614421274],[75.25946997026107,19.524499221762202],[75.26749186282917,19.5546078505748],[75.27411477657272,19.554352542368452],[75.28070650752879,19.54543404400066],[75.2736583580449,19.515256158661234],[75.30134099747544,19.512169601878494],[75.30106519058194,19.503109090800752],[75.30904843192116,19.50050017061653],[75.31179960760211,19.495753923013492],[75.32523983898236,19.49896544982141],[75.32415033653037,19.506130546795717],[75.32888432341305,19.508427142957125],[75.32744340499676,19.483773006184276],[75.33494952240007,19.48270764556875],[75.33914759847046,19.50181445024785],[75.35053093417716,19.504747030359464],[75.35654511084465,19.501741339627248],[75.36154945617174,19.490175130755773],[75.35810856824327,19.482661575953667],[75.34421290778106,19.485467655150014],[75.33938026273418,19.468740793095026],[75.3231997144909,19.465728326628323],[75.32255154283598,19.45357077611396],[75.32703335485672,19.438561038972146],[75.34690288942814,19.449001739971635],[75.3570317070827,19.43195860262283],[75.33693355834603,19.407040628728616],[75.36515281709535,19.396902317410035],[75.3813347201794,19.410533069827572],[75.38637593984734,19.409564215284185],[75.39138343329203,19.414820931431407],[75.41071082831888,19.418670938309045],[75.42497474187067,19.415759084883828],[75.42951027211089,19.420268426946063],[75.4345768255551,19.41894892838516],[75.44113706983187,19.427015735446226],[75.44262452113237,19.414042102867704],[75.46637112466495,19.41434947690047],[75.47543630958235,19.423337949435638],[75.48821065213463,19.4166529137345],[75.4822506787794,19.38423033859876],[75.48530140163994,19.381369277288705],[75.49766988347425,19.3784351198442],[75.51683057594654,19.384817818731914],[75.51712415996346,19.380691692427913],[75.53206877560345,19.376917578923713],[75.51720605222306,19.33081625763961],[75.53997058083797,19.328524148452118],[75.54301398701273,19.323191782098107],[75.53856131325853,19.317295610814533],[75.54043981028876,19.31279735330591],[75.5377608643475,19.306176024947803],[75.52563441710014,19.298239912322636],[75.51978680797977,19.277773051749374],[75.51553303472555,19.278205471867206],[75.50250351136,19.266752798908065],[75.47311024212537,19.259230516609083],[75.47430091507005,19.253009816998294],[75.45870199258091,19.250226675245155],[75.44491868494406,19.21940314515935],[75.4403727199084,19.21714883943402],[75.43551530632828,19.22149590903709],[75.42190286374777,19.221495300247387],[75.42087557267266,19.21680483387768],[75.40491739315794,19.2047066113294],[75.40158796863254,19.197455757625224],[75.40974835420197,19.188403635175177],[75.41955274859161,19.183264497538705],[75.42536228480773,19.172765372858724],[75.44499441113241,19.17218396984479],[75.44932473966061,19.163962389338856],[75.4536575135441,19.14462749843244],[75.44958806359422,19.14133367227323],[75.42329908498341,19.138623731610494],[75.4309797140596,19.117819112033366],[75.43651510675338,19.116383983821073],[75.44370474636546,19.12449094272001],[75.46365847377554,19.127252652799097],[75.46405625869787,19.130152621269563],[75.48370751608311,19.127927759854057],[75.48238317647225,19.115981813858085],[75.48516541134249,19.10586545446411],[75.46571067602453,19.09049094426301],[75.4494527955675,19.083235504603703],[75.44475969913348,19.093181194379767],[75.42924770677786,19.08953963166698],[75.41775349447938,19.092410192049687],[75.4132132225533,19.08748447053445],[75.41313284063253,19.08149206109448],[75.40591947660741,19.080254354307375],[75.39501833208682,19.081246690248303],[75.38200068695768,19.077921206776086],[75.37523034635532,19.084211048446342],[75.36874124061274,19.081740438229936],[75.36545462645279,19.08987387780489],[75.3804881654196,19.103083838562082],[75.3922373964969,19.126596121358066],[75.40443386511808,19.12353700761926],[75.40931379631829,19.128877628705123],[75.4075234160901,19.141011962289333],[75.39424845768524,19.14202467734972],[75.39127862348822,19.13706011277964],[75.38045828788454,19.134319097429596],[75.37596447657671,19.1290243242875],[75.36150537836971,19.13290379473037],[75.3587429084458,19.127249237691164],[75.35146760065533,19.126985477557568],[75.35253632504028,19.146645391641577],[75.33978767205139,19.155904074592776],[75.33024931427275,19.152607283103546],[75.33113664565225,19.132175461462385],[75.33458967884029,19.128371638473226],[75.34968942771441,19.124067005059466],[75.3515253157276,19.113636227921585],[75.36079685091765,19.108629316314527],[75.36475064784825,19.098703584657546],[75.36450733621251,19.081308764913075],[75.3565486832609,19.078022958133765],[75.33718903875942,19.080843157082594],[75.32832838530032,19.086079596767565],[75.32271010026824,19.094262442808493],[75.3068968998378,19.098613596435037],[75.30355136648066,19.095586777860788],[75.30455439666586,19.092098643925237],[75.29797545061409,19.09056517892863],[75.29496943206502,19.08494892628642],[75.2808757924842,19.084981646854477],[75.28057219787142,19.080346186273577],[75.29292084547072,19.07616862201685],[75.28318079698944,19.034435435487733],[75.29415948443938,19.035993600892088],[75.31402520111598,19.031944314113886],[75.32791454557865,19.03468054924161],[75.33900994916107,19.029354840252882],[75.34387366604108,19.02245329160299],[75.34063056491571,18.990042652789565],[75.31576530340361,18.980478799591417],[75.28834888732791,18.98176113188962],[75.2858501812603,18.986805885890178],[75.27428941601269,18.991939334242655],[75.26913085953493,18.997561107628787],[75.26469074000427,19.018004065693514],[75.25613902922271,19.025741166911633],[75.26695093713512,19.033662630466864],[75.268333085479,19.053481427181147],[75.26146763873334,19.069946053942882],[75.2332310964761,19.06147478484545],[75.22449193029307,19.0657844252055],[75.22836439440545,19.08118720185325],[75.22596628935759,19.097283854020638],[75.22369962785788,19.101504246793308],[75.21974796797453,19.100635402186647],[75.21999129420675,19.11167222442045],[75.2121213715736,19.11021739555888],[75.2111704331282,19.104433455442088],[75.20567660683034,19.10148042820288],[75.20252047268,19.103088146428938],[75.19862037129592,19.095516105867283],[75.19203205245732,19.09735985133725],[75.19174894771442,19.094138432744433],[75.18738827046364,19.09256063046136],[75.19303201039087,19.086266179005168],[75.19146532236496,19.072853562442987],[75.19509585380045,19.072281104218963],[75.1971480762854,19.066993241211843],[75.18611956163397,19.051617661099773],[75.19404151857165,19.049776876746122],[75.19863808141619,19.0415741646041],[75.20737138867031,19.03614130525705],[75.2098104847607,19.029274642829186],[75.20805996189654,19.02060846560692],[75.18290541593953,19.01166969440815],[75.16897505657245,19.0192133031261],[75.16781682565538,19.035808504896135],[75.15659371336346,19.03629888987895],[75.14676403860933,19.04206117522465],[75.14210472847236,19.040052619200832],[75.1445569394628,19.03607065461247],[75.13460009144168,19.03511690162938],[75.13070916190853,19.039306506945827],[75.11193369444875,19.04344132427922],[75.10909679999418,19.042834896759388],[75.11126350947781,19.04045973086033],[75.09994097963053,19.042386903010648],[75.09299349332221,19.04864245520597],[75.07079894180997,19.055377383253877],[75.06964519439707,19.059696440621124],[75.0748987526424,19.06858196017439],[75.08143992571263,19.06589350101136],[75.08210747307533,19.069232502249445],[75.0919702949846,19.068103003430828],[75.08336059600887,19.07134047548192],[75.08397661556667,19.074206366015254],[75.07843623778831,19.078728389788076],[75.08325540186436,19.081847254705824],[75.09735704021008,19.07793297282803],[75.09959994920364,19.104934068665123],[75.11038260039743,19.112230652009632],[75.10935584238945,19.124860628265665],[75.10385269153257,19.126855248021716],[75.10219152511421,19.123417581486123],[75.09052618670012,19.127791702463707],[75.0879559059329,19.12067371129072],[75.06898102925504,19.121351910856518],[75.07569083346947,19.118961640283743],[75.06985678555833,19.112074318929192],[75.07138284224641,19.107386821989042],[75.07534185036575,19.109570372895494],[75.0737513026998,19.101694442192212],[75.06787082068006,19.102618176124327],[75.06524684958927,19.107383848787098],[75.0654392130671,19.102873787229314],[75.06182460228248,19.104427148769012],[75.05854597883373,19.098383791402803],[75.05380021257723,19.09969664749703],[75.05245656957773,19.105671065089098],[75.03637050832702,19.100492345787227],[75.04395376745157,19.10980801040671],[75.03781668804565,19.106283098835945],[75.030029223463,19.107785382462502],[75.02437912078375,19.102725545320205],[75.02355348467266,19.114937306462778],[75.0177003006926,19.104931399265947],[75.01770610681217,19.10706603926916],[75.00627014268254,19.10548814020753],[74.99671332961938,19.11248005182138],[74.98953099175854,19.109768189814822],[74.97823587836858,19.116721855211747],[74.9800871308003,19.11196465568193],[74.97380231079964,19.110985758167708],[74.96222546786036,19.11948436008501],[74.95746462954058,19.11900138625544],[74.94246355190897,19.133239799767882],[74.93401411504296,19.11920055159225],[74.9325066236329,19.108899890147974],[74.92083384012862,19.094750866548942],[74.9144134329604,19.037506318098302],[74.91762835026583,19.035178431365072],[74.92745365177048,19.043065986494714],[74.91979113167284,19.03310828985593],[74.92158743982698,19.031076604677075],[74.93914314064952,19.034203648536042],[74.94960938842945,19.032832955383732],[74.94827779970058,19.004537302847115],[74.95802133537467,19.002597690380604],[74.95938745140356,18.9991274520474],[74.95439487032026,18.990090178728614],[74.95256171296057,18.971513743994645],[74.94460360040188,18.969521361730788],[74.93579078068291,18.97630937033613],[74.931138364797,18.97110698498038],[74.91816235249308,18.96896057360678],[74.91853018970818,18.95949155521386],[74.91359132739204,18.958895338435774],[74.9038211310329,18.964226470038895],[74.90425261447797,18.971696581950447],[74.89948096862717,18.980073776047607],[74.88377503556968,18.980472508683093],[74.87136652942455,18.985029891949324],[74.86822659960288,18.97984574870041],[74.83607739082177,18.969938725262875],[74.82480335937115,18.99048353843196],[74.81803216755604,18.982018177655025],[74.8082301419218,18.976925526869742],[74.8115320021872,18.962508151581748],[74.8158485058207,18.96034606721649],[74.82914726831255,18.96222432328488],[74.82988024190149,18.957052277330618],[74.8358036710634,18.953444124844935],[74.8338110033992,18.93916281781465],[74.82503580442634,18.932260312589086],[74.84310808360287,18.923312837875933],[74.84583096587171,18.910536884845047],[74.86476113706912,18.897611089164204],[74.87465915199138,18.91273475874393],[74.88404150715455,18.914109579312523],[74.88656812198892,18.90375852687748],[74.88369346415116,18.886228832278164],[74.88897915399332,18.88515401027863],[74.89618094569535,18.875947604108934],[74.89468898997374,18.846718358237055],[74.90821779854849,18.846358428879057],[74.91834616630663,18.853207527079213],[74.92726254329048,18.84274545619645],[74.92005663558155,18.830227689550252],[74.92739215230854,18.82602948531969],[74.94320423089235,18.827311741839562],[74.95894373911277,18.81981779889955],[74.9737090641295,18.828287142171476],[74.97568747476232,18.823256698630576],[74.97145252337177,18.813364225486193],[74.98606821635528,18.797565655214992],[74.99331030831961,18.795683595188756],[74.9975419358181,18.7978869212025],[74.99839060105289,18.80588789248065],[74.99881586169067,18.798005068940306],[75.0017694420009,18.804775578015335],[75.00905384309335,18.804455665688984],[75.0086698160834,18.793627624714848],[75.00372800398407,18.78808218943979],[75.01265703565167,18.77517196401796],[75.03964568653431,18.763648625242485],[75.04383745996927,18.751726018390293],[75.05294554967674,18.747732793741953],[75.05692834432452,18.73568072741262],[75.06743035032456,18.731338202802704],[75.07703582959918,18.714373693275295],[75.10330326723565,18.702434118523],[75.1100130921154,18.689615287961555],[75.11914413906148,18.685745556839365],[75.12045349175447,18.683055908953918],[75.1168918840147,18.679904771902795],[75.12327029450788,18.678802185419244],[75.1382145765318,18.665956803745072],[75.1417948546439,18.65342729569146],[75.15616598344751,18.64214341822308],[75.16400491735567,18.668570466007218],[75.16378109386496,18.696004568783437],[75.1749928251845,18.709013708352145],[75.17162646256224,18.736477693187076],[75.20816205862339,18.738780777601043],[75.21372633829341,18.737528540245087],[75.21380116180549,18.732992079963577],[75.22276803459269,18.728764331817185],[75.25495016427632,18.72021243432342],[75.26299975378755,18.726754525651767],[75.27694725675852,18.730022421715052],[75.29181122931152,18.765821456229748],[75.30029606031675,18.771050470146573],[75.30702838764088,18.782082814845275],[75.32746159608261,18.801248869936753],[75.34240172621642,18.782647876853428],[75.35982573299587,18.789370126535726],[75.36050731748394,18.785759790078817],[75.36531791253212,18.786812749512713],[75.36485639296909,18.781641072737127],[75.37113250708582,18.77486907096145],[75.37543719114167,18.778077805301375],[75.376596251091,18.77460828573974],[75.37273840839394,18.771154383252142],[75.37601753888575,18.768031255547267],[75.37970946644506,18.76921841256406],[75.38047940345632,18.773934083904035],[75.38642506763541,18.772437999069687],[75.39188851970015,18.820084922702424],[75.39944728628352,18.831576970823626],[75.42083058546186,18.818237924456234],[75.41981130857911,18.814149320431998],[75.43863653909193,18.798922939854215],[75.44491264238681,18.765381325364086],[75.44711874397841,18.76489887553721],[75.44656796644341,18.755958128600486],[75.45055903661144,18.751149171827386],[75.4560000982346,18.749792741012865],[75.46227607330013,18.752034851420195],[75.46216006606524,18.754561776754617],[75.46870297224969,18.751453611927804],[75.46874360214697,18.747586004203917],[75.49106450955911,18.737111560522873],[75.49130934961032,18.728826781211563],[75.50738484310706,18.72332534468741],[75.51447840292596,18.724519629489286],[75.52668788395472,18.733209290961057],[75.52496256575839,18.752639508674335],[75.55551727622424,18.73659813015718],[75.55223562719254,18.72625922620444],[75.55322006964435,18.70804194093686],[75.56229416199116,18.703321596798908],[75.57232067154045,18.7039180632633],[75.57761563862725,18.69748858018247],[75.5824583379668,18.698460252000004],[75.58128481540228,18.683868052648023],[75.56560904135489,18.68583226522403],[75.54441369538179,18.68152642923813],[75.53970262517218,18.65795619614643],[75.54710171368218,18.656223576852533],[75.54599065747534,18.644403027285183],[75.53976139627875,18.638888124233347],[75.52134762314485,18.639203536368033],[75.51841587134463,18.632727616377316],[75.50702169517052,18.623135600860078],[75.50009542728024,18.623300864492084],[75.49921002913229,18.62068934211102],[75.48964297371549,18.626984271474306],[75.4861357077788,18.6193362039572],[75.4616434006145,18.605686934318193],[75.45889034188856,18.59476754427641],[75.45238136611583,18.59695306121135],[75.45337270643965,18.593548440946016],[75.44522058803071,18.584274531207814],[75.43385488799693,18.551143552356073],[75.41483147432855,18.530589828561013],[75.41007257390335,18.53117472988051],[75.39449422193343,18.543726295010547],[75.37323047408049,18.551696693457718],[75.3656626386082,18.551140279832563],[75.34267739993919,18.56090256170254],[75.3381489624647,18.54772658705403],[75.32962173417154,18.537804614648717],[75.32972792176295,18.523644723446473],[75.3180089894505,18.52306466218592],[75.31297865526253,18.519849812840512],[75.30000474182022,18.52167664993521],[75.28063642141333,18.519323681596443],[75.27976995492585,18.515810963132303],[75.26793263109207,18.51257032511929],[75.26645658174601,18.508257606431727],[75.25890204654377,18.50829349996443],[75.24342050636136,18.52613986596188],[75.23926106180193,18.540470505147773],[75.22840739630196,18.54093884347235],[75.21349938879574,18.554071240199875],[75.20162734719213,18.5313184611523],[75.18197961671578,18.530526298629045],[75.1803523459348,18.526786558319614],[75.15825234047065,18.519875758973672],[75.1345894554713,18.526496285772282],[75.12527030078532,18.507274570746215],[75.12198703611404,18.49247290774725],[75.1047232318671,18.489592761336255],[75.0905186192851,18.451344731915622],[75.09022753529248,18.43133945957149],[75.08053995016546,18.42842602270151],[75.07944271681654,18.423414077121784],[75.05826069649001,18.41933582481671],[75.0501679559783,18.429679650413256],[75.01544428103244,18.43671426496067],[75.00538723297599,18.403339680861695],[74.97909998479219,18.399795487054018],[74.96621574171171,18.385541584310058],[74.95888296293747,18.38918121858435],[74.94972642831183,18.3882862311659],[74.92241078626456,18.378109253809146],[74.91468280348442,18.3786251083396],[74.90805217433211,18.356777624430382],[74.88530757356605,18.35699541968259],[74.86734647029171,18.352715571276985],[74.86448907382248,18.33607203941316],[74.85489980581987,18.334904377427602],[74.8553818540799,18.331936099949264],[74.8516945609933,18.329943697993546],[74.83340436332384,18.335029006571144],[74.83419429790881,18.340727667969247],[74.83040658450523,18.343934782438804],[74.81558569155492,18.34171326302318],[74.79918874654491,18.351659101205858],[74.79864306670899,18.35934667510361],[74.80958114186004,18.383699503433153],[74.79339460489874,18.401981896141926],[74.77746882422501,18.409980098396154],[74.75219362326888,18.396540742588716],[74.7383834136175,18.397298740604857],[74.73075724454067,18.401311498740917],[74.72618635821479,18.41412649374683],[74.71705558593851,18.422658896230196],[74.71608708545962,18.43209969658209],[74.72334870520933,18.44841656125996],[74.72767558060474,18.482151396127477],[74.70762170596974,18.504280695871557],[74.69838353594989,18.506033826597022],[74.68201950704224,18.496583693547677],[74.65977445240577,18.490096536999285],[74.65604156007079,18.473322690869466],[74.66294472166918,18.468409027123457],[74.67224439711752,18.468767237074736],[74.67469476948978,18.462776080775306],[74.67176199797144,18.459066612705875],[74.6591921074275,18.457328702727352],[74.64702621642321,18.45016854262446],[74.63152128555316,18.453843802703812],[74.61371738277167,18.468134507200023],[74.58113988944284,18.47252023101063],[74.57034907095338,18.484955440354916],[74.55557298068379,18.4952261643289],[74.54726556058534,18.507674557709915],[74.55146728852522,18.514284134881077],[74.56583812736446,18.524718634366234],[74.57065125707527,18.53928237132261],[74.56903077905653,18.544540587135117],[74.57485108781896,18.54358356601053],[74.57759324323422,18.547416114596725],[74.56581052021315,18.55615632045084],[74.55301619032568,18.574728630647286],[74.54086281570856,18.582260044696202],[74.54313281949847,18.59952811306946],[74.5523682266721,18.608990539251025],[74.53718979493621,18.61821518079633],[74.50910191294001,18.613421990708666],[74.50471777197491,18.624060513865462],[74.48156630339946,18.630743981468104],[74.47136445578826,18.641731206067615],[74.4726576035832,18.64900221564322],[74.48640640214823,18.647190623330697],[74.48977798052914,18.655971767050257],[74.501034166275,18.659152642640784],[74.50962393772666,18.668795057841507],[74.50359358984207,18.677763264103877],[74.49442935841563,18.679725168726595],[74.48676231246344,18.67710984756205],[74.47597793488,18.68687039576125],[74.47393326628655,18.69601312664071],[74.48149255760623,18.70359378248265],[74.47590383165073,18.722495877113587],[74.47033918986217,18.72678179821798],[74.44881210857025,18.720396176189187],[74.44008858723453,18.722172258633158],[74.43792852186242,18.72954231300615],[74.43102193697644,18.73350403160612],[74.43685140021371,18.735112643318725],[74.43687448520309,18.738032459061195],[74.42514404646833,18.746645343620585],[74.4095619006829,18.741370869066646],[74.39802396220753,18.742154818261987],[74.39362962259071,18.76753593423387],[74.40046979057914,18.775689039287425],[74.38824496018333,18.78482268589907],[74.38438726332362,18.8049483073922],[74.39864633372551,18.821786652477],[74.39728822782791,18.828348487459337],[74.38915852255899,18.832939363440524],[74.37787686202756,18.832068952480387],[74.34709128600848,18.84565060478527],[74.33954672124942,18.836805587931142],[74.32789925090093,18.83696052366959],[74.30849810697251,18.852962773981563],[74.30560954206044,18.86356528867719],[74.30814797735634,18.868122021819037],[74.30187635585942,18.87310186243107],[74.30168889145703,18.879971030475268],[74.29442141253757,18.890824557475725],[74.29475851340142,18.903511966965652],[74.28395589623702,18.906976635568725],[74.28079917758907,18.914547972592093],[74.27085329837313,18.918685525204268],[74.26042030906113,18.93778819106321],[74.25334463746353,18.943370472481458],[74.24914877783239,18.954873105336624],[74.23607572503191,18.953104925971513],[74.23907669076551,18.957509606820903],[74.23549675826342,18.961502472061298],[74.23687063338497,18.968787075938266],[74.22223972543077,18.970551442882716],[74.22083154046605,18.977791605949985],[74.22567230195968,18.985647883476112],[74.22164533789889,18.995187264313106],[74.21082104116233,18.99475406496748],[74.21465059954298,19.001806777449563],[74.21273085848325,19.008770521560496],[74.20018943097944,19.005417746820264],[74.19872105530959,19.014857686281523],[74.18963157296395,19.01570501236484],[74.18805418266385,19.023926789064667],[74.17839799041329,19.026767323264494],[74.17394094646045,19.03142677489346],[74.17645521664994,19.03435831841677],[74.17219203591833,19.041034686218186],[74.18777947059361,19.059645505815972],[74.19114329528135,19.059821085419728],[74.1912528886932,19.078720538839114],[74.20216386884461,19.088973848423336],[74.19682324583357,19.100741323071837],[74.2115944899061,19.128781797394264],[74.2256189058919,19.129554905645513],[74.22820134710004,19.122069579438346],[74.23466607312433,19.122741302102117],[74.24395622762495,19.144491510235245],[74.25634162421576,19.152060416749883],[74.25794205667927,19.158763109568465],[74.26684118356077,19.163095183154343],[74.26368220158517,19.16979561299064],[74.26714727764022,19.17653950180747],[74.26438792548649,19.179417760811642],[74.27361404034946,19.18576277957885],[74.29986380259854,19.1890259522761],[74.3086274924666,19.19845161793839],[74.30979613389876,19.204620358168075],[74.31616295458907,19.207837058841914],[74.29283644497318,19.21769620662257],[74.27368833480273,19.219439949798087],[74.26034872585389,19.226463193857246],[74.26158472405584,19.224065117490216],[74.25649733504464,19.21986498382804],[74.2468542610597,19.219285939560034],[74.24369168062975,19.214032628595593],[74.23299554686356,19.210638229387754],[74.23045802306174,19.20527371445838],[74.21986144544594,19.202865195430437],[74.18873646585314,19.209537708600998],[74.17855286524147,19.21984637726693],[74.16847451241327,19.224150410370047],[74.163725169069,19.21508211464796],[74.16520754374376,19.208065908765395],[74.15712014012423,19.204229319984762],[74.15323560385924,19.21971478571526],[74.15519736600194,19.22034800161472],[74.15129641174732,19.225729605997337],[74.12598671205045,19.222388036751312],[74.11547387591898,19.229927579407796],[74.11384035163964,19.22609080445698],[74.0837222262232,19.239069095639465],[74.08515102679162,19.23286523641716],[74.09309132635563,19.227958929320945],[74.08925779263733,19.22820876988383],[74.07722411962504,19.235901229192564],[74.07151487777227,19.23544958148409],[74.06027217390088,19.245862552258423],[74.05403631858286,19.241578564593638],[74.04963910328397,19.24355330081213],[74.04494799051481,19.261923067188945],[74.03090705311038,19.249664024167654],[74.03281791365094,19.258178596930797],[74.02305572997695,19.266717410439696],[74.02981988254028,19.28290760588286],[74.02347905191714,19.288651846319578],[74.01960829535962,19.283767488685058],[74.01593045583931,19.293946323892676],[74.01157927189168,19.295248195082856],[74.01212058911574,19.29953143866457],[74.01877574250956,19.295595314421032],[74.02239887127186,19.300236154900354],[74.02509468634494,19.298926442773602],[74.01967020562606,19.30971187400477],[74.02418755467146,19.309474019345803],[74.02487170901533,19.3142530168264],[74.0177062026132,19.315233175975397],[74.01930957748883,19.321469008351986],[74.01212639814665,19.329095836437297],[74.01152566833393,19.3353019769527],[74.00173393463477,19.3414038225717],[73.99941876966665,19.359437142456947],[73.99503822857343,19.35243153939654],[73.97235444662793,19.34897859892587],[73.96906948253941,19.35403856730519],[73.96597744171768,19.35034277757352],[73.95353069855595,19.347527358411348],[73.95509152413744,19.341734711689952],[73.94991153104777,19.340009155259796],[73.94683345483296,19.342688732431654],[73.94503237623591,19.339700347074494],[73.94351328663686,19.344537363433936],[73.93821193973488,19.342995613684376],[73.93765759122277,19.338999298103268],[73.93320392211513,19.34123505561532],[73.92686729947461,19.33871260474558],[73.91302153597783,19.362235317062243],[73.9037966901662,19.36219806247213],[73.89112043329312,19.37220972359073],[73.8847135855602,19.373283663286365],[73.8756718369826,19.360213495320902],[73.86644944294133,19.355170085821165],[73.85347731675861,19.355551612164216],[73.84076449161901,19.366314054233822],[73.84298177543201,19.371098655008552],[73.83772362981315,19.376037734573167],[73.82115212449278,19.386748920728248],[73.81247358410079,19.38791483567677],[73.80752284067964,19.393098822764944],[73.8009236843025,19.39512433279342],[73.77144056425003,19.38647524912185],[73.76994817520298,19.392012277492956],[73.75305522679022,19.397048778812906],[73.75140565687899,19.407252356218574],[73.73592104545972,19.407542719026498],[73.72898499194147,19.422002360718988],[73.73071695765815,19.430231265658282],[73.71069785726043,19.431692135684763],[73.70787989401828,19.427679085592818],[73.7031950350325,19.434551846255673],[73.69314042016524,19.433565822924415],[73.68460197152697,19.444802280984504],[73.68478478017211,19.46615454387571],[73.69482806074664,19.46979366181041],[73.69584750566825,19.47871024957862],[73.70597606571232,19.478989746702467],[73.70793674830196,19.484441377432784],[73.71351147879416,19.484426565981273],[73.70798859265739,19.49605415055544],[73.68628628898809,19.50014619693978],[73.6897932472251,19.506475625296684],[73.68613726930977,19.514445065469456],[73.67962101320789,19.518757386748913],[73.6751834286084,19.509491895437417],[73.66987732744558,19.513367769159455],[73.66456673909867,19.51211551846783],[73.65692716630898,19.536836738223702],[73.63913203415726,19.53914845019456],[73.63291932514569,19.532707688360045],[73.63191184663522,19.541654695434648],[73.62260878398267,19.542078974256],[73.62190500791822,19.548529880093746],[73.62755571302282,19.55619441355625],[73.62772275553596,19.571669483240694],[73.61770262624496,19.581334487296253],[73.61437545267701,19.57674048383126],[73.61560598178272,19.584528729102182],[73.63056655278255,19.594604129273126],[73.6417619444672,19.58955524346146],[73.66474569958747,19.58658977897732],[73.66912625452542,19.589985136951586],[73.66938977303427,19.586081860576957],[73.68631571601024,19.592652867392864],[73.69640658748175,19.591488769643366],[73.70509760964704,19.59606140065862],[73.71255811012072,19.616555334323436],[73.72480921386982,19.62139689447794],[73.72950371588959,19.617635360397138],[73.73699484581374,19.61805710932041],[73.74407653174725,19.623709354262175],[73.74955836490798,19.622006961343907],[73.75166732462587,19.625580855684376],[73.7636971597216,19.628300788371707],[73.76637880394999,19.631883085543997],[73.77570403314675,19.62849649977381],[73.77784422966066,19.63526881644334],[73.77575469030586,19.64062962082092],[73.79237670959128,19.641168978690732],[73.77761900335149,19.652199400262226],[73.78151713763357,19.65977412015526],[73.79028863528663,19.662958520788898],[73.78945252022892,19.66886791305058],[73.79416542178683,19.675544611095873],[73.80576641326047,19.676962760319668],[73.79404451630953,19.688239404849476],[73.80494605165586,19.689481877900807],[73.809695790558,19.682090781056704],[73.81053940868613,19.687576558219373],[73.81494926903662,19.689737086620614],[73.81356142418261,19.700711809945066],[73.81941934870568,19.713977820496403],[73.83876891076267,19.722118311664385],[73.84036521989523,19.731955091961694],[73.8367567298726,19.740456810075333],[73.84930847605536,19.74551189170403],[73.85791493684395,19.743113061739997],[73.85486531502754,19.746981722194977],[73.86470279204133,19.748606397994234],[73.86798738006514,19.741322760975866],[73.88052115920414,19.73851848091399],[73.88055841786425,19.74105097573625],[73.88427624547867,19.740634151305507],[73.88845080489332,19.751956868617924],[73.89072004071919,19.74726616527303],[73.89848176935976,19.747253016460192],[73.89822422579117,19.725918452869358],[73.89515277737817,19.71608874309165],[73.90470770421774,19.703679873602155],[73.9111745971542,19.701541742688914],[73.91221775577262,19.694243453618718],[73.90706320299405,19.69731565198548],[73.90396182008455,19.694125853256843],[73.90853618374103,19.682704911427845],[73.92551487012102,19.67219221519236],[73.92716033641254,19.675225651983173],[73.93150144890815,19.670406491077962],[73.94942503518762,19.672695376582222],[73.95687366781941,19.668695259571482],[73.96126453334573,19.67427632324683],[73.96933557247272,19.67083120442084],[73.9716829193779,19.67469053474411],[73.9784297428441,19.675728276013995],[73.98471101176197,19.66981786549543],[74.0033421509358,19.667821785590093],[74.00840703556078,19.672410155042343],[74.01178230048656,19.669926602750287],[74.02105295611227,19.673839684478992],[74.03466801295392,19.66584377843212],[74.04329976057072,19.667024424883582],[74.05196095694775,19.662308881138784],[74.07093888157779,19.660817279373763],[74.07641904478098,19.657899083768545],[74.0784949402895,19.65192447983522],[74.09601789759924,19.64101766212477],[74.1013236917588,19.648371815332847],[74.10975280824543,19.644325080693676],[74.1159934828816,19.646466279185777],[74.11972428216069,19.6426074624318],[74.1344580796908,19.667491230945597],[74.14482846334153,19.67352919577554],[74.13672340630998,19.683969396365118],[74.13567747240214,19.69314801870711],[74.13864567418021,19.695181213731747],[74.14460936381823,19.69225063404126],[74.15092785786074,19.68509473884447],[74.15819581984164,19.70406594908665],[74.15624750491143,19.70762768854588],[74.16429619999944,19.71824017059977],[74.16638749313692,19.729913792321355],[74.18353653619265,19.732332790441376],[74.1886555883011,19.739235033282505],[74.22033100284618,19.737575827749886],[74.22362037731499,19.742080153970804],[74.24651916240629,19.744439906701526],[74.24737327893983,19.751793819984357],[74.26940011798999,19.76066724042842],[74.27468557711678,19.77733047310198],[74.28721596330921,19.77640483816204],[74.31684878799685,19.765140430780203],[74.32560055155923,19.77285728279788],[74.32257085031594,19.780011693575656],[74.32683022000255,19.795698304440965],[74.3439379174695,19.798740412847568],[74.35287264500855,19.79520907217231],[74.36769539967133,19.805616966437245],[74.37424699039258,19.802160474195063],[74.36713736674794,19.81096240955662],[74.36901521156638,19.83472152696471],[74.3628971723613,19.834194701750416],[74.3631459414255,19.871437404867493],[74.33734499098951,19.87246015872738],[74.33532583589214,19.886615569986756],[74.29039242957387,19.898395627152304],[74.290139615294,19.903761473098342],[74.27455623699841,19.906436255390435],[74.27613524838071,19.91856496378414],[74.27274132644055,19.93272023743422],[74.24771239517685,19.93549339704308],[74.24783848914053,19.962978131995765],[74.27274128389068,19.962252120418846],[74.28108496130135,19.957269214126157],[74.28537498368752,19.986190952749023],[74.29167574065089,19.982705446358626],[74.30308178119698,19.96667224914137],[74.30844829316146,19.968285976413004],[74.31162236996771,19.976613133340106],[74.31611090572763,19.97869016991564],[74.31607893561937,19.985476233428468],[74.34727231572606,19.984548064408433],[74.34952893852847,19.967470689003434],[74.36277192959326,19.96510865501366],[74.36471825048503,19.974781292766068],[74.37696508747447,19.97197579104792],[74.3824232593228,19.98135535714523],[74.4331514208007,19.973281253720813],[74.4453881222077,19.97469339369823],[74.45197112774943,19.979490027895395],[74.45768338545635,19.994982974673217],[74.46807032466523,19.994985243346267],[74.468666757422,19.994932113461367]]]}},{"type":"Feature","properties":{"OBJECTID":536,"STATE_UT":"MAHARASHTRA","STATE_LGD":"27","DISTRICT":"BEED","DIST_LGD":"523","REMARKS":null,"Shape_Leng":926135.184979,"Shape_Area":10272629996.4,"sourceDistrict":"BEED","district":"Beed","labelPoint":[75.83842407867634,18.946484607308626]},"geometry":{"type":"Polygon","coordinates":[[[75.51627811115806,19.418276644004848],[75.51613908942275,19.40796860092556],[75.51949846267945,19.402389226028507],[75.53636158475884,19.396943220109982],[75.5476876667127,19.388094249438865],[75.58670611832571,19.37762474306089],[75.59521899351755,19.38574448997771],[75.59932218012956,19.38575006410323],[75.62572614782825,19.37337316195478],[75.64010832883665,19.38144790706805],[75.65076060318216,19.36857085398281],[75.67244342155348,19.367602085239756],[75.67531554433728,19.365363671119187],[75.67551539889148,19.35826406008752],[75.68447083269729,19.355117754341183],[75.69984570757777,19.35901974833104],[75.7142443868852,19.354219931082813],[75.74118651921059,19.358542645419533],[75.75093231556112,19.356083191822215],[75.76140005598859,19.375797620887656],[75.75619806590011,19.384582378720953],[75.75780854252211,19.389331632860653],[75.78896751500285,19.400178128081606],[75.83529092404368,19.3718176349023],[75.84988406579635,19.373068316549233],[75.87314427003798,19.383292034232596],[75.87992852457344,19.38376225130792],[75.8901335432293,19.378716464403148],[75.90375018057034,19.390595099362628],[75.91203246429457,19.392168533411702],[75.92502757897685,19.382700400280775],[75.905222252307,19.346984576950877],[75.90343350500643,19.337900767141452],[75.90649453069133,19.318331184391308],[75.91822472209202,19.303436997890234],[75.93515784502324,19.293379628391158],[75.94285299424408,19.291893750466304],[75.96042070925868,19.30172754386254],[75.97683509628082,19.305262347983025],[76.00342317260417,19.32686576726962],[76.01002166186794,19.335754895437283],[76.02020091603542,19.337643469208555],[76.02369257862259,19.333252659537138],[76.02093319890099,19.3294579246357],[76.02514515731934,19.31462752330415],[76.02512445463346,19.29943937989244],[76.03226218184287,19.288138904055543],[76.03966819780142,19.2836398201013],[76.05623140871646,19.284994696032204],[76.07107211458907,19.278954601718908],[76.0879341304783,19.28093527290642],[76.0963402961464,19.304259573042565],[76.10270086016189,19.308067378984475],[76.10892137687114,19.306062629283478],[76.11346560789718,19.296194881027027],[76.12567604309939,19.303347066124367],[76.1336111738652,19.29318305180732],[76.1395026776816,19.291167731759508],[76.15174241513735,19.295791033427673],[76.16036168355971,19.295391015591488],[76.16267782610313,19.28342651837616],[76.17118699577372,19.283567149696232],[76.17962697893768,19.288404992328374],[76.19530655326291,19.28590352170559],[76.21007458768793,19.274281062448082],[76.21352334541275,19.26121597308098],[76.22538513912286,19.25748068080877],[76.22194759732886,19.24658669055185],[76.22465229544108,19.243075994941023],[76.24052599091705,19.24545051958972],[76.25012209182906,19.241191265755713],[76.25510385694783,19.243166302367598],[76.25946025058353,19.253711272645013],[76.28456416713658,19.2658994067982],[76.29767953419464,19.2627540227795],[76.30857316003467,19.264289741859656],[76.3209428154879,19.254223917060838],[76.33155348318583,19.250281892546862],[76.3399461184541,19.25183933157956],[76.35707290792617,19.242295219106772],[76.36372461458896,19.233911609005034],[76.36343719447649,19.21571666725963],[76.35974141398133,19.20440646390976],[76.35070274570235,19.193830940446006],[76.35758690207554,19.182589212800977],[76.35425008716126,19.167200009353145],[76.36062742768038,19.155986299568553],[76.35252820013456,19.144919982582895],[76.3328530415558,19.136450079708226],[76.32892007440476,19.12169195718381],[76.31897803728242,19.115592611462954],[76.3220418993832,19.10731544185505],[76.33596471328026,19.09919120119071],[76.34848394525515,19.099790877600903],[76.35883140109192,19.108298704612597],[76.36919609941384,19.127593452714954],[76.3786985654998,19.13080444204801],[76.38883631354757,19.125184020937766],[76.39256498991752,19.113525889420693],[76.41159587190995,19.09133679185374],[76.41992991459496,19.091503708609274],[76.42670803156483,19.098536128990634],[76.43521097266427,19.093048265939508],[76.43740349300086,19.087712773642124],[76.43294938811556,19.072857334824928],[76.45169491503245,19.050864796858693],[76.43821472841553,19.048758581935516],[76.43830495796085,19.042369551015643],[76.44915507985512,19.034722789203826],[76.44831308293854,19.024494247795538],[76.45337835685675,19.024608152030034],[76.45602929825866,19.008321362987967],[76.4599495446984,19.009852699885233],[76.45969177032278,19.007332850425016],[76.47975170110155,19.001171774876184],[76.4776614776304,18.988482710598795],[76.47137358678877,18.988045865584287],[76.46865504276532,18.98331493690033],[76.46936422516342,18.97646871145836],[76.4773595512245,18.975296962926556],[76.47295754220313,18.963436316252082],[76.47799250467516,18.95333763245987],[76.50259931235885,18.949380408602114],[76.5102006202136,18.924437778822394],[76.51288148929218,18.92009148967733],[76.52052565587454,18.91821875220545],[76.53563125563764,18.91790149025299],[76.53258681722612,18.923957261599444],[76.53685646325833,18.949028713742365],[76.56355247532653,18.94879892818698],[76.58321887680118,18.942778654870775],[76.58542474657487,18.93372144264881],[76.58239436721192,18.930885951241063],[76.58460577004281,18.90413198712964],[76.58183422526537,18.87248389731252],[76.58647287630298,18.86810329511661],[76.62071703807332,18.86793021172378],[76.62032995607156,18.856401498018585],[76.62845385234966,18.846791294877423],[76.6421769640306,18.847958699874216],[76.63818863767258,18.83901628299965],[76.63909486829424,18.83395783544591],[76.64247746624956,18.832928101139363],[76.64286778176924,18.821909166209927],[76.66380543753566,18.820434004913395],[76.67119925535884,18.81350706199392],[76.66883596488077,18.8039685180214],[76.67444937607031,18.793664588227188],[76.67258977418946,18.78952826027034],[76.68177786419187,18.779282036943137],[76.67031594827698,18.763253333420757],[76.67436849340969,18.756344077131033],[76.68019477042783,18.75206846086941],[76.68303430372862,18.759323619128146],[76.6979316645457,18.75948920891956],[76.69777787152773,18.75622613412888],[76.72331440550238,18.75045794781241],[76.72466153313806,18.736544802230256],[76.73256470027731,18.722084413859793],[76.73378176699957,18.70009619061314],[76.72711563831325,18.695433792458406],[76.713279453662,18.699990585466015],[76.69774227788014,18.691468241428094],[76.68208487126091,18.69199310371482],[76.67380175962904,18.674037685463404],[76.66161297236347,18.657830841974047],[76.66188366559633,18.65545528653681],[76.68131421267813,18.650030913170838],[76.67870748473419,18.634478798227747],[76.65725266241829,18.633392730604516],[76.65383925432604,18.63593654708989],[76.6532288636176,18.642521443425828],[76.63629440121893,18.648365324398277],[76.64081527654176,18.66634109072417],[76.63565905028675,18.6678010965705],[76.635012584776,18.674350641409138],[76.6273042769175,18.675678783414313],[76.5948802020101,18.672511294406405],[76.59302367765451,18.652740747417607],[76.58688077069405,18.650032714185638],[76.58215075030775,18.62480245543785],[76.57834886145332,18.61947988471626],[76.55920140961793,18.629415428247416],[76.5611824647133,18.638685175141063],[76.55585926634609,18.64044245181889],[76.5534578005883,18.63657206669863],[76.55025421435299,18.63846895463375],[76.5487090574235,18.63494551669047],[76.54588355083203,18.636064950241977],[76.54731005124444,18.63986131038506],[76.54166926792257,18.645204372872406],[76.54102762120567,18.65103982111127],[76.52981710452903,18.648921391709017],[76.52480850295917,18.62405168791016],[76.52122649967473,18.624900542703283],[76.49962410989386,18.604032239429145],[76.47830894244306,18.615484268493983],[76.47159311667048,18.634052209875748],[76.4654697372185,18.63509848776986],[76.45479337427255,18.621554033234506],[76.42913141485744,18.616981401610126],[76.4291709322363,18.612822706720486],[76.42014891642872,18.60822452982236],[76.41153987125355,18.60820978584395],[76.41085075542551,18.601111054079002],[76.40368945023172,18.601853567274535],[76.40298891087359,18.59659334556541],[76.39202585318142,18.596066130894524],[76.38497482314486,18.564312611437725],[76.38731325784283,18.551009544353114],[76.39328115778142,18.550168466789128],[76.39065185971913,18.542266971149008],[76.36785546737835,18.544496400425455],[76.36018250273183,18.559128700761185],[76.349215292372,18.565366263424874],[76.33933027913011,18.560568499875437],[76.33048174321408,18.563376565251875],[76.32313513762695,18.570286004637225],[76.3123672182957,18.56559487544074],[76.3016206441451,18.568173169691033],[76.29086998130421,18.576293173798955],[76.27849599325555,18.574172254977064],[76.27350691909363,18.557975036230843],[76.25439921172675,18.563813307110127],[76.25467123128011,18.57540193064588],[76.24180526389227,18.572146080964075],[76.23328041733953,18.575147428592043],[76.21969358211774,18.574560804748963],[76.20159114209693,18.576819118951914],[76.20121852389512,18.581589839000745],[76.17741345185854,18.58450166957723],[76.16845797120833,18.584647705903063],[76.1661961691952,18.573525566748366],[76.17048134231202,18.561001176897125],[76.16033953478764,18.5549511688944],[76.15695873422216,18.560140611903133],[76.1559607046495,18.578097364351695],[76.13476421475156,18.587659300146164],[76.11892981122377,18.583922621259884],[76.10168283283625,18.587939446538027],[76.07922659437757,18.576290607610012],[76.05737165569508,18.573900950697325],[76.04827080756459,18.577082026420427],[76.04353307702894,18.590574512684988],[76.03584038924646,18.592347347867577],[76.03243642808022,18.600265810395236],[76.01224787920648,18.607768457333385],[76.00734133292984,18.6066975608444],[76.00488218868314,18.601000924873112],[76.00786115322376,18.58549534761797],[75.99374185169768,18.583231072889273],[75.98257240491732,18.590834054418657],[75.98934139065405,18.60289629059236],[75.9966392371035,18.606954679901783],[75.99578878498727,18.613785492612088],[75.99095003212935,18.618933548752644],[75.95691433471815,18.60466360383181],[75.94808640514839,18.605059451980704],[75.943708470279,18.60969102942121],[75.94286453277705,18.62038237557568],[75.94633241873794,18.625100762454846],[75.94467943195772,18.634759511332344],[75.93895412688444,18.640732269402083],[75.92079644040255,18.643074065820603],[75.90643692402406,18.649206098101995],[75.8730278754628,18.648250355412735],[75.87166656600711,18.653819554414735],[75.8556407398234,18.64938306329425],[75.8574825023359,18.6597377276192],[75.84789915489428,18.655357957104215],[75.82947333412991,18.66391999749474],[75.82278079812372,18.6626121321218],[75.82074089657944,18.668517670633413],[75.80791124988681,18.668689593033776],[75.80236631179932,18.672758169053033],[75.7978124510529,18.672896376329245],[75.79340278444793,18.65423368546712],[75.78807707611318,18.65567620921887],[75.77863133453207,18.665256614875076],[75.77971494211049,18.670908292296538],[75.77689576992739,18.672966458358406],[75.77325644999975,18.67358788132676],[75.77141715485169,18.669154562382648],[75.76612095370017,18.671010066461438],[75.75603041274897,18.680559123925775],[75.75304434444374,18.678663114982665],[75.74318180204256,18.68226202995782],[75.74261406619064,18.679767775014692],[75.73159505831137,18.679885258731165],[75.72979843858525,18.67406830378782],[75.70675867574538,18.68334550735262],[75.70171943681467,18.689052168370523],[75.66970601692059,18.691258220737907],[75.66429007833501,18.675052005631755],[75.66657353043487,18.651438570456282],[75.66065489600487,18.645558309128685],[75.64546419526324,18.648321551740807],[75.61489875339015,18.664770403564113],[75.60380957768805,18.688808035496876],[75.58652090613845,18.6979673419053],[75.57761563862725,18.69748858018247],[75.57232067154045,18.7039180632633],[75.56229416199116,18.703321596798908],[75.55322006964435,18.70804194093686],[75.55223562719254,18.72625922620444],[75.55551727622424,18.73659813015718],[75.54160473386398,18.74511953518086],[75.52496256575839,18.752639508674335],[75.52668788395472,18.733209290961057],[75.51447840292596,18.724519629489286],[75.50738484310706,18.72332534468741],[75.49130934961032,18.728826781211563],[75.49106450955911,18.737111560522873],[75.46874360214697,18.747586004203917],[75.46870297224969,18.751453611927804],[75.46216006606524,18.754561776754617],[75.46227607330013,18.752034851420195],[75.4560000982346,18.749792741012865],[75.45055903661144,18.751149171827386],[75.44656796644341,18.755958128600486],[75.44711874397841,18.76489887553721],[75.44491264238681,18.765381325364086],[75.43863653909193,18.798922939854215],[75.41981130857911,18.814149320431998],[75.42083058546186,18.818237924456234],[75.39944728628352,18.831576970823626],[75.39188851970015,18.820084922702424],[75.38642506763541,18.772437999069687],[75.38047940345632,18.773934083904035],[75.37970946644506,18.76921841256406],[75.37601753888575,18.768031255547267],[75.37273840839394,18.771154383252142],[75.376596251091,18.77460828573974],[75.37543719114167,18.778077805301375],[75.37113250708582,18.77486907096145],[75.36485639296909,18.781641072737127],[75.36531791253212,18.786812749512713],[75.36050731748394,18.785759790078817],[75.35982573299587,18.789370126535726],[75.34240172621642,18.782647876853428],[75.32746159608261,18.801248869936753],[75.30702838764088,18.782082814845275],[75.30029606031675,18.771050470146573],[75.29181122931152,18.765821456229748],[75.27694725675852,18.730022421715052],[75.26299975378755,18.726754525651767],[75.25495016427632,18.72021243432342],[75.22276803459269,18.728764331817185],[75.21380116180549,18.732992079963577],[75.21372633829341,18.737528540245087],[75.20816205862339,18.738780777601043],[75.17162646256224,18.736477693187076],[75.1749928251845,18.709013708352145],[75.16378109386496,18.696004568783437],[75.16400491735567,18.668570466007218],[75.15616598344751,18.64214341822308],[75.1417948546439,18.65342729569146],[75.1382145765318,18.665956803745072],[75.12327029450788,18.678802185419244],[75.1168918840147,18.679904771902795],[75.12045349175447,18.683055908953918],[75.11914413906148,18.685745556839365],[75.1100130921154,18.689615287961555],[75.10330326723565,18.702434118523],[75.07703582959918,18.714373693275295],[75.06743035032456,18.731338202802704],[75.05692834432452,18.73568072741262],[75.05294554967674,18.747732793741953],[75.04383745996927,18.751726018390293],[75.03964568653431,18.763648625242485],[75.01265703565167,18.77517196401796],[75.00372800398407,18.78808218943979],[75.0086698160834,18.793627624714848],[75.00905384309335,18.804455665688984],[75.0017694420009,18.804775578015335],[74.99881586169067,18.798005068940306],[74.99839060105289,18.80588789248065],[74.9975419358181,18.7978869212025],[74.99331030831961,18.795683595188756],[74.98606821635528,18.797565655214992],[74.97145252337177,18.813364225486193],[74.97568747476232,18.823256698630576],[74.9737090641295,18.828287142171476],[74.95894373911277,18.81981779889955],[74.94320423089235,18.827311741839562],[74.92739215230854,18.82602948531969],[74.92005663558155,18.830227689550252],[74.92726254329048,18.84274545619645],[74.91834616630663,18.853207527079213],[74.90821779854849,18.846358428879057],[74.89468898997374,18.846718358237055],[74.89618094569535,18.875947604108934],[74.88897915399332,18.88515401027863],[74.88369346415116,18.886228832278164],[74.88656812198892,18.90375852687748],[74.88404150715455,18.914109579312523],[74.87465915199138,18.91273475874393],[74.86476113706912,18.897611089164204],[74.84583096587171,18.910536884845047],[74.84310808360287,18.923312837875933],[74.82503580442634,18.932260312589086],[74.8338110033992,18.93916281781465],[74.8358036710634,18.953444124844935],[74.82988024190149,18.957052277330618],[74.82914726831255,18.96222432328488],[74.8158485058207,18.96034606721649],[74.8115320021872,18.962508151581748],[74.8082301419218,18.976925526869742],[74.81803216755604,18.982018177655025],[74.82480335937115,18.99048353843196],[74.83607739082177,18.969938725262875],[74.86822659960288,18.97984574870041],[74.87136652942455,18.985029891949324],[74.88377503556968,18.980472508683093],[74.89948096862717,18.980073776047607],[74.90425261447797,18.971696581950447],[74.9038211310329,18.964226470038895],[74.91359132739204,18.958895338435774],[74.91853018970818,18.95949155521386],[74.91816235249308,18.96896057360678],[74.931138364797,18.97110698498038],[74.93579078068291,18.97630937033613],[74.94460360040188,18.969521361730788],[74.95256171296057,18.971513743994645],[74.95439487032026,18.990090178728614],[74.95938745140356,18.9991274520474],[74.95802133537467,19.002597690380604],[74.94827779970058,19.004537302847115],[74.94960938842945,19.032832955383732],[74.93914314064952,19.034203648536042],[74.92158743982698,19.031076604677075],[74.91979113167284,19.03310828985593],[74.92745365177048,19.043065986494714],[74.91762835026583,19.035178431365072],[74.9144134329604,19.037506318098302],[74.92083384012862,19.094750866548942],[74.9325066236329,19.108899890147974],[74.93401411504296,19.11920055159225],[74.94246355190897,19.133239799767882],[74.95746462954058,19.11900138625544],[74.96222546786036,19.11948436008501],[74.97380231079964,19.110985758167708],[74.9800871308003,19.11196465568193],[74.97823587836858,19.116721855211747],[74.98953099175854,19.109768189814822],[74.99671332961938,19.11248005182138],[75.00627014268254,19.10548814020753],[75.01770610681217,19.10706603926916],[75.0177003006926,19.104931399265947],[75.02355348467266,19.114937306462778],[75.02437912078375,19.102725545320205],[75.030029223463,19.107785382462502],[75.03781668804565,19.106283098835945],[75.04395376745157,19.10980801040671],[75.03637050832702,19.100492345787227],[75.05245656957773,19.105671065089098],[75.05380021257723,19.09969664749703],[75.05854597883373,19.098383791402803],[75.06182460228248,19.104427148769012],[75.0654392130671,19.102873787229314],[75.06524684958927,19.107383848787098],[75.06787082068006,19.102618176124327],[75.0737513026998,19.101694442192212],[75.07534185036575,19.109570372895494],[75.07138284224641,19.107386821989042],[75.06985678555833,19.112074318929192],[75.07569083346947,19.118961640283743],[75.06898102925504,19.121351910856518],[75.0879559059329,19.12067371129072],[75.09052618670012,19.127791702463707],[75.10219152511421,19.123417581486123],[75.10385269153257,19.126855248021716],[75.10935584238945,19.124860628265665],[75.11038260039743,19.112230652009632],[75.09959994920364,19.104934068665123],[75.09735704021008,19.07793297282803],[75.08325540186436,19.081847254705824],[75.07843623778831,19.078728389788076],[75.08397661556667,19.074206366015254],[75.08336059600887,19.07134047548192],[75.0919702949846,19.068103003430828],[75.08210747307533,19.069232502249445],[75.08143992571263,19.06589350101136],[75.0748987526424,19.06858196017439],[75.06964519439707,19.059696440621124],[75.07079894180997,19.055377383253877],[75.09299349332221,19.04864245520597],[75.09994097963053,19.042386903010648],[75.11126350947781,19.04045973086033],[75.10909679999418,19.042834896759388],[75.11193369444875,19.04344132427922],[75.13070916190853,19.039306506945827],[75.13460009144168,19.03511690162938],[75.1445569394628,19.03607065461247],[75.14210472847236,19.040052619200832],[75.14676403860933,19.04206117522465],[75.15659371336346,19.03629888987895],[75.16781682565538,19.035808504896135],[75.16897505657245,19.0192133031261],[75.18290541593953,19.01166969440815],[75.20805996189654,19.02060846560692],[75.2098104847607,19.029274642829186],[75.20737138867031,19.03614130525705],[75.19863808141619,19.0415741646041],[75.19404151857165,19.049776876746122],[75.18611956163397,19.051617661099773],[75.1971480762854,19.066993241211843],[75.19509585380045,19.072281104218963],[75.19146532236496,19.072853562442987],[75.19303201039087,19.086266179005168],[75.18738827046364,19.09256063046136],[75.19174894771442,19.094138432744433],[75.19203205245732,19.09735985133725],[75.19862037129592,19.095516105867283],[75.20252047268,19.103088146428938],[75.20567660683034,19.10148042820288],[75.2111704331282,19.104433455442088],[75.2121213715736,19.11021739555888],[75.21999129420675,19.11167222442045],[75.21974796797453,19.100635402186647],[75.22369962785788,19.101504246793308],[75.22596628935759,19.097283854020638],[75.22836439440545,19.08118720185325],[75.22449193029307,19.0657844252055],[75.2332310964761,19.06147478484545],[75.26146763873334,19.069946053942882],[75.268333085479,19.053481427181147],[75.26695093713512,19.033662630466864],[75.25613902922271,19.025741166911633],[75.26469074000427,19.018004065693514],[75.26913085953493,18.997561107628787],[75.27428941601269,18.991939334242655],[75.2858501812603,18.986805885890178],[75.28834888732791,18.98176113188962],[75.31576530340361,18.980478799591417],[75.34063056491571,18.990042652789565],[75.34387366604108,19.02245329160299],[75.33900994916107,19.029354840252882],[75.32791454557865,19.03468054924161],[75.31402520111598,19.031944314113886],[75.29415948443938,19.035993600892088],[75.28318079698944,19.034435435487733],[75.29292084547072,19.07616862201685],[75.28057219787142,19.080346186273577],[75.2808757924842,19.084981646854477],[75.29496943206502,19.08494892628642],[75.29797545061409,19.09056517892863],[75.30455439666586,19.092098643925237],[75.30355136648066,19.095586777860788],[75.3068968998378,19.098613596435037],[75.32271010026824,19.094262442808493],[75.32832838530032,19.086079596767565],[75.33718903875942,19.080843157082594],[75.3565486832609,19.078022958133765],[75.36450733621251,19.081308764913075],[75.36475064784825,19.098703584657546],[75.36079685091765,19.108629316314527],[75.3515253157276,19.113636227921585],[75.34968942771441,19.124067005059466],[75.33458967884029,19.128371638473226],[75.33113664565225,19.132175461462385],[75.33024931427275,19.152607283103546],[75.33978767205139,19.155904074592776],[75.35253632504028,19.146645391641577],[75.35146760065533,19.126985477557568],[75.3587429084458,19.127249237691164],[75.36150537836971,19.13290379473037],[75.37596447657671,19.1290243242875],[75.38045828788454,19.134319097429596],[75.39127862348822,19.13706011277964],[75.39424845768524,19.14202467734972],[75.4075234160901,19.141011962289333],[75.40931379631829,19.128877628705123],[75.40443386511808,19.12353700761926],[75.3922373964969,19.126596121358066],[75.3804881654196,19.103083838562082],[75.36545462645279,19.08987387780489],[75.36874124061274,19.081740438229936],[75.37523034635532,19.084211048446342],[75.38200068695768,19.077921206776086],[75.39501833208682,19.081246690248303],[75.40591947660741,19.080254354307375],[75.41313284063253,19.08149206109448],[75.4132132225533,19.08748447053445],[75.41775349447938,19.092410192049687],[75.42924770677786,19.08953963166698],[75.44475969913348,19.093181194379767],[75.4494527955675,19.083235504603703],[75.46571067602453,19.09049094426301],[75.48516541134249,19.10586545446411],[75.48238317647225,19.115981813858085],[75.48370751608311,19.127927759854057],[75.46405625869787,19.130152621269563],[75.46365847377554,19.127252652799097],[75.44370474636546,19.12449094272001],[75.43651510675338,19.116383983821073],[75.4309797140596,19.117819112033366],[75.42329908498341,19.138623731610494],[75.44958806359422,19.14133367227323],[75.4536575135441,19.14462749843244],[75.44932473966061,19.163962389338856],[75.44499441113241,19.17218396984479],[75.42536228480773,19.172765372858724],[75.41955274859161,19.183264497538705],[75.40143990398951,19.196548531203245],[75.40482872916859,19.20459857860945],[75.41408891819442,19.209951020647893],[75.42190286374777,19.221495300247387],[75.43551530632828,19.22149590903709],[75.4403727199084,19.21714883943402],[75.44491868494406,19.21940314515935],[75.45870199258091,19.250226675245155],[75.47430091507005,19.253009816998294],[75.47311024212537,19.259230516609083],[75.50250351136,19.266752798908065],[75.51553303472555,19.278205471867206],[75.51953074040905,19.27750794945328],[75.52563441710014,19.298239912322636],[75.53007102931772,19.298962272602747],[75.53911232099719,19.308284713066318],[75.53856131325853,19.317295610814533],[75.54301398701273,19.323191782098107],[75.54137398958413,19.327594359826325],[75.51720605222306,19.33081625763961],[75.53206877560345,19.376917578923713],[75.51712415996346,19.380691692427913],[75.51683057594654,19.384817818731914],[75.49566708222439,19.378329148893087],[75.4822506787794,19.38423033859876],[75.48688272639575,19.414821751904125],[75.49291936024447,19.425215849358374],[75.50532904666288,19.432347537026487],[75.50781066984696,19.43056324195716],[75.5059896708912,19.426462610493545],[75.51469715767688,19.420503165806696],[75.51627811115806,19.418276644004848]]]}},{"type":"Feature","properties":{"OBJECTID":537,"STATE_UT":"MAHARASHTRA","STATE_LGD":"27","DISTRICT":"BHANDARA","DIST_LGD":"506","REMARKS":null,"Shape_Leng":511021.835321,"Shape_Area":3991706507.98,"sourceDistrict":"BHANDARA","district":"Bhandara","labelPoint":[79.76323218752997,21.115421403195977]},"geometry":{"type":"Polygon","coordinates":[[[79.76848073993057,21.59241958127708],[79.79207068555964,21.586589748043757],[79.82150794503433,21.56154387241152],[79.82855524539339,21.548874883329876],[79.85070262262028,21.54082315096297],[79.86313236810344,21.53079513538406],[79.88224452919006,21.52621657362386],[79.89124462580557,21.518186630869828],[79.89700278050147,21.5243771093786],[79.91780210015855,21.524410140283077],[79.92641100568359,21.51265963146061],[79.92811107551015,21.49694210780903],[79.92529695890201,21.490871600657695],[79.9172665652578,21.479896275089718],[79.89117906016995,21.456910036869825],[79.87952421127176,21.43851693174824],[79.87948779788266,21.425188809752413],[79.84786043312661,21.411726128462778],[79.82128398704525,21.39142436127965],[79.80271736789193,21.38322340421783],[79.79612447058861,21.37446820496212],[79.80003811502647,21.357603454603353],[79.81322395387761,21.355834746871345],[79.81070391659304,21.33891974330167],[79.8148577727738,21.335266914742213],[79.81296224053949,21.32127214531326],[79.82578908872195,21.3195629201846],[79.83060696248872,21.309508951831127],[79.83363114398611,21.309540758773668],[79.83302238401629,21.30279853455764],[79.82837367832411,21.30038667044725],[79.82909020170035,21.292327390971302],[79.83316186971392,21.29224371041176],[79.83782383114881,21.284899498650574],[79.82695060736584,21.280921202349575],[79.82597403248614,21.277157962239013],[79.83130070772155,21.263407610432257],[79.84924674524719,21.25916662503997],[79.85934192026875,21.26156011113811],[79.86328306763744,21.25817822716412],[79.86392940065386,21.251863496968273],[79.84034711381057,21.25579847768008],[79.85572167524207,21.244852835761264],[79.85971433130419,21.247756802610223],[79.86323060935807,21.24457898526527],[79.86734235907979,21.24985005870358],[79.88873005560477,21.255930573479546],[79.88674902652352,21.25052543543312],[79.90262040691566,21.251067182120135],[79.90592634042753,21.244722784699043],[79.92067710418617,21.255749165151787],[79.93899124690321,21.254939546852857],[79.95582668937152,21.238066822020784],[79.96605068230933,21.23272804682298],[79.98974999635175,21.233850286101564],[80.00278338148063,21.218125771119904],[80.01099787076235,21.21992881883945],[80.02311564951577,21.228645293280817],[80.02653077813046,21.220660750763333],[80.02475875677823,21.212813847383945],[80.04397572545102,21.20983888104473],[80.0546801759125,21.200067101074925],[80.06875242005557,21.195950642747043],[80.06896345444383,21.188848257087752],[80.07288256626916,21.186984532097245],[80.06897783902507,21.182961346473338],[80.07062120015527,21.174591333065656],[80.0668782267164,21.17269333300534],[80.07207569335846,21.155566313450183],[80.08051596932208,21.147747617215074],[80.07848592308585,21.136486898204158],[80.0735514325358,21.13488376759676],[80.07258661631103,21.119920271978796],[80.08211757141086,21.1185955276183],[80.0701263646494,21.11314354967446],[80.06101443692012,21.09917970020112],[80.07536843804075,21.098423631899408],[80.07653532223749,21.09344717427109],[80.06969726804986,21.08159029276618],[80.08428113842267,21.07369920944979],[80.07902989324567,21.062442276312215],[80.06881455309872,21.059934211570287],[80.0753919965729,21.057663562305564],[80.08010977468183,21.051104372340212],[80.07647569805486,21.0387496923706],[80.0630395072288,21.030706519699017],[80.07761654468067,21.0277339828985],[80.08345639878475,21.035354500496794],[80.09587350692173,21.032842678616156],[80.09454102020274,21.02742379819665],[80.09802034485021,21.02667671081101],[80.09904558740615,21.01918762506317],[80.09394794839605,21.007870581924465],[80.09746179632428,21.005310070228234],[80.10211359213396,20.990512438321485],[80.09345596913984,20.99191581997681],[80.0839444744439,20.98667296005066],[80.07636678578457,20.98966589808052],[80.08239197014427,20.98677858809989],[80.08192041011027,20.98240617461852],[80.07481624809857,20.965206741327535],[80.0707762166091,20.965365398735237],[80.0709272504776,20.95656311008483],[80.0579007459574,20.958247146716324],[80.06206811064587,20.948941383056674],[80.03718035921877,20.965038075319825],[80.0376889886995,20.95867575728714],[80.04861921468907,20.95545684384369],[80.04064287849296,20.936285399785074],[80.02880851637372,20.94010333372262],[80.03157905240704,20.93530210286776],[80.02174748063588,20.93275900999286],[80.01024346891288,20.937413374122816],[80.01117619476305,20.94272296624486],[80.01473769435202,20.943738403177726],[80.01789478151794,20.94193767831641],[80.0224534519155,20.945125202663462],[80.02940238788793,20.940864232367076],[80.03350093592641,20.949864150200835],[80.0345279234281,20.95700280800993],[80.03242044667707,20.957614335445214],[80.01594558543572,20.95556967389976],[80.0130784186626,20.952673488280602],[80.00853328922051,20.95412328315757],[80.00216421237054,20.948615076767027],[79.98619633266745,20.95280630793878],[79.9767146763642,20.94713817912239],[79.97098003505441,20.953608520414875],[79.96431418743394,20.953586707703927],[79.95781825628518,20.950263966043845],[79.95912317662186,20.945218255422095],[79.9533876938514,20.943939049435983],[79.9543298329601,20.938917966749123],[79.96896008735882,20.939974677108406],[79.96908264041538,20.934471176629156],[79.96365026452234,20.93199887773444],[79.96181594046838,20.917363260576586],[79.9701200306208,20.90991058275929],[79.97150929152602,20.89122573900392],[79.9772089069912,20.890135879031956],[79.97501677251941,20.88643838637425],[79.9646625085486,20.887289194570297],[79.9644811143966,20.88090138542776],[79.9696763655907,20.880847355426987],[79.97042135106783,20.87434819703058],[79.96548028223593,20.854883553301935],[79.97007094000402,20.855419765688733],[79.97435206809983,20.839930952389064],[79.9797706556352,20.83595387409396],[79.98637977449857,20.848105247547878],[79.98292181107247,20.855195738671544],[79.97993090852968,20.85528369789344],[79.98256702781879,20.862105955825168],[79.98751309339157,20.85509749105304],[79.9991707449446,20.850476379062325],[79.98783441451594,20.826965586966708],[79.97193485090203,20.82433319333891],[79.96749362227447,20.825726566826187],[79.96582776071811,20.831848196734605],[79.95880012980928,20.82652986000063],[79.95112844742823,20.826117347014957],[79.95914362358253,20.812931740228294],[79.95365965031674,20.80660436995656],[79.94054417090828,20.80137204954425],[79.94169968081393,20.788390428563687],[79.94958564560213,20.788721534885518],[79.94728948957477,20.77993655781529],[79.96717216342695,20.783143082856647],[79.97970424133531,20.773033190223607],[79.95534901368455,20.76597462776052],[79.95668653925725,20.752772927374785],[79.97143410515324,20.745070801458194],[79.96767256725639,20.73689810667151],[79.96252122945663,20.7379182598321],[79.95611800863234,20.73137217220481],[79.9561478344829,20.726968575670988],[79.95473437251785,20.730075305793488],[79.94712544592687,20.729112910365252],[79.9442902438181,20.72095735789267],[79.94756663106132,20.717957742455223],[79.95472679817604,20.72015786478052],[79.96925902906497,20.71531853161635],[79.97015166306171,20.706237110956973],[79.96476059957924,20.69424312872016],[79.9469582467917,20.682016275441015],[79.93472575079623,20.678527264867014],[79.9310812467435,20.66848432670184],[79.90572944548276,20.676912811340404],[79.8879802007995,20.68869808529412],[79.8698693546915,20.68754041658735],[79.85281199423281,20.681082768613926],[79.83601133724032,20.683154143111057],[79.8007349131667,20.699266950092213],[79.79367235918185,20.70679186207055],[79.79146953173749,20.718832619319397],[79.77028034200585,20.732326511424713],[79.75821997973561,20.73488032719612],[79.75310171245157,20.713466973700722],[79.75922131493479,20.710679770380466],[79.75896980867584,20.707515975175767],[79.75113168416219,20.688136582353703],[79.73388158727671,20.684260825454864],[79.71077404419948,20.68709619064441],[79.69884079448234,20.675080922721758],[79.6930960519074,20.67328137006761],[79.6924702874149,20.667203185882503],[79.7002047885675,20.64859723844874],[79.69958702993917,20.644958665419086],[79.6932733664259,20.64139766336178],[79.68077803810553,20.649988729828298],[79.67036994884587,20.650314484950847],[79.66312633992668,20.654196471431398],[79.65901821024305,20.667509974840222],[79.64529257649582,20.67333927344021],[79.61964958582026,20.676224831107326],[79.61354405028109,20.692231187796196],[79.60819792468708,20.696469980777437],[79.60090900132637,20.69137740304252],[79.58848353804024,20.691546343556205],[79.58153780772652,20.695884853905266],[79.56697049960385,20.697095364452025],[79.56554240485379,20.707503122644933],[79.53589988332624,20.705471963285135],[79.52712798646219,20.71266704183915],[79.5179847055546,20.714210768772766],[79.52275319062147,20.731843668460133],[79.52934952472748,20.736523873293017],[79.53135870172733,20.75664263543611],[79.53659867862658,20.764733347951683],[79.53151469731232,20.774830355419475],[79.53627891124255,20.780964125898834],[79.54606792548752,20.785751147325655],[79.5446494686589,20.791245867611835],[79.55170359524432,20.79943919322007],[79.55956843025508,20.802655817794644],[79.55947382964668,20.808090750934465],[79.55038110994191,20.820460831874918],[79.55177135256777,20.82618678390832],[79.54664511733903,20.828979100638396],[79.54716547717052,20.83439803366042],[79.53887136546489,20.843582397938526],[79.53726653499486,20.852200716623013],[79.54945662560871,20.849708524415522],[79.55635539408193,20.856147523743893],[79.56506856735409,20.850786450302554],[79.56523237487787,20.845408266028553],[79.57963721204548,20.843355673410787],[79.58845420125962,20.850763011122773],[79.5959817211926,20.86416630171567],[79.60334597905113,20.86708985755655],[79.60859860904695,20.864113590705546],[79.61299607039393,20.86600864267409],[79.60797888864687,20.87544891860227],[79.61234511839316,20.903621950439764],[79.62035293079231,20.90940333744506],[79.63289685534833,20.911761729423894],[79.64627928398521,20.924754102222217],[79.65408998320204,20.943951585726023],[79.65696874779658,20.96277333706626],[79.65123120819831,20.978356324163666],[79.63708303250974,20.990355138454504],[79.61333333917376,21.03183062590143],[79.59664445761736,21.07393752205572],[79.587602002627,21.07758451472966],[79.57905594955857,21.06671002562239],[79.57207199576648,21.066088183441952],[79.5506878058241,21.088675261177634],[79.53328859416767,21.078377240993014],[79.52642360578184,21.078916934763544],[79.51959543352783,21.088858626364203],[79.53214823236773,21.095756875757814],[79.52509458930874,21.102478734650234],[79.51644653398792,21.10472871540858],[79.5247470996727,21.11988315402073],[79.51717345247381,21.121179336364996],[79.51407356972815,21.12508600211739],[79.51023049581192,21.123993169229042],[79.50992906955791,21.13269449467008],[79.505496380369,21.135532695681327],[79.50058057599543,21.13439834856043],[79.50116886109444,21.137065567873567],[79.49372237596864,21.137765253426814],[79.49371644078795,21.142767896238727],[79.50406090659389,21.147085108477494],[79.50807215056125,21.16292973457512],[79.4994462905436,21.16818151542987],[79.49977710861894,21.175177334903037],[79.49584216514255,21.179065830108105],[79.49828151124,21.183692397805178],[79.50749671409562,21.182836360876355],[79.51651654675914,21.175261673040836],[79.52111895083927,21.17951774543714],[79.52893749962612,21.17637425628587],[79.5296038061472,21.17284664242014],[79.52500308014142,21.17100446145175],[79.52264627677907,21.16411488925767],[79.53206788380388,21.15912610844849],[79.54095977697182,21.15897318493066],[79.54172331119726,21.156681763290287],[79.5495435259124,21.159722717835443],[79.5570959648106,21.156116112763456],[79.55937769912876,21.166065874420973],[79.55088171054884,21.17318156732479],[79.56040663554091,21.189195464961806],[79.55733956276262,21.191919831202114],[79.55695101188094,21.20300227386295],[79.54971181904396,21.2083653027347],[79.56315412844427,21.22692813873654],[79.56320029389838,21.231170653010825],[79.5595142144887,21.233273508584567],[79.56052601298423,21.241390439308176],[79.56327399382673,21.245944512757518],[79.56885808434802,21.247622504283445],[79.56736542101817,21.262276106457712],[79.56983396266344,21.271851153456907],[79.57375147861639,21.27160724729789],[79.576119212289,21.27635508140014],[79.57067801121259,21.291973370467346],[79.55355065471605,21.305725465029703],[79.5566780969665,21.30852893161512],[79.55123299215833,21.317653102458305],[79.55515661258617,21.317960568267512],[79.55517917200252,21.32855994591579],[79.54425812022369,21.331749856432886],[79.53920760104715,21.340963557224796],[79.53382451896492,21.33982885235802],[79.53703981122463,21.34430453089562],[79.53367663507615,21.34877297127738],[79.52645362400102,21.349054652547874],[79.52270322910627,21.364252906646744],[79.51745093030237,21.366255761411683],[79.5171994570363,21.371323081637264],[79.50877336047498,21.380499099695232],[79.49953394187602,21.398463009956085],[79.48376016547462,21.398841548279016],[79.48817411505082,21.40313087978692],[79.48203571271073,21.427165522017674],[79.4747545654041,21.428819485842528],[79.46690864831768,21.42462086518432],[79.44840602047104,21.434649766785565],[79.44832205246945,21.456764110486226],[79.45760115062059,21.46248952319348],[79.45842410249105,21.467982607211077],[79.47849409424131,21.493200365345615],[79.4802918600493,21.501484889136886],[79.49234832203209,21.50831682223096],[79.51389058721789,21.534233993255604],[79.52466553352008,21.539533226441275],[79.53167348132331,21.539879017472607],[79.53655724216652,21.535814743442845],[79.54019070063879,21.542720710049494],[79.56551478248127,21.54762662180344],[79.58137792560795,21.54129588426957],[79.5916427652454,21.547882359010178],[79.62007809537134,21.55756744383939],[79.63959409131029,21.55296957396879],[79.65205337797828,21.555984729013304],[79.65837420847876,21.56374613200593],[79.66093595704903,21.576895447013072],[79.67543108605106,21.582297082271158],[79.68954768495166,21.580955415893254],[79.69906972246781,21.592900119555978],[79.71815689604,21.59305778750416],[79.73485666028594,21.603767907071855],[79.7680247646331,21.59256140679712],[79.76848073993057,21.59241958127708]]]}},{"type":"Feature","properties":{"OBJECTID":538,"STATE_UT":"MAHARASHTRA","STATE_LGD":"27","DISTRICT":"CHANDRAPUR","DIST_LGD":"509","REMARKS":null,"Shape_Leng":678345.452146,"Shape_Area":10976002007.6,"sourceDistrict":"CHANDRAPUR","district":"Chandrapur","labelPoint":[79.44056079165367,20.118260213375514]},"geometry":{"type":"Polygon","coordinates":[[[79.79230836895908,20.714064718120785],[79.79394624153329,20.706225517364935],[79.8007349131667,20.699266950092213],[79.83468345179116,20.683614337359337],[79.85281199423281,20.681082768613926],[79.8698693546915,20.68754041658735],[79.8879802007995,20.68869808529412],[79.90572944548276,20.676912811340404],[79.92803525025377,20.670016238921804],[79.93506920344616,20.664354098718924],[79.9372118965994,20.64979992279903],[79.92974468235508,20.640554936706103],[79.94083093358941,20.63163166563951],[79.93924500117744,20.60037469075609],[79.93635454798712,20.57889700784641],[79.92581755119814,20.553288667970953],[79.93147381053383,20.546657582198595],[79.94607318231438,20.539491407576993],[79.95193909685842,20.529599209068266],[79.94928476029874,20.493884254555272],[79.94302586077573,20.476833776727617],[79.94012916462137,20.44118765627115],[79.94583492443641,20.432012043090122],[79.96256214912782,20.41713344864654],[79.96515610179739,20.41074828885928],[79.95823439182011,20.381585037697512],[79.9693487240983,20.366532594249016],[79.97210095273913,20.353703610441677],[79.96953458080002,20.344088282111652],[79.94827634275846,20.32306848360791],[79.9437402912352,20.306283442366514],[79.9437068589342,20.287933510780483],[79.9479988515837,20.28032513200055],[79.97905752941658,20.251226106908188],[79.99059581306999,20.231829486237277],[79.99214000930473,20.223120060427966],[79.98978363810835,20.212882372471018],[79.98335143309616,20.208336476148627],[79.95837369911825,20.20349116759497],[79.93441093246395,20.192212837463238],[79.91866418895623,20.16928490225395],[79.91229194637206,20.151185059990016],[79.91405861001942,20.142426783134756],[79.93154126242536,20.12928627758326],[79.96418628622261,20.12173765918514],[79.97160918128561,20.11206886482744],[79.98073030402496,20.085444890026267],[79.98907048254857,20.04258316398059],[79.98149629765325,20.027451894822953],[79.95221957372239,19.989896014686934],[79.92053591916896,19.969192348020723],[79.89974361485753,19.968580185846566],[79.87491633819755,19.98361531748318],[79.8579804704715,20.02641866383251],[79.84942828546292,20.030334666776685],[79.82780292672938,20.030001453286843],[79.81421838877036,20.02732241137168],[79.78790675711568,20.010083232452974],[79.77903081462549,19.99754280839519],[79.77170692176902,19.975719451837815],[79.77038499506563,19.96370157677556],[79.8006052660601,19.908694026132594],[79.80367230929895,19.89572179484462],[79.79832616549304,19.88589467884251],[79.78084378496483,19.86847236466918],[79.76518100502823,19.85837795916025],[79.75814105985928,19.847310752993227],[79.74599267797547,19.83737632367199],[79.74092385308694,19.8222932459922],[79.74142067058537,19.81157731462967],[79.7434818011402,19.790232662255953],[79.75335220080545,19.75823579648444],[79.78363308804518,19.72058556616753],[79.78592452883558,19.642997240427103],[79.79348352056134,19.606372053904238],[79.80930480983452,19.58203980824439],[79.80807709377625,19.57987222999345],[79.79858335640002,19.581966614973254],[79.77860655074976,19.599666499870175],[79.74308000888271,19.60862625142075],[79.70899970440138,19.58447829208475],[79.65828730910027,19.579714238032437],[79.62791950263261,19.573170822391198],[79.61413784004294,19.559677256234135],[79.60296580069542,19.514550781114725],[79.59615396936678,19.507277322423963],[79.58404408943294,19.509131159071682],[79.55293237396707,19.52416859913134],[79.54838725032103,19.531623735277744],[79.54537975610153,19.550695170820752],[79.53992721349299,19.554661262452314],[79.51861081963321,19.543109248969465],[79.52080911105877,19.53488585607083],[79.51858859767984,19.52018282718752],[79.50225549090268,19.51163519254149],[79.49838723085894,19.505694863779244],[79.48263199742146,19.50628022700497],[79.471424890333,19.5001917247638],[79.46896155654666,19.509573805058412],[79.43333414714262,19.53725659720888],[79.42255991707947,19.538042737987233],[79.4229988503034,19.530159097581567],[79.42047299523097,19.529758233665902],[79.40531870324685,19.535667473760384],[79.38567734303909,19.558330525660633],[79.37275288601018,19.56098976847927],[79.36573002849127,19.576331394782926],[79.31844411531206,19.576723379182166],[79.31853712054237,19.56770087946915],[79.31393055191386,19.566420805980005],[79.30985171729034,19.5715125236292],[79.30684049358665,19.596556016633713],[79.28436246362618,19.595523401931157],[79.27294922679235,19.598839602874232],[79.25109771743087,19.61587049287563],[79.24355707047559,19.616688943739856],[79.23864324880498,19.6061706950395],[79.2444128394774,19.594866098403354],[79.25312426274441,19.593287158796137],[79.25102563366958,19.577499617405774],[79.23712382455508,19.557138302966827],[79.24002308982766,19.535240211255406],[79.23372823903989,19.520009208528364],[79.2211627442413,19.52099149189536],[79.20746481860968,19.506130851365953],[79.20738336697295,19.497634767998353],[79.20385114222663,19.494083474038657],[79.20685270823755,19.48581800018026],[79.21576704000036,19.480941685715468],[79.22358933629334,19.46907490377596],[79.19086933637172,19.45890234812127],[79.18007405306997,19.461883691522385],[79.16783240340385,19.472358476152657],[79.16135438082834,19.488262711419228],[79.1429853118307,19.50053495535024],[79.13860619776169,19.50048475684183],[79.1331086836308,19.507826107298747],[79.12093019948027,19.512000935644522],[79.1143432141748,19.519759102682116],[79.10538835543447,19.52237824149068],[79.09803451388636,19.53202677056277],[79.07690195577341,19.532398621444873],[79.04601146037496,19.548325712828014],[79.02402493743486,19.54177578711884],[78.99803139159448,19.54008433923535],[78.99774767855268,19.549065118750143],[78.98125194182883,19.560839381247963],[78.97422311491563,19.549383227919677],[78.9520955322824,19.548864619160405],[78.94044360064088,19.55186830141212],[78.9376727294951,19.5618736777278],[78.94648917172711,19.561607702112354],[78.95254319648326,19.564977902380768],[78.97283491656712,19.582387659124336],[78.97178428903051,19.590013014425942],[78.95914399474135,19.595466035105805],[78.95562022051573,19.60017119659417],[78.955369323408,19.619117623886535],[78.96184980010955,19.637443589986155],[78.95555844309365,19.655791000856112],[78.9442339783925,19.661739584035082],[78.91972411546871,19.662004038097837],[78.91986459966384,19.666974272960957],[78.90353571532505,19.670009076725382],[78.89600596360495,19.664456063383273],[78.88644618613031,19.662453227981857],[78.89047832618142,19.65940963702166],[78.88672681448,19.655071367771992],[78.8680941758977,19.659025143873],[78.85192030391192,19.658360820661834],[78.85569192031386,19.686660908739544],[78.85992308609563,19.689491281113295],[78.84942556016037,19.721969168319045],[78.85236807403663,19.727903728286144],[78.85114959812739,19.736126198950902],[78.84795205749296,19.735496983862618],[78.84088673784005,19.76166528521152],[78.85628226667805,19.771304368345287],[78.87923394537883,19.76691114006569],[78.8813776860911,19.764107327208187],[78.87984799742378,19.748263691815495],[78.90067734587659,19.737340125353647],[78.92447709751734,19.74846171041834],[78.94681647467095,19.748928181199357],[78.95033111964304,19.75287838341649],[78.95030089566998,19.759812048441106],[78.9389220903574,19.771015977084843],[78.93764377447654,19.778731340438085],[78.95291328566779,19.799430916613378],[78.96842020856396,19.807047348998033],[79.00504898746698,19.807353516940417],[79.02373481297111,19.800446848216122],[79.03107382323154,19.80593298965787],[79.03562314128737,19.817611864490026],[79.0432952587085,19.822053654539058],[79.06122362367203,19.817080290697884],[79.07194387381,19.817932709441557],[79.0857282131325,19.830296911323597],[79.08923899218944,19.84244362373357],[79.0978902334022,19.842188255986446],[79.11183870188687,19.85057822233199],[79.11826704272649,19.861247319162754],[79.13369085127647,19.86761749277933],[79.14919604287992,19.896821139877687],[79.11173862085903,19.905395805787375],[79.10100771962662,19.91756374407381],[79.09111313991663,19.917644512968426],[79.08902488341525,19.948243133292586],[79.10241236873465,19.957758914734633],[79.10897830034729,19.970604785625593],[79.10799901991591,19.97376720045909],[79.0929168592751,19.978237316436505],[79.0920307994139,19.98231060561316],[79.10188247646303,19.990139505893104],[79.10947895244817,19.98799688901453],[79.11175110595383,19.990931048248793],[79.10761963958184,20.008680655851926],[79.0820450439352,20.024847739431213],[79.07976654128392,20.041652484458417],[79.07258069518713,20.053043427454636],[79.07266765538861,20.06353542698506],[79.06790271284298,20.07023996961375],[79.05866922357578,20.06605399959418],[79.04521446985608,20.0685940584153],[79.04367557489599,20.074276195804128],[79.04764463568266,20.07994465057412],[79.04749561221364,20.087024230214297],[79.03298486353835,20.095042756549216],[79.0206735128107,20.111007585677932],[78.9998042148844,20.12660390753914],[78.98882087194285,20.12919259872182],[78.97717922704108,20.124397344774],[78.97020273302437,20.127551747345475],[78.9678681379506,20.13243754108524],[78.96945347852532,20.144195843541194],[78.9812030423137,20.14997223526836],[78.97277135979634,20.162681817916884],[78.9574939561403,20.16784532838023],[78.9536942469941,20.172230895394186],[78.95769637275917,20.183765968317832],[78.95459126553355,20.19498225894936],[78.96231491021983,20.20786214506582],[78.95607995389577,20.213673983242458],[78.93946369755393,20.220314914661635],[78.93746502662712,20.229388488048315],[78.92274059240845,20.23848412976079],[78.91997549355534,20.25429156342083],[78.91026499311383,20.255538831630144],[78.89365208440498,20.24953645530897],[78.85809143789706,20.25407902005688],[78.82060469957922,20.25004690375267],[78.81347507881789,20.254506502388832],[78.81244858337081,20.26320970916847],[78.82009407330924,20.273274366991565],[78.81944123687464,20.27847963570754],[78.79877357729049,20.299561983724576],[78.80527607996598,20.31025814571341],[78.82690418972908,20.31831954845354],[78.83148261402293,20.323721030721195],[78.83040729998373,20.336795227811063],[78.81993908797934,20.350062842268787],[78.82582833646187,20.362882219349142],[78.8203482794408,20.371521598031862],[78.8171453399017,20.397447982591224],[78.82195693043751,20.40534658388657],[78.84342806904502,20.406517669649602],[78.85204204459203,20.415402127428212],[78.83409363682125,20.427221398105072],[78.83854638029648,20.427476640368294],[78.84439524893406,20.43437778387692],[78.85440269513477,20.426981415849877],[78.85453509218848,20.422247165571846],[78.86249391374132,20.421627032073054],[78.88477465800987,20.427852791038408],[78.89883950358858,20.43759998222692],[78.90962061190564,20.431568200702788],[78.95318959638189,20.428789896870807],[78.965725876991,20.445906568713223],[78.96686838876599,20.460496312358625],[78.98162300167681,20.45883877779098],[78.98660389766525,20.46092927149106],[78.98734605430855,20.46575078043265],[79.00039650430755,20.45083949543495],[79.00654078765383,20.455086986853242],[79.0095549102356,20.46507602011586],[79.02295049774233,20.48333964997183],[79.03536183382052,20.48064159798022],[79.03706983924339,20.477536301028636],[79.04345047544355,20.478005360987368],[79.04782303882983,20.475004629141033],[79.04715726869185,20.469555005384674],[79.05191110419227,20.466497223343655],[79.06196775910583,20.469114871491747],[79.09618038077309,20.46392164423692],[79.1013064882553,20.461628686801433],[79.10164597444931,20.457573203200344],[79.11332917400262,20.45546642713236],[79.1188838464778,20.451007391424604],[79.13250163492451,20.457067187289525],[79.1397857114104,20.482192509060845],[79.15255587678018,20.482716769552304],[79.15774845288416,20.478118188957556],[79.16022023492482,20.48760005398026],[79.16600503912802,20.492735182321848],[79.16978893577344,20.51430173405045],[79.18101470448015,20.512375567398347],[79.18462187170319,20.52578182122243],[79.19425114475837,20.539077292963395],[79.21358910257645,20.547590674273845],[79.21763802972183,20.552611354419476],[79.2223753475778,20.584888609318064],[79.24910932577875,20.591217199728398],[79.26419513744737,20.587167747270723],[79.27462683202175,20.59025223836874],[79.28321558990332,20.58839616507856],[79.29414074016596,20.593006085329748],[79.30806483956343,20.585283062272325],[79.32222336436024,20.58443486511636],[79.32470306518589,20.590710431281966],[79.33040279229013,20.594560256726545],[79.3341171141404,20.619768736859296],[79.33737822990797,20.621162715456684],[79.34212271983364,20.633372194621437],[79.34719625000169,20.635556777199973],[79.34710315327942,20.643277745983827],[79.34060967181148,20.645208246589306],[79.35464006106616,20.654804130424015],[79.35649430574571,20.662035369634747],[79.34925032133252,20.666467902733388],[79.34870908098749,20.676049896891612],[79.36928341755092,20.675947062709625],[79.37187399372645,20.68157498726173],[79.37950620782988,20.68433185785179],[79.3800227741017,20.68189095780734],[79.38810717129142,20.681377646221677],[79.39009148725162,20.673395745891447],[79.38803354311062,20.666676170263155],[79.39760678129653,20.662669299799308],[79.3975886903455,20.66025511984371],[79.41949997670122,20.660283108385276],[79.42800084556166,20.66488032962327],[79.43613570239316,20.661865093435924],[79.44287556860841,20.66593957617048],[79.443569203155,20.669645872649927],[79.44892375274175,20.667687875752144],[79.4696954963464,20.681604370271327],[79.47367716883389,20.691145633368315],[79.48056500546663,20.69186537613944],[79.4898674913247,20.708904320435746],[79.50449190417761,20.701920464732034],[79.50577963535216,20.70922672121108],[79.51599056399768,20.70939223786694],[79.5179847055546,20.714210768772766],[79.52712798646219,20.71266704183915],[79.53589988332624,20.705471963285135],[79.56554240485379,20.707503122644933],[79.56697049960385,20.697095364452025],[79.58153780772652,20.695884853905266],[79.58848353804024,20.691546343556205],[79.60090900132637,20.69137740304252],[79.60819792468708,20.696469980777437],[79.61354405028109,20.692231187796196],[79.61964958582026,20.676224831107326],[79.64529257649582,20.67333927344021],[79.65901821024305,20.667509974840222],[79.66312633992668,20.654196471431398],[79.67036994884587,20.650314484950847],[79.68077803810553,20.649988729828298],[79.6934899839457,20.64140532613022],[79.69958702993917,20.644958665419086],[79.7002047885675,20.64859723844874],[79.6924702874149,20.667203185882503],[79.6930960519074,20.67328137006761],[79.69884079448234,20.675080922721758],[79.71077404419948,20.68709619064441],[79.73388158727671,20.684260825454864],[79.75113168416219,20.688136582353703],[79.75896980867584,20.707515975175767],[79.75922131493479,20.710679770380466],[79.75310171245157,20.713466973700722],[79.7581190622751,20.734860477267052],[79.78087613115434,20.726664422662243],[79.79146953173749,20.718832619319397],[79.79212269364218,20.71454492406772],[79.79230836895908,20.714064718120785]]]}},{"type":"Feature","properties":{"OBJECTID":539,"STATE_UT":"MAHARASHTRA","STATE_LGD":"27","DISTRICT":"DHULE","DIST_LGD":"498","REMARKS":null,"Shape_Leng":615312.932722,"Shape_Area":6928963480.71,"sourceDistrict":"DHULE","district":"Dhule","labelPoint":[74.60052199547096,21.110381636082813]},"geometry":{"type":"Polygon","coordinates":[[[74.8653773154849,21.628557633848363],[74.87180524816524,21.63182279755347],[74.87803093279366,21.628517254590747],[74.88733458538883,21.63159263390329],[74.90168331540823,21.629238013707827],[74.91033488612156,21.61457426376261],[74.9792285051396,21.59523757075115],[75.0153405604587,21.575229474451316],[75.01502122633242,21.569677384102487],[75.05331544558949,21.56482449183726],[75.08664892409074,21.515849943702133],[75.0892082925871,21.51676186193617],[75.08845858376588,21.50088009861879],[75.0974499965315,21.48818971022123],[75.10716478146716,21.46269494341962],[75.13383246921902,21.445395387351077],[75.17012068718009,21.431571096381806],[75.17999307360972,21.43055209284419],[75.20655768483938,21.41309940122329],[75.18544628355276,21.410625509433128],[75.1732642273971,21.401727452434134],[75.15852985391815,21.402881110739354],[75.1501335068511,21.387252467875946],[75.13809556350421,21.382722090468747],[75.1360198306021,21.36126138464432],[75.14817235508613,21.349394674473707],[75.14294633755732,21.345034084637465],[75.136236845636,21.34960250612837],[75.12657569297436,21.34903628214858],[75.12042299637713,21.34111740245987],[75.15298738902993,21.325173730316365],[75.14768476979563,21.316842216971224],[75.1361011744712,21.315525743363718],[75.14010713516771,21.300102765080972],[75.13838857897068,21.29026147420307],[75.1284513090157,21.28442053379834],[75.12844260614472,21.26939926063609],[75.11452861751458,21.260364032385286],[75.10623070635579,21.239561036660913],[75.09987819603674,21.233324100090496],[75.08987723861446,21.23356938426418],[75.08717033888556,21.22752499890123],[75.06755299007392,21.225050586905144],[75.0591265031042,21.220205693606573],[75.05515367270547,21.21183408698381],[75.04428308336362,21.210357984072196],[75.03775394799001,21.191604649909696],[75.01668684846678,21.191803143669443],[75.0137173987465,21.18736645491561],[75.00343920833883,21.186080985673083],[74.99780784194884,21.18760643513804],[74.98397967551499,21.19994644900765],[74.9741372485503,21.220009880872798],[74.9654884815641,21.223517400713344],[74.95123245273281,21.22162717516162],[74.94429189666715,21.224993169665648],[74.94789798484946,21.21743760403593],[74.95994737849003,21.210776758620185],[74.95044408332579,21.200327871579535],[74.9636064755875,21.198555081625173],[74.96391516153741,21.194542895985244],[74.9494019163904,21.177876626934584],[74.93574137109952,21.171607622726068],[74.93282456188545,21.164856044749563],[74.91041791266063,21.163096388770963],[74.89333322814764,21.14829792605154],[74.88407500463843,21.12551642755745],[74.88615254651829,21.114673316210887],[74.86936806171582,21.101209900152718],[74.87297838143911,21.089565785307965],[74.85787392983632,21.06089661990911],[74.86286324488253,21.053164671419985],[74.88944725745893,21.05146738657076],[74.89253772964197,21.039206076901642],[74.91055384338917,21.030497260479358],[74.91854955263689,21.014048630747954],[74.91531723789501,21.00160351644274],[74.91658282984096,20.990087150436846],[74.9268424114641,20.98048312136056],[74.92712265909037,20.972465878099857],[74.93123431084835,20.96915091136208],[74.92871191295089,20.962061665242604],[74.910984123775,20.963690819654747],[74.9121066582333,20.927504449147957],[74.93366427328785,20.926225245195074],[74.93327912853262,20.91775414453397],[74.94867192918062,20.914617195425553],[74.95408927160138,20.901649629742693],[74.96106037986918,20.901895933772202],[74.95918375101306,20.892072664128758],[74.96343110828813,20.88389477528323],[74.96833113272534,20.883564602686356],[74.96363955879768,20.85898467617518],[74.9699520931333,20.84631080738274],[74.97727616614124,20.84563792473266],[74.98470013527559,20.82754478563268],[74.98397880205968,20.821459472897512],[74.96564233434233,20.819087527460038],[74.95884985232198,20.802137060843126],[74.96326491602625,20.8004874984365],[74.97588486777038,20.77842423464983],[74.9883832433401,20.767151768367764],[74.99137498989542,20.75476789492318],[74.9894075841615,20.738703867367306],[74.98594480459303,20.733469919162324],[74.98120926671054,20.735155916705725],[74.97783979415982,20.728474985892138],[74.96973932055897,20.727349367891104],[74.96182401853982,20.720855385084086],[74.94806102987712,20.72163363709737],[74.9556028381574,20.714015390836668],[74.95025081752317,20.706355293719696],[74.9563534456085,20.690422455584674],[74.940914560903,20.67994836545264],[74.94138540954383,20.673443555820047],[74.93045917411972,20.656183356757218],[74.89923978282215,20.65629677831954],[74.89905733013097,20.650221173460984],[74.89159671275976,20.642682037714795],[74.87468985328123,20.643252199575976],[74.85394774590894,20.634424638890565],[74.84039689173048,20.63668821407607],[74.84023470331852,20.63154230580573],[74.83030641766521,20.63292090511875],[74.82294468466215,20.627729135478493],[74.8127351980414,20.631978326089623],[74.80935083589658,20.638225475190804],[74.80000818785429,20.638064422643893],[74.80310737546851,20.6560613392974],[74.80135593679367,20.660248894372625],[74.78806921515769,20.66053616257107],[74.77956730444268,20.666612467966434],[74.7724154055881,20.66279093784675],[74.77201685972648,20.667450794953872],[74.7682531250695,20.66533206122284],[74.76929790132307,20.66245924725631],[74.76193809484107,20.66385946400311],[74.76025891468309,20.668006687572824],[74.7568419113598,20.66537344999204],[74.75351029705004,20.669484838158834],[74.74909113695801,20.666694090145157],[74.74494022055833,20.670801744036787],[74.73782711506021,20.665878289995366],[74.733265462389,20.674081382364978],[74.73098810988144,20.673155043292265],[74.73253078080032,20.677636763731485],[74.72014330103616,20.67729545032835],[74.71073594170782,20.685759990125714],[74.67299374616502,20.69414511738388],[74.64978873245772,20.69401577892752],[74.6561846096832,20.704928274378304],[74.65850598677734,20.71824968548918],[74.65249665137361,20.727573687633026],[74.661064344331,20.739678927424396],[74.65759662418918,20.74237952128099],[74.6582420322328,20.749252740215898],[74.65361064750911,20.751624167419784],[74.65389748693941,20.756107131375096],[74.66265367576776,20.762672218220807],[74.66449018192439,20.774158562493508],[74.63327444545916,20.783037791104928],[74.631848579635,20.790660979947567],[74.61932308030612,20.803958681863207],[74.57284172974587,20.81877992989256],[74.57261640691038,20.830913126769264],[74.56333789814326,20.823596582947097],[74.54147861312315,20.829016921781772],[74.53627184566133,20.83507154576522],[74.53026197875367,20.829776561289997],[74.52586390456665,20.81581521456184],[74.51186650440611,20.808443302773874],[74.50847166913674,20.80859263137758],[74.5053292651079,20.818879590783258],[74.49392111647127,20.81884048414053],[74.49133185797062,20.815287910445512],[74.48249800354513,20.821172904597987],[74.4849359043956,20.828940047966018],[74.47885530559445,20.834162097045425],[74.4748208484694,20.827109682487425],[74.4761035124756,20.820016759819797],[74.466421825749,20.819226136960545],[74.45636668685047,20.812065819223154],[74.44960657300432,20.815495770899332],[74.44210910953812,20.808122049687434],[74.4431786908065,20.80107065543414],[74.43982512901371,20.798498021656645],[74.41666738166988,20.809796641678176],[74.40542976805183,20.81815138101309],[74.39696917748988,20.831904649834215],[74.38826100354322,20.83580567372278],[74.38706757988567,20.83916153602303],[74.3894268573167,20.840029573449762],[74.40290431197778,20.837582658979564],[74.40376490283346,20.84144187026902],[74.3959213077242,20.849559844107038],[74.39624598235066,20.860972802842817],[74.39272625773863,20.85473703043575],[74.3914040642151,20.857935253214585],[74.38650168429861,20.85693576220314],[74.38788774517559,20.851700688955425],[74.38532965638053,20.853531726095614],[74.38191702906214,20.849611361478413],[74.38489325711735,20.842005205167254],[74.3826444361102,20.840332905307985],[74.37550258499704,20.842619103724378],[74.37344556234038,20.8405377287016],[74.37123949619918,20.844214118770587],[74.36097079201224,20.846834126431553],[74.35872792129999,20.84459392631866],[74.35751625184042,20.84863396649047],[74.35176949830723,20.850660629132967],[74.35712060211516,20.852331192730144],[74.35617571678114,20.858666049436895],[74.35211899865979,20.856579810716937],[74.3490126085811,20.85887277719382],[74.34683043576504,20.847565517245737],[74.33829158507739,20.849812631763406],[74.33694590291366,20.836945424174417],[74.33302874168302,20.83652181888203],[74.32538221906715,20.84814423549738],[74.32222766509253,20.84893612278795],[74.31484136038155,20.842949794448117],[74.29244381011965,20.855431391799986],[74.27371849774124,20.85317230538101],[74.27526295881016,20.85079796331001],[74.26564267899995,20.85138940890745],[74.25831721508777,20.85380746346402],[74.25614070664535,20.859480930042793],[74.2517495849243,20.85953140685615],[74.24350337723156,20.85017640578987],[74.23359738174882,20.848892156671283],[74.2277293273481,20.850349584554458],[74.22441107132067,20.85672024796394],[74.20891214327342,20.85508366106273],[74.2015377834051,20.85958555922544],[74.19600240663877,20.8551903235269],[74.19136706979715,20.85910690965405],[74.15931074445184,20.862112273649817],[74.15892830899183,20.851951622936003],[74.1495652584682,20.85033780507757],[74.14227025416525,20.85267166669411],[74.12891043599534,20.8647717043393],[74.12042574377391,20.860874704121265],[74.11667085193353,20.862922390120925],[74.1114371686525,20.855011197121765],[74.1033770063385,20.855101343844748],[74.10013505090768,20.85007946513023],[74.10282490160594,20.844788336794103],[74.09715014843492,20.841024600560864],[74.07730881722411,20.84877088847113],[74.0631495676592,20.848938966284354],[74.04388406858041,20.834714473044958],[74.03273001449446,20.839518940279522],[74.02619793115574,20.852104949784923],[74.017512575997,20.84418270811724],[74.01524353482803,20.853812219081973],[74.0139549624223,20.8439845526699],[74.00661946103506,20.836212101234572],[74.00452648941204,20.84252214712769],[73.97956417136004,20.847895244847916],[73.9666369199474,20.854433879672314],[73.96263549532476,20.842514319130018],[73.94789935710186,20.838899392751276],[73.92935156005967,20.842357302411486],[73.92372418784117,20.851377786975675],[73.92264196631064,20.86240195593383],[73.92572599409563,20.88850419552951],[73.91753820300737,20.90778124223709],[73.88819919241959,20.933591288306744],[73.89231190124023,20.955710672806475],[73.89901460243571,20.960302651217724],[73.90797625087417,20.959736546808156],[73.90837226363986,20.967192511933973],[73.9033151319908,20.97218825775773],[73.90129759322264,20.982304573539444],[73.8923869741646,20.979469693861645],[73.869022561717,20.98526476966611],[73.86631513277393,20.989902707744545],[73.8512049018052,20.99763493673601],[73.85093720668812,21.00666868030072],[73.85662774583426,21.02022367773504],[73.85449364445388,21.0326501467156],[73.85914776487228,21.029894434180576],[73.8750310045608,21.030908976854896],[73.88218784245562,21.026230531155463],[73.8953008781993,21.03525798128477],[73.90702889716337,21.036532159327624],[73.9071810625748,21.043597430028857],[73.9099005865849,21.03761508493913],[73.92989060665538,21.039029869376623],[73.94818315545938,21.031518135821326],[73.95430053396205,21.039188851159214],[73.9552578906686,21.051318977852677],[73.94452354956863,21.062055558985776],[73.9480868176861,21.071458302059213],[73.94357144004111,21.078559416166957],[73.95634510710997,21.10253965636939],[73.97461455817962,21.11354599166608],[74.0001286456923,21.120931995612658],[74.01606248114551,21.13107796173318],[74.0200957548495,21.141635173566645],[74.03541553473563,21.14479851228022],[74.04967769618963,21.13581225841873],[74.0475336072409,21.127850429260437],[74.07029605232151,21.129797393157137],[74.08406788187921,21.112748217699487],[74.09724804628617,21.110442627423687],[74.09806242019626,21.12676477214554],[74.09261193211653,21.1327822952934],[74.08288024030448,21.13073212645247],[74.07692729654146,21.13351825198891],[74.0740047215926,21.13781641308884],[74.07728114621658,21.141081416800606],[74.07685858977901,21.15152175449083],[74.0674001255704,21.156699273036008],[74.05718130681647,21.169977362679916],[74.05903186830844,21.1732776929033],[74.0700607890373,21.175694512670137],[74.08740627150051,21.195747100659627],[74.10215328070804,21.1980005007536],[74.1108817697743,21.208232652973013],[74.12070022073493,21.213356896160114],[74.14603050521566,21.206898208941606],[74.14939591575539,21.210298102951374],[74.14680911085271,21.214856754281286],[74.1442979815766,21.213514394919798],[74.14377666824049,21.22014766181398],[74.14856297973398,21.220862302359077],[74.14946300532594,21.22546394106523],[74.15547894557066,21.22553809595136],[74.15788802767155,21.230784459938587],[74.16433629157206,21.22527477395576],[74.15979469226644,21.21860007059856],[74.1634066491561,21.214869994855363],[74.1791808555728,21.209785705330347],[74.18579676814953,21.22011168826773],[74.18951964464041,21.217540392525404],[74.19050646659117,21.221002582031847],[74.20946161625847,21.22147987110189],[74.21965311262785,21.241282250750157],[74.23181954391524,21.239832046633268],[74.24601237832911,21.248171667176454],[74.26732731752814,21.24935921543422],[74.28407056081043,21.239705171039958],[74.29906178426164,21.23800704859927],[74.31779154521722,21.24839733283656],[74.3171643048663,21.23014521944712],[74.3276796742246,21.232988674121042],[74.33793814050223,21.230886167714065],[74.33786512737586,21.228616820717214],[74.35669987683272,21.232278168219704],[74.35566568319598,21.252200477486266],[74.38799874148678,21.25578554674052],[74.39819856319883,21.264702276659207],[74.40931870999304,21.26662386784931],[74.41240002342128,21.26487241212282],[74.41028575531483,21.257446490808395],[74.43187225265258,21.261184885421198],[74.4318872198381,21.256019210732],[74.43746952526652,21.2549217913945],[74.4409083117782,21.24777853854898],[74.43249294627667,21.24477544908613],[74.43467207983694,21.2371128632622],[74.48998898573973,21.24249187695351],[74.48827189146608,21.24897318225232],[74.49215617772954,21.255238034292944],[74.48702634339385,21.254619416115755],[74.49155150934978,21.261621694913018],[74.4986718203417,21.26435804875301],[74.50149234809575,21.275561644574168],[74.49958408033648,21.279331358209742],[74.50188868980246,21.280006248419742],[74.49258654395891,21.297832368025738],[74.4743089030469,21.29660610412992],[74.47381520425935,21.305661616046258],[74.48310339963719,21.309191558636826],[74.47747482014509,21.33148513268277],[74.47847334093143,21.34923523509483],[74.49039736281742,21.350053598152762],[74.49193911424746,21.369917917325502],[74.48972868751534,21.37067006015146],[74.50843476430909,21.389008694833315],[74.50285021866318,21.394021317381256],[74.49301240076957,21.391291719917252],[74.49889318327645,21.398402193133226],[74.50208721126262,21.415830561618073],[74.4965690927154,21.425576176993967],[74.51253410274958,21.429797756831256],[74.53618737008611,21.426065987104842],[74.55844950663958,21.413875661918958],[74.56535826837658,21.405416177183366],[74.57192770172719,21.40257598060092],[74.58995374375219,21.413517084603548],[74.59960926783731,21.41542489609864],[74.61948885296974,21.41140555920193],[74.63350906880002,21.4017433503445],[74.66460546142949,21.40707103492222],[74.68602636911406,21.403554473853145],[74.69862879095007,21.422858133451566],[74.69725593046473,21.429212853982268],[74.69483469056351,21.428245310591926],[74.69180707859877,21.434145463108575],[74.69825001941753,21.43826994679191],[74.69776146880814,21.44211538855317],[74.7052070137309,21.449860871110616],[74.69977066047069,21.46899954899026],[74.72606736108668,21.47695045243207],[74.73275749925362,21.471846012949804],[74.73179928664165,21.478727544910633],[74.75521697463196,21.477561889815526],[74.75296349346591,21.482310582055298],[74.75762595231791,21.491396277276593],[74.75622531595735,21.502068834484735],[74.76123450312646,21.516800426995474],[74.75388973283131,21.52922940639998],[74.75964095526567,21.537557212393466],[74.75856929612563,21.5765086360422],[74.77118878145465,21.60841195029247],[74.76770923887258,21.60988384804039],[74.76883115513706,21.61604408779229],[74.78287391796654,21.61069032180137],[74.78988209301339,21.61275648788304],[74.79808280691401,21.609919550572936],[74.80217472774282,21.615398743563865],[74.80810601878223,21.612230900412822],[74.81232076828456,21.613844383051056],[74.81285332019526,21.61077833772247],[74.8195872664728,21.60869788733334],[74.82885826494956,21.60979332390083],[74.83132528886793,21.618293224911305],[74.83973705234817,21.619026509056653],[74.83810397296557,21.62210593751477],[74.85668034010763,21.626597186925263],[74.86276380374802,21.634455049824496],[74.86517422942563,21.628597333977723],[74.8653773154849,21.628557633848363]]]}},{"type":"Feature","properties":{"OBJECTID":540,"STATE_UT":"MAHARASHTRA","STATE_LGD":"27","DISTRICT":"GADCHIROLI","DIST_LGD":"508","REMARKS":null,"Shape_Leng":920240.893229,"Shape_Area":14022420718.2,"sourceDistrict":"GADCHIROLI","district":"Gadchiroli","labelPoint":[80.24041619772491,19.787792106688116]},"geometry":{"type":"Polygon","coordinates":[[[80.52247562763925,20.834431877931934],[80.55094909282856,20.826050566930366],[80.55467156683744,20.822283414159603],[80.56173579041707,20.823463633179884],[80.5585907772226,20.811579092014146],[80.54917479633447,20.79606220545259],[80.55166346252648,20.76403451614077],[80.56275986811113,20.747324632192147],[80.56001027892981,20.726200156864607],[80.56515274600979,20.71078821510073],[80.58180268561429,20.697411558619397],[80.58765166346686,20.684067469715778],[80.58012516052231,20.67291960724677],[80.55696763054634,20.67023395766965],[80.54490901206101,20.660284047107364],[80.53078285437081,20.660105407703405],[80.51792679271493,20.655062271566283],[80.49565009105858,20.636848402908385],[80.49414946109,20.61250416600916],[80.50441383583683,20.583353382640187],[80.52092818149879,20.580478107526996],[80.53883807283013,20.58499515191507],[80.55783086641799,20.594343193052026],[80.56439332415113,20.603617460163548],[80.58076740500539,20.60836446189212],[80.60140766651776,20.60879304584443],[80.61230644568147,20.6005067408676],[80.63186155062434,20.59840242053674],[80.61734825864086,20.58575241044762],[80.62555415797466,20.578133534837104],[80.62107500395082,20.57442560544718],[80.62095516252487,20.570062883242727],[80.6258657569025,20.568455118473363],[80.62658501194194,20.563812391994208],[80.62430722637956,20.555773397536687],[80.61843334722683,20.555290037156738],[80.61526895569669,20.54989744960347],[80.6213155804462,20.532798899608864],[80.6179550784094,20.525450790909087],[80.62088428901276,20.52589345173795],[80.61732273094768,20.515171619770758],[80.61932483969235,20.50576640403349],[80.61471156035108,20.49255989458529],[80.61259537780414,20.461929959489478],[80.60217419130727,20.449960607197397],[80.61364196352739,20.434980951192266],[80.60813310419871,20.424145764472264],[80.60009481385978,20.418011597682927],[80.59148151013295,20.39307075567985],[80.59658453899395,20.383835644390484],[80.6107485481601,20.375061994528842],[80.60948463684386,20.369854490209057],[80.61590284861832,20.359909819997405],[80.61510836755573,20.351793806624045],[80.6263521064593,20.332626415780258],[80.62236846617954,20.325409182145197],[80.61052376132102,20.318403669509422],[80.58808386355476,20.31791717597423],[80.55919883864735,20.30851010355556],[80.54957593028541,20.30895788823313],[80.54604428409809,20.30603421485666],[80.54349914066731,20.293527069099014],[80.52255973416457,20.273539944667483],[80.51881702577215,20.266166897658255],[80.48991132154805,20.27826160467767],[80.47913201765279,20.27829662831386],[80.46693892839053,20.27612247091333],[80.44720906902742,20.262463483703254],[80.43689527698446,20.26116638370969],[80.41678071125203,20.24881702963065],[80.39525946613657,20.245009003660815],[80.39519141230438,20.237010361212374],[80.40483486471811,20.218730822162804],[80.42205125630716,20.20679901962703],[80.4210050924985,20.196172005770272],[80.40068650707445,20.18971763060801],[80.39658937379367,20.173896927190953],[80.38853832404634,20.165198980218314],[80.40181765192884,20.147244315817513],[80.43337848083753,20.1353303153915],[80.4554483680856,20.137928334783997],[80.45465343564608,20.14525450119474],[80.46014674568589,20.150938195402134],[80.48508297530674,20.1438740488483],[80.50559450426901,20.144439185178268],[80.51241080502587,20.13584427374609],[80.53067145404573,20.131722342921677],[80.54034064412568,20.122847765759385],[80.5520724749412,20.11796153891396],[80.5519329860301,20.10932586721388],[80.54400295547912,20.095637392991293],[80.55490569753815,20.07968511822381],[80.55681165986876,20.07187671711235],[80.5493147516636,20.055248324328833],[80.55098442429181,20.041636049778983],[80.54696712519883,20.017949536815465],[80.54256494432482,20.010770719632767],[80.5498518290613,20.000810329273907],[80.54960050252117,19.985971461816362],[80.5376392701072,19.973793669860175],[80.53580226366907,19.965528866894342],[80.5393905084148,19.962555317167833],[80.53720855570883,19.95930962783393],[80.53890176716313,19.951891861898222],[80.53163965399922,19.948565334686023],[80.52989443581009,19.939467324253947],[80.52361938820587,19.93378541593765],[80.50474410484563,19.92854592108355],[80.48874716895779,19.930607351121598],[80.48073300837756,19.934371030863428],[80.47912393223454,19.94400144408394],[80.47316431456629,19.95094514970894],[80.46603181726447,19.948184840545185],[80.45215558922338,19.957604015841895],[80.43014753397654,19.94063776618268],[80.41125275860638,19.938493863089697],[80.4125736997123,19.924636794127146],[80.40795372561114,19.91271424046019],[80.41388306566395,19.907451130849083],[80.45038051705893,19.896330031107148],[80.4686237013632,19.90756442369564],[80.47414273066471,19.903810201928415],[80.49142656835075,19.902013327906733],[80.49958451757107,19.890842115969683],[80.5058245093918,19.870649757058317],[80.48628715481412,19.86359357693811],[80.48253443397692,19.858808089773806],[80.48416918318448,19.854227712004704],[80.47868977671605,19.83932184555793],[80.47190279869575,19.835559401661193],[80.46907927581275,19.82702165808632],[80.44072110154723,19.810333799890962],[80.42967515910506,19.80714421734569],[80.42158499365736,19.81339976095928],[80.40162425721275,19.817037980545013],[80.40768825629853,19.80600441356571],[80.40169821632963,19.796200723889452],[80.40487769280038,19.793718330539182],[80.42416233678941,19.799161139831412],[80.43948861828477,19.796058492426987],[80.44929679965935,19.789771239649287],[80.4642583274534,19.79577505097475],[80.46803054268774,19.78882491214153],[80.48083009553675,19.7812930131683],[80.48266304576903,19.772736485309526],[80.48902896917731,19.770410388031117],[80.49130505131744,19.7752918737553],[80.48999309818413,19.790146341851585],[80.48496794074221,19.80247722740564],[80.4756525359159,19.80361821993352],[80.46887768027254,19.81044672062313],[80.4805812827771,19.82750578829892],[80.52020639164176,19.831718094254175],[80.54630216415211,19.81826573197186],[80.54755738216309,19.794897187784137],[80.54261193371698,19.779923168787832],[80.55260700537377,19.765560511031392],[80.57145837442847,19.759226540762217],[80.58206328056083,19.750817779214998],[80.5841965255362,19.74737484137016],[80.58141038944167,19.74599532373736],[80.5864668544566,19.74113598986798],[80.60571887456483,19.736734297874346],[80.61105784373531,19.73817128357552],[80.62110409150199,19.733031168166466],[80.62676047241821,19.725784735904114],[80.64013140207919,19.725305627956534],[80.65019957560855,19.71143289797161],[80.67221626208278,19.70071594061986],[80.67425013958312,19.684413106293505],[80.66261736278564,19.62248183049302],[80.66533209762612,19.611879169265062],[80.67027141674313,19.609319227529113],[80.71464771289,19.61670480305265],[80.73033831175555,19.610179538300837],[80.73307816245286,19.606303174130282],[80.74084593418999,19.6062308738888],[80.76942828401965,19.586669707332614],[80.76703311926956,19.57491365898868],[80.77510887803207,19.562511916797085],[80.78113376144546,19.563746888500006],[80.78944237344598,19.560417662217375],[80.81615382734614,19.57119685175902],[80.82395953910479,19.566721369391914],[80.83559325819976,19.566356834545637],[80.84369665990725,19.5384537137399],[80.84967491780877,19.534497707407308],[80.84989802266661,19.528905655093126],[80.85620742875925,19.523002786241],[80.87313902862502,19.518700670038964],[80.88368684662817,19.526170915752495],[80.89496487541075,19.519624789724002],[80.8929402078809,19.50229974463178],[80.89768431780948,19.480448720619723],[80.8934312264114,19.4665797333568],[80.87363088757478,19.44498795881271],[80.84242364446878,19.446908040026834],[80.81252707542478,19.43275613636223],[80.79584983392697,19.4322648239659],[80.79932340582992,19.42272032194842],[80.8042898420286,19.419460594150912],[80.80447310031938,19.411953038153374],[80.81222726909141,19.406364169976907],[80.81664810604099,19.397151304177672],[80.81733060236148,19.383906793600225],[80.8490536481955,19.369737894468916],[80.8528526517039,19.363899946694836],[80.84607765989131,19.35525334532193],[80.81007375854193,19.33621191657165],[80.80609414383382,19.327511371845656],[80.79022116086391,19.32359645337615],[80.77421244223771,19.31357822437146],[80.7552922905134,19.289081714706896],[80.74312758355622,19.289020265030953],[80.7383163845992,19.285456005494847],[80.72656317211805,19.287176113631297],[80.71075961843476,19.28175639982138],[80.68969921079497,19.286975190237072],[80.68864893939467,19.29517223024594],[80.69315362564797,19.31554637747868],[80.68613244549259,19.3267338795324],[80.679896851893,19.33033204982943],[80.65405019154903,19.322810995125906],[80.64835792810949,19.3157173405331],[80.63649355797924,19.3133303188161],[80.63151196016422,19.307169484519207],[80.62329093221297,19.305724193759183],[80.61254345357516,19.30951802666826],[80.60789438210867,19.31823081639197],[80.60765567711226,19.326126379215314],[80.59003107851134,19.351770987133357],[80.58822336220608,19.370258322487423],[80.59179649709348,19.375914083092937],[80.58095795058681,19.397886541828356],[80.57592511916266,19.40235696656874],[80.56247850747982,19.399100733964815],[80.54417342703515,19.383876129752814],[80.5203309408016,19.347769551473807],[80.50681048440873,19.342417815181324],[80.4883438328562,19.341768363428002],[80.48249795577021,19.338135832319885],[80.4573625579692,19.28834081613211],[80.45473502695005,19.27499444752638],[80.4484096805699,19.266631716219347],[80.4298698509877,19.25407664656227],[80.39550194072362,19.246468371394084],[80.38902860561906,19.237968117417356],[80.38393411058988,19.215022187744466],[80.39434503726137,19.196370746280756],[80.39384487509528,19.18779757844376],[80.38765918242501,19.180507735792073],[80.34788660474835,19.160116525763772],[80.3477833321924,19.15236081615576],[80.34068346789216,19.146207479866906],[80.33307893589742,19.145523827136422],[80.32743069753255,19.135110751442056],[80.33961895831563,19.100111045171754],[80.32792194357806,19.09504937677576],[80.33114390651629,19.081349596646955],[80.32966769499215,19.070106706980763],[80.29733916399307,19.049005896081432],[80.30516214188026,19.02734969137339],[80.30312681174104,19.02216332119627],[80.27320479021374,18.99237072400737],[80.27430960746852,18.971186132048803],[80.26912477836291,18.948674598633318],[80.27025056189,18.93987589415213],[80.2761998421156,18.929765396787854],[80.2997899842101,18.911116170291432],[80.31610586793012,18.888762218710053],[80.32619252626253,18.88089628062187],[80.34926007314075,18.847799120939648],[80.35431073034381,18.82645621552807],[80.35141362907943,18.81629220686752],[80.32299536611231,18.79896770704191],[80.31401164268266,18.799927138689362],[80.29993654083692,18.794447165626483],[80.29148995948147,18.78347143151406],[80.28837423300159,18.773780664653604],[80.27592046225578,18.766108764441224],[80.25670727928859,18.76998247850479],[80.24769667984545,18.764196750399748],[80.2447505348414,18.75660744420451],[80.25973735927246,18.742321132883774],[80.27241795900106,18.7235052278365],[80.2522324985061,18.706806675527982],[80.230398094809,18.701805961257968],[80.2193343495754,18.707917360941472],[80.21277170585809,18.705717739853675],[80.20042829383293,18.692559761891392],[80.1965690185287,18.680795451827812],[80.17870449872159,18.68326765804469],[80.16862284566885,18.699709369304014],[80.15770799598768,18.70097975784207],[80.14846390741423,18.69308639596689],[80.14001679172111,18.69300017058026],[80.12855579934165,18.687433262230435],[80.12437711243238,18.681359035744663],[80.11812187011265,18.680516792658448],[80.0990429930327,18.69448168704985],[80.08850663614454,18.70727762520436],[80.074585640827,18.710516560607736],[80.06462058402599,18.723262632398622],[80.0527969519027,18.725058817532872],[80.04141402493764,18.742991080076685],[80.03868305992461,18.7529728120965],[80.02498397701333,18.754939569637337],[80.01854428419645,18.77038297703392],[80.00099302449408,18.77606622374596],[79.99305084064517,18.769934044051354],[79.96415410068816,18.773825003258136],[79.94948729207543,18.789149433453737],[79.92411669455142,18.806901144420806],[79.91403057006339,18.823806695695918],[79.91910520789152,18.83381504456991],[79.94764225035773,18.850182161436642],[79.95851293676515,18.859423891342363],[79.96160503121484,18.866626602963553],[79.95361374127481,18.9045045241809],[79.95741583524611,18.92279211000736],[79.95704647102403,18.942875316945987],[79.941622986147,18.99208919530919],[79.94037874397257,19.03201308916485],[79.93706649946664,19.04269441537953],[79.92891706481718,19.04919432389245],[79.92062814417727,19.04971406413465],[79.89921929493663,19.040243708199128],[79.8770366431608,19.038798641932463],[79.87110277654975,19.04101693690684],[79.86599745206719,19.05420281930357],[79.8584295721302,19.102416227347213],[79.86146141885973,19.112260893649776],[79.87375160660831,19.124051794761463],[79.92532360360715,19.151592736027542],[79.94589510505737,19.169492624268184],[79.94482414597883,19.180078925597282],[79.92545341947906,19.21063892657665],[79.92450569438812,19.225717881489775],[79.93635519915716,19.264126947851732],[79.95056628034118,19.289044223094724],[79.96587244023422,19.30303874174194],[79.95908049470825,19.33594022579849],[79.96796556100684,19.35663109482898],[79.97182692131507,19.381557287391068],[79.97967172155926,19.38865976476644],[79.97793712760755,19.40035740803868],[79.97239402413987,19.41621240605728],[79.94760869714234,19.449678879979164],[79.94821540502251,19.4606004424395],[79.94481948357821,19.469814403438768],[79.93241086682072,19.47654439301582],[79.91450339921406,19.496038271460996],[79.9019644120933,19.50090165712777],[79.8808536788745,19.50356868358361],[79.86458394968639,19.510513651077993],[79.84817311573654,19.52653450868619],[79.84518459341396,19.53320607385182],[79.83134508247849,19.539862270956384],[79.81632687116539,19.574029775342026],[79.80453349409083,19.57990343152265],[79.80930480983452,19.58203980824439],[79.79348352056134,19.606372053904238],[79.78592452883558,19.642997240427103],[79.78363308804518,19.72058556616753],[79.75335220080545,19.75823579648444],[79.7434818011402,19.790232662255953],[79.74092385308694,19.8222932459922],[79.74599267797547,19.83737632367199],[79.8031524147492,19.89292625539386],[79.8006052660601,19.908694026132594],[79.77038499506563,19.96370157677556],[79.77903081462549,19.99754280839519],[79.78790675711568,20.010083232452974],[79.81421838877036,20.02732241137168],[79.85243116681708,20.029647338456517],[79.86084985439086,20.023277458115423],[79.87163218517527,19.988961819436295],[79.87713152419795,19.98131764161188],[79.89458620351625,19.97040061835466],[79.91258054837263,19.96738445262418],[79.92053591916896,19.969192348020723],[79.95221957372239,19.989896014686934],[79.98149629765325,20.027451894822953],[79.98907048254857,20.04258316398059],[79.98073030402496,20.085444890026267],[79.96802349061996,20.117845510940814],[79.95785992544751,20.124400824420196],[79.93154126242536,20.12928627758326],[79.91873788903045,20.137816115441854],[79.91180685590614,20.148049949358423],[79.91578451511879,20.163829088803396],[79.93441093246395,20.192212837463238],[79.95837369911825,20.20349116759497],[79.98335143309616,20.208336476148627],[79.98978363810835,20.212882372471018],[79.99214000930473,20.223120060427966],[79.99059581306999,20.231829486237277],[79.97905752941658,20.251226106908188],[79.9479988515837,20.28032513200055],[79.9437068589342,20.287933510780483],[79.9437402912352,20.306283442366514],[79.94827634275846,20.32306848360791],[79.96953458080002,20.344088282111652],[79.97210095273913,20.353703610441677],[79.9693487240983,20.366532594249016],[79.95823439182011,20.381585037697512],[79.96515610179739,20.41074828885928],[79.96256214912782,20.41713344864654],[79.94583492443641,20.432012043090122],[79.94012916462137,20.44118765627115],[79.94302586077573,20.476833776727617],[79.94928476029874,20.493884254555272],[79.95193909685842,20.529599209068266],[79.94607318231438,20.539491407576993],[79.93147381053383,20.546657582198595],[79.92581755119814,20.553288667970953],[79.93635454798712,20.57889700784641],[79.93924500117744,20.60037469075609],[79.94083093358941,20.63163166563951],[79.92974468235508,20.640554936706103],[79.9372118965994,20.64979992279903],[79.93506920344616,20.664354098718924],[79.9310812467435,20.66848432670184],[79.93472575079623,20.678527264867014],[79.9469582467917,20.682016275441015],[79.96476059957924,20.69424312872016],[79.98026220293828,20.68305258546258],[79.98729649018333,20.67385907520553],[79.99643305176792,20.6752269374073],[80.00642273729403,20.669024397749947],[80.00908517799391,20.6738673605698],[80.01421583521346,20.674855207856243],[80.01641807224011,20.667140562667704],[80.02841440098408,20.68534433219663],[80.0322478381667,20.70005942215477],[80.04604117965908,20.709328969044527],[80.0587763827146,20.712105602344653],[80.07273183192301,20.705459649714605],[80.07881557490704,20.697003420831916],[80.09324874791773,20.6910335033843],[80.10272841346851,20.690930693878943],[80.11289792518554,20.69508608537065],[80.12075596479328,20.688690202591687],[80.13336708654734,20.690067187648523],[80.13544686119958,20.68456890147083],[80.13986593517674,20.685400248237194],[80.14194905328662,20.691319554838678],[80.16263015912905,20.693838272052467],[80.16637223183125,20.68579220007886],[80.17883798286039,20.677393565764618],[80.18477885773812,20.679389141207785],[80.18995319258315,20.675500996659892],[80.19473240962114,20.67700193283189],[80.20211643567393,20.667314350923753],[80.24261504351865,20.6546567626661],[80.25233581305382,20.66400384264284],[80.2489496576276,20.67552664984791],[80.25080828347241,20.678969683099375],[80.26792976813158,20.67829166171581],[80.27353575537532,20.680977930879102],[80.28114764799783,20.70919023608349],[80.29841926665672,20.710278329374134],[80.30906574624771,20.728236972852958],[80.3077655433556,20.73216380433332],[80.31187804489525,20.741457338238497],[80.32127855869587,20.753140377168336],[80.32235756329989,20.76047224508239],[80.31690960047803,20.776184216163337],[80.32300230818487,20.78963685543596],[80.3210485737062,20.798566213020393],[80.32463416952321,20.797824306272847],[80.33023705328574,20.808661683949968],[80.33164108816031,20.819546344200916],[80.34062372626911,20.821315193345562],[80.35661224376862,20.8092923601037],[80.36739690906924,20.812189689470042],[80.38136816390926,20.806558929982604],[80.39158636067437,20.806206880301534],[80.40379313146563,20.808849814014657],[80.41420056359283,20.82469403922867],[80.46168890415285,20.820323179010124],[80.52159975377336,20.8346809590498],[80.52247562763925,20.834431877931934]]]}},{"type":"Feature","properties":{"OBJECTID":541,"STATE_UT":"MAHARASHTRA","STATE_LGD":"27","DISTRICT":"GONDIA","DIST_LGD":"507","REMARKS":null,"Shape_Leng":537865.583749,"Shape_Area":4991495583.94,"sourceDistrict":"GONDIA","district":"Gondia","labelPoint":[80.21789460996088,21.16552386616291]},"geometry":{"type":"Polygon","coordinates":[[[80.20667315570512,21.63560539150973],[80.21451863019101,21.630165059709718],[80.21745687271157,21.633432729297777],[80.21689461565573,21.625647978680355],[80.22147856110527,21.62096991859646],[80.2458427742046,21.620489272006434],[80.25195814263512,21.62496011007416],[80.26672531884385,21.618543683460356],[80.27243832820979,21.61313455141591],[80.2798501260796,21.59721643843487],[80.29406974673618,21.59332476036529],[80.29806167453806,21.575810147805658],[80.32136853061539,21.575870595907336],[80.33930780199772,21.5550773064607],[80.33067725137516,21.551180583337917],[80.33131199734301,21.54754218397314],[80.34433590629301,21.538667687785477],[80.3601476773783,21.534464731985274],[80.37650014474131,21.523278461804793],[80.3847726627424,21.499742100502406],[80.38397335529885,21.490099093393727],[80.39210598601538,21.486704705879617],[80.39042292241898,21.479407527594336],[80.3972168496601,21.471585464224862],[80.40906266863726,21.46736784079713],[80.41870184305819,21.442596525863625],[80.42215511691363,21.44053950368046],[80.40460160911536,21.425023926109272],[80.40856506182891,21.418419944294953],[80.39603515283257,21.408107156074372],[80.40675932976526,21.381704910076106],[80.4122359804587,21.376717499503975],[80.44863171108689,21.372053862315006],[80.4517442042186,21.378063259236217],[80.44973030779121,21.387319008749174],[80.45755687642392,21.4026842708801],[80.47646529767395,21.394897533390857],[80.4810891347775,21.400942733287824],[80.48419122896489,21.395337082699015],[80.50096884495801,21.398506093300657],[80.5084152283243,21.390820978917944],[80.51500588956819,21.39176019881761],[80.51712497810459,21.395198073756465],[80.52393149857606,21.391223884631383],[80.52762243832456,21.39487045656001],[80.53180150478444,21.38206583149254],[80.53920222215743,21.38270648381559],[80.54316242306781,21.370705326379053],[80.55840830021678,21.36733873603656],[80.56074321584931,21.363645635998463],[80.5638762432084,21.364969941163544],[80.57018968633578,21.35751647394409],[80.56541378384989,21.353992429725054],[80.56669934045874,21.34565212220208],[80.5727739509006,21.342804636686058],[80.58137191980724,21.346988748996754],[80.58947091542285,21.34371661199121],[80.58934414935581,21.333598529933372],[80.59779285879365,21.331547903913787],[80.59988540077863,21.32679752565404],[80.60786223464254,21.323858663819074],[80.61115856191489,21.32761165859012],[80.62133788358267,21.32036872819872],[80.64491089586078,21.328040056954542],[80.65191382296157,21.327130223368393],[80.66314032163775,21.33437258414054],[80.66555822095125,21.328248470823922],[80.68156367753265,21.313567158451093],[80.67956783984067,21.298836963591064],[80.66996649589164,21.29115827740523],[80.66124014052062,21.291065572430036],[80.65907931584943,21.28194840910081],[80.65071315557367,21.27737557815388],[80.64878917950259,21.26216145587236],[80.64383532100578,21.251472899422183],[80.62311654570611,21.24009181999686],[80.61378246066872,21.226566247899264],[80.58758227320573,21.222096282266794],[80.57790301606495,21.217492139581882],[80.5697680777403,21.20581145438463],[80.55946882794196,21.20210472122906],[80.54143970525494,21.201089760957768],[80.52962916961408,21.205333050356092],[80.51775776541146,21.19281226459877],[80.51498653173294,21.183028928095876],[80.50258601687527,21.18531906289287],[80.47861106610651,21.1706840909223],[80.46426127153444,21.175027647605127],[80.45875352508907,21.150052692718482],[80.44471246150141,21.12196057430496],[80.45811761817075,21.114868953759203],[80.45360145607809,21.11155637802757],[80.44780261711276,21.112421483533687],[80.44647061053853,21.10479906709626],[80.43914724698179,21.096560304104532],[80.44629220024754,21.08412484189474],[80.44652289359784,21.07341274976833],[80.44966259846973,21.06918434690762],[80.44718186956554,21.06326045426906],[80.4539313521974,21.05306470653818],[80.45264425358053,21.03883077777782],[80.44949887163443,21.03032397445432],[80.44011820983422,21.028083366201805],[80.43923041187327,21.02183802540591],[80.42426268267376,21.008502695383978],[80.44377248216182,20.99404069691328],[80.44535323260574,20.97062873841159],[80.45469561159304,20.9527951125215],[80.45471638705065,20.94659447438389],[80.46174570954688,20.939839547910765],[80.46369587053273,20.92919856119959],[80.51907002313261,20.929823147054186],[80.5460578415614,20.935013082240108],[80.54627574639035,20.931991922636527],[80.54202739649593,20.93021510135525],[80.54177609889688,20.923915085510313],[80.55611575602698,20.88919701844189],[80.55503966729567,20.84658241449782],[80.56173579041707,20.823463633179884],[80.55467156683744,20.822283414159603],[80.55094909282856,20.826050566930366],[80.52159975377336,20.8346809590498],[80.46168890415285,20.820323179010124],[80.41420056359283,20.82469403922867],[80.40379313146563,20.808849814014657],[80.39158636067437,20.806206880301534],[80.38136816390926,20.806558929982604],[80.36739690906924,20.812189689470042],[80.35661224376862,20.8092923601037],[80.34062372626911,20.821315193345562],[80.332302615998,20.819908918592812],[80.32463416952321,20.797824306272847],[80.3210485737062,20.798566213020393],[80.32300230818487,20.78963685543596],[80.31690960047803,20.776184216163337],[80.32235756329989,20.76047224508239],[80.32127855869587,20.753140377168336],[80.31187804489525,20.741457338238497],[80.3077655433556,20.73216380433332],[80.30906574624771,20.728236972852958],[80.29841926665672,20.710278329374134],[80.28114764799783,20.70919023608349],[80.27353575537532,20.680977930879102],[80.26792976813158,20.67829166171581],[80.25080828347241,20.678969683099375],[80.2489496576276,20.67552664984791],[80.25233581305382,20.66400384264284],[80.24261504351865,20.6546567626661],[80.20211643567393,20.667314350923753],[80.19473240962114,20.67700193283189],[80.18995319258315,20.675500996659892],[80.18477885773812,20.679389141207785],[80.17883798286039,20.677393565764618],[80.16637223183125,20.68579220007886],[80.16263015912905,20.693838272052467],[80.14194905328662,20.691319554838678],[80.13986593517674,20.685400248237194],[80.13544686119958,20.68456890147083],[80.13336708654734,20.690067187648523],[80.12075596479328,20.688690202591687],[80.11289792518554,20.69508608537065],[80.10272841346851,20.690930693878943],[80.09324874791773,20.6910335033843],[80.07881557490704,20.697003420831916],[80.07273183192301,20.705459649714605],[80.0587763827146,20.712105602344653],[80.04604117965908,20.709328969044527],[80.0322478381667,20.70005942215477],[80.02841440098408,20.68534433219663],[80.01641807224011,20.667140562667704],[80.01421583521346,20.674855207856243],[80.00908517799391,20.6738673605698],[80.00625191167745,20.669023935045143],[79.99643305176792,20.6752269374073],[79.98729649018333,20.67385907520553],[79.98026220293828,20.68305258546258],[79.96654938101629,20.69192609557256],[79.96523288382943,20.697559220602944],[79.9712157334004,20.711255205266138],[79.96925902906497,20.71531853161635],[79.95472679817604,20.72015786478052],[79.94756663106132,20.717957742455223],[79.94429432489227,20.72090405831399],[79.94712544592687,20.729112910365252],[79.95473437251785,20.730075305793488],[79.9561478344829,20.726968575670988],[79.95611800863234,20.73137217220481],[79.96252122945663,20.7379182598321],[79.96767256725639,20.73689810667151],[79.97143410515324,20.745070801458194],[79.95668653925725,20.752772927374785],[79.95534901368455,20.76597462776052],[79.97970424133531,20.773033190223607],[79.96717216342695,20.783143082856647],[79.94728948957477,20.77993655781529],[79.94958564560213,20.788721534885518],[79.94169968081393,20.788390428563687],[79.94054417090828,20.80137204954425],[79.95365965031674,20.80660436995656],[79.95914362358253,20.812931740228294],[79.95112844742823,20.826117347014957],[79.95880012980928,20.82652986000063],[79.96582776071811,20.831848196734605],[79.96749362227447,20.825726566826187],[79.97193485090203,20.82433319333891],[79.98783441451594,20.826965586966708],[79.9991707449446,20.850476379062325],[79.98751309339157,20.85509749105304],[79.98256702781879,20.862105955825168],[79.97993090852968,20.85528369789344],[79.98292181107247,20.855195738671544],[79.98637977449857,20.848105247547878],[79.9797706556352,20.83595387409396],[79.97435206809983,20.839930952389064],[79.97007094000402,20.855419765688733],[79.96548028223593,20.854883553301935],[79.97042135106783,20.87434819703058],[79.9696763655907,20.880847355426987],[79.9644811143966,20.88090138542776],[79.9646625085486,20.887289194570297],[79.97501677251941,20.88643838637425],[79.9772089069912,20.890135879031956],[79.97150929152602,20.89122573900392],[79.9701200306208,20.90991058275929],[79.96181594046838,20.917363260576586],[79.96365026452234,20.93199887773444],[79.96908264041538,20.934471176629156],[79.96896008735882,20.939974677108406],[79.9543298329601,20.938917966749123],[79.95279051076798,20.94111978569814],[79.95417812297484,20.944795958336734],[79.9591975627022,20.94531426790091],[79.95861365447226,20.951222232023134],[79.96431418743394,20.953586707703927],[79.97098003505441,20.953608520414875],[79.9767146763642,20.94713817912239],[79.98619633266745,20.95280630793878],[80.00216421237054,20.948615076767027],[80.00853328922051,20.95412328315757],[80.0130784186626,20.952673488280602],[80.01594558543572,20.95556967389976],[80.03242044667707,20.957614335445214],[80.0345279234281,20.95700280800993],[80.03350093592641,20.949864150200835],[80.02940238788793,20.940864232367076],[80.0224534519155,20.945125202663462],[80.01789478151794,20.94193767831641],[80.01473769435202,20.943738403177726],[80.01117619476305,20.94272296624486],[80.01024346891288,20.937413374122816],[80.02174748063588,20.93275900999286],[80.03157905240704,20.93530210286776],[80.02880851637372,20.94010333372262],[80.04064287849296,20.936285399785074],[80.04861921468907,20.95545684384369],[80.0376889886995,20.95867575728714],[80.03718035921877,20.965038075319825],[80.06206811064587,20.948941383056674],[80.0579007459574,20.958247146716324],[80.0709272504776,20.95656311008483],[80.0707762166091,20.965365398735237],[80.07481624809857,20.965206741327535],[80.08192041011027,20.98240617461852],[80.08239197014427,20.98677858809989],[80.07636678578457,20.98966589808052],[80.0839444744439,20.98667296005066],[80.09345596913984,20.99191581997681],[80.10209680840217,20.990425176435615],[80.09746179632428,21.005310070228234],[80.09394794839605,21.007870581924465],[80.09904558740615,21.01918762506317],[80.09802034485021,21.02667671081101],[80.09454102020274,21.02742379819665],[80.09587350692173,21.032842678616156],[80.08345639878475,21.035354500496794],[80.07761654468067,21.0277339828985],[80.0630395072288,21.030706519699017],[80.07647569805486,21.0387496923706],[80.08010977468183,21.051104372340212],[80.0753919965729,21.057663562305564],[80.06881455309872,21.059934211570287],[80.07902989324567,21.062442276312215],[80.08428113842267,21.07369920944979],[80.06969726804986,21.08159029276618],[80.07653532223749,21.09344717427109],[80.07536843804075,21.098423631899408],[80.06101443692012,21.09917970020112],[80.0701263646494,21.11314354967446],[80.08211757141086,21.1185955276183],[80.07258661631103,21.119920271978796],[80.07165326663666,21.126465907972385],[80.07398309884412,21.127276846328098],[80.0735514325358,21.13488376759676],[80.07848592308585,21.136486898204158],[80.08051596932208,21.147747617215074],[80.07207569335846,21.155566313450183],[80.0668782267164,21.17269333300534],[80.07062120015527,21.174591333065656],[80.06897783902507,21.182961346473338],[80.07288256626916,21.186984532097245],[80.06896345444383,21.188848257087752],[80.06875242005557,21.195950642747043],[80.0546801759125,21.200067101074925],[80.04933373487697,21.207094186739653],[80.03260678263484,21.213526844783097],[80.02448957578973,21.213015331410073],[80.02653077813046,21.220660750763333],[80.02311564951577,21.228645293280817],[80.01099787076235,21.21992881883945],[80.00278338148063,21.218125771119904],[79.98974999635175,21.233850286101564],[79.96605068230933,21.23272804682298],[79.95582668937152,21.238066822020784],[79.93899124690321,21.254939546852857],[79.92067710418617,21.255749165151787],[79.90592634042753,21.244722784699043],[79.90262040691566,21.251067182120135],[79.88674902652352,21.25052543543312],[79.88892774882639,21.255927217007265],[79.86734235907979,21.24985005870358],[79.86301080154527,21.24452399637215],[79.85971433130419,21.247756802610223],[79.85550357465587,21.244885879988114],[79.84010654832197,21.253837393322108],[79.84101546188573,21.25689394071199],[79.85334693508993,21.254977531940277],[79.8536673690758,21.25161073407428],[79.86392940065386,21.251863496968273],[79.86328306763744,21.25817822716412],[79.85934192026875,21.26156011113811],[79.84924674524719,21.25916662503997],[79.83130070772155,21.263407610432257],[79.82597403248614,21.277157962239013],[79.82695060736584,21.280921202349575],[79.83782383114881,21.284899498650574],[79.83316186971392,21.29224371041176],[79.82909020170035,21.292327390971302],[79.82837367832411,21.30038667044725],[79.83302238401629,21.30279853455764],[79.8334544127339,21.31009363780669],[79.83060696248872,21.309508951831127],[79.82578908872195,21.3195629201846],[79.81296224053949,21.32127214531326],[79.8148577727738,21.335266914742213],[79.81070391659304,21.33891974330167],[79.81322395387761,21.355834746871345],[79.80003811502647,21.357603454603353],[79.79595644371554,21.373673407792822],[79.80271736789193,21.38322340421783],[79.82128398704525,21.39142436127965],[79.84786043312661,21.411726128462778],[79.88034960064094,21.426103111339657],[79.87952421127176,21.43851693174824],[79.89058025872947,21.456051055239158],[79.91820728777998,21.480850449268477],[79.92767520045611,21.49543446327468],[79.9261666953105,21.51364081493162],[79.91780210015855,21.524410140283077],[79.92218648946597,21.541802922842592],[79.93283943416428,21.55503970876494],[79.95041479443766,21.554346378827972],[79.96964415972286,21.55834644244683],[79.97952464344291,21.55051910306263],[79.98987215698118,21.53597173772155],[80.00052640964336,21.533732229037973],[80.03286540282346,21.556213991889354],[80.06231458779055,21.553395205169487],[80.07221333084901,21.55678926424867],[80.10061885010315,21.589501110366577],[80.11606236773625,21.593253076277684],[80.1179724372038,21.607593737777815],[80.12133339814775,21.610876398211968],[80.1286738041501,21.611444956090605],[80.14561369619207,21.605524592052088],[80.1546169874931,21.606471028027908],[80.17029113102207,21.62291284647383],[80.1876274164965,21.628542897502026],[80.19277827671372,21.635450508447466],[80.20653776662576,21.635628794312368],[80.20667315570512,21.63560539150973]]]}},{"type":"Feature","properties":{"OBJECTID":542,"STATE_UT":"MAHARASHTRA","STATE_LGD":"27","DISTRICT":"HINGOLI","DIST_LGD":"512","REMARKS":null,"Shape_Leng":498581.112012,"Shape_Area":4555533347.77,"sourceDistrict":"HINGOLI","district":"Hingoli","labelPoint":[77.10036652302601,19.637672409600484]},"geometry":{"type":"Polygon","coordinates":[[[77.01047861965868,20.003456271555052],[77.0175605319681,20.0019416414413],[77.02548664215222,20.00967994721925],[77.03413523505274,20.00932713302816],[77.0420591707851,19.99903458951077],[77.06162820042873,19.993887553113527],[77.06277252341985,19.98521200425561],[77.07042060980835,19.981607952320193],[77.0707924040603,19.97220117866993],[77.08467177270244,19.963997861317395],[77.08257948303059,19.955542392778884],[77.09309662108248,19.9437052110677],[77.09299686851759,19.935231292915365],[77.10260847238473,19.931428980235776],[77.11407932638993,19.93994619224005],[77.13361473196876,19.941885079365274],[77.13616903069871,19.95267560209788],[77.15409427724836,19.965908885030544],[77.16948358721285,19.964508525560575],[77.17785870064301,19.979758237103955],[77.20209133526286,19.990626988421294],[77.21488698535599,19.973319469431],[77.20838543862943,19.968982245258346],[77.20386246943009,19.948576960725674],[77.20549206079541,19.942114006016993],[77.21073427410221,19.937999840808708],[77.23525881342289,19.93867483743088],[77.23822152329835,19.934530850360495],[77.23798707276075,19.912676838794333],[77.24562431918442,19.905499195746078],[77.23407854081852,19.897457261799996],[77.23652444777424,19.88943456539826],[77.25012599174521,19.894875888958403],[77.2558054433113,19.9016202138985],[77.26628918004502,19.897638792614945],[77.26957446680578,19.90234754541541],[77.2711567694992,19.919578349487],[77.27966234235254,19.917756332443957],[77.28379406007986,19.90604372239241],[77.292233024857,19.903356887467293],[77.30661730167255,19.91439038574813],[77.3126752858727,19.914576246967716],[77.31221756944396,19.89408928599134],[77.29353988620981,19.89527860662404],[77.29195187575924,19.891142290282097],[77.29528156421425,19.884328127324626],[77.30771568980077,19.882645711564976],[77.31903176896074,19.88964933197992],[77.32545310547216,19.887361090181734],[77.33252219167083,19.8781141983939],[77.34548944934556,19.877110453019668],[77.34486525463022,19.863907898240665],[77.36403328637948,19.858893589792046],[77.36357373206091,19.855445287431298],[77.35174319628587,19.849826483027112],[77.3608352541277,19.836334015308108],[77.34149575995063,19.83623195768796],[77.34034673593844,19.83124959332936],[77.34403047830564,19.82536154708169],[77.35376657182448,19.81735467736382],[77.36702583401666,19.826094159440533],[77.37650235995743,19.82288530294199],[77.38664288507323,19.82374629777628],[77.38946425566562,19.818559946120992],[77.39065357323476,19.812769095825264],[77.38419213288702,19.80991253671777],[77.37764674612984,19.78684922647735],[77.40085808273321,19.78128367881365],[77.40451203730119,19.772985652431178],[77.40029360074388,19.766469231615396],[77.38318383398779,19.76609302855189],[77.37649238500225,19.748142887911214],[77.38140901664168,19.7389791940645],[77.3804424431688,19.729410946319597],[77.38439972635986,19.725815358606024],[77.39342659202235,19.728085654909417],[77.40910318913593,19.745616217196783],[77.41341400259246,19.743209591448657],[77.41442138739616,19.736808905694364],[77.43185016441781,19.730468740207503],[77.43870097196208,19.72517729566507],[77.441120649192,19.714191868593073],[77.4455106414722,19.712122133876175],[77.44940908659719,19.70080593078856],[77.44246810419757,19.69364446124165],[77.4436426131104,19.689781653105413],[77.45903379602318,19.682356175078084],[77.44959750904955,19.67372144471348],[77.45377048612701,19.674807624721776],[77.46244088404049,19.669644987819346],[77.46184029560649,19.665188825285473],[77.46651897728685,19.664244436445724],[77.46164598481755,19.645092119734443],[77.46650881096514,19.64240040425359],[77.4626041245997,19.61144656707605],[77.47936677167083,19.599577122662094],[77.45651558738277,19.580324319487314],[77.45089599957556,19.569052898708264],[77.45262881374667,19.56199708198199],[77.46625360415848,19.564072310876295],[77.46439490036201,19.544370123705022],[77.4657971857213,19.53313674668773],[77.46983177456494,19.52840467370024],[77.4676025196443,19.501721295067878],[77.4700251179962,19.49089780029615],[77.48464600429335,19.497979918694487],[77.48715021847644,19.497954759428595],[77.48444056531623,19.495228465474657],[77.48958060893557,19.493238899055356],[77.48489742901153,19.47566703545358],[77.48654201806308,19.458156297969676],[77.47372903386514,19.45880659742363],[77.47017692659334,19.437993029404446],[77.4481515741197,19.440511533688856],[77.44470256010189,19.420953372600103],[77.43595826701278,19.40711239508626],[77.44773880393015,19.393611749479398],[77.4472799080302,19.386341664052363],[77.43521960741755,19.379722095017097],[77.41652874822176,19.380618625139235],[77.41360817149592,19.368847850425652],[77.38963593047194,19.3523140138649],[77.38531783205792,19.339877557030796],[77.36232515960661,19.339537296859],[77.34920481654153,19.34675470625094],[77.35001666037347,19.352218596757865],[77.33818241344567,19.355970873130296],[77.31167505068876,19.35503379761264],[77.31074388095647,19.330765026938654],[77.30166192016826,19.333219635341827],[77.2983842100621,19.329019684330113],[77.28112209109499,19.326319137933297],[77.28072519810716,19.316022255713406],[77.26389070195627,19.31503054742745],[77.24134968981289,19.3228609138993],[77.23776984786718,19.312632220030615],[77.23545151145898,19.275200792006714],[77.2201810610645,19.275739681345744],[77.20226901426788,19.255113080555446],[77.20308954430062,19.2447783834571],[77.19329899122059,19.244399808637862],[77.19188933348023,19.236299444723127],[77.18322912043797,19.23233089475263],[77.1788837645733,19.226265969663736],[77.16301278555967,19.232454906751492],[77.15441050033765,19.221780562025057],[77.14038366133025,19.225776383240404],[77.12585680410174,19.23713203358075],[77.11074788121124,19.238584068819797],[77.09830703568535,19.235794951937507],[77.08845488834856,19.240242600357828],[77.08749912638045,19.253169766889986],[77.07835435574322,19.25730263041],[77.0512153930929,19.252272495747587],[77.04041022871644,19.245634569967407],[77.02462842479586,19.247663869407493],[77.0116725197926,19.253858453745018],[77.00975191937916,19.26986292786871],[77.0104866798056,19.274023894796837],[77.02204640748232,19.27773418805264],[77.02208861447625,19.285186778385054],[77.00236078237897,19.28296101136912],[77.00047328986416,19.272820487283855],[76.99522643765603,19.275103024146475],[76.99383378492809,19.280773766917175],[76.9893406111865,19.280965746894868],[76.99008308811443,19.28783003658202],[76.98588167847532,19.288507060961816],[76.98433286782304,19.303051798939],[76.98660352370905,19.308242472506222],[76.98364404532013,19.309441393540272],[76.98435555300078,19.315344208090888],[76.98022237087818,19.31970192701795],[76.95620835617568,19.320417706916295],[76.93916887718017,19.31447368633871],[76.93650845203382,19.30780476494437],[76.92290490310556,19.310249487250914],[76.92270589162982,19.298304072215874],[76.9006789509474,19.298233773745554],[76.89116108213794,19.30802975001941],[76.89444407649823,19.316582801449478],[76.88871429126556,19.3178512064005],[76.88929490398235,19.322730278066366],[76.89835564882306,19.32062199622103],[76.90094536777742,19.32517385668831],[76.89954148165138,19.33324270417781],[76.9086214629049,19.331998475564887],[76.90939672494656,19.33662571308286],[76.91366278176427,19.33568037651405],[76.91605671834022,19.338587040998917],[76.90660083780698,19.338950190858345],[76.90058771068227,19.342979393457657],[76.90047645482807,19.33867373090626],[76.8895082694359,19.350194703014104],[76.88858113177199,19.355117794815293],[76.89341062659305,19.36556534235428],[76.89214505361316,19.37912698652675],[76.90058045678524,19.38739721953975],[76.91137622195484,19.411902111530146],[76.9197000738336,19.415299500625654],[76.91599784579932,19.42401416525761],[76.92187429591007,19.42629671736595],[76.9252453865592,19.437395801916118],[76.92074191554777,19.44305855601619],[76.90071954891768,19.445877877201223],[76.89587480657607,19.428943265269336],[76.865055328072,19.4390139012204],[76.86617687607004,19.44394166535579],[76.86994242877194,19.44451450676934],[76.867958289654,19.448102321289127],[76.8732180954122,19.448635206635075],[76.87378190935377,19.45416340904508],[76.87931885870569,19.45286842021097],[76.88083230966075,19.456815536497288],[76.88644272763027,19.456875543557032],[76.88759887910336,19.462059733032905],[76.86606495937531,19.468234094667174],[76.86593751839845,19.477600216805804],[76.8603835764956,19.481730598254973],[76.85608637788386,19.491510588089216],[76.86047843175932,19.50450730438507],[76.85526862924172,19.50703577147449],[76.85699293956571,19.535493097649603],[76.88263181471532,19.533748337109973],[76.88519016459396,19.549732890483394],[76.88181337522576,19.5505940979963],[76.8889049217049,19.560261989138276],[76.8926920093272,19.58252897927917],[76.90337830278621,19.5845761512909],[76.9044618712365,19.59029334424791],[76.91617811794444,19.59803424234518],[76.9246603222429,19.598231321032664],[76.92630196278306,19.611217023040883],[76.93003234397065,19.61107207867344],[76.9261974707903,19.616448236497817],[76.91466594383661,19.617563166356796],[76.9149845398562,19.637256146970852],[76.90797392695353,19.645271910184935],[76.89693334729569,19.642950160982323],[76.87698924711528,19.620939299061284],[76.86713539652168,19.624042472088107],[76.87532962583963,19.637002230841063],[76.87031623834262,19.646589635180927],[76.85671436868041,19.645644761087627],[76.85032652269298,19.65106824224977],[76.84963018793461,19.6622453259116],[76.86188673277412,19.67147031369158],[76.86357369173741,19.67614011404037],[76.85426105640546,19.690908112098317],[76.84963659948697,19.70673216398483],[76.84026659843148,19.702521354359263],[76.81922208941374,19.706850466915345],[76.8134095311991,19.700472793412423],[76.82404188543038,19.685817960176607],[76.82319583827204,19.672630985970276],[76.81893904853624,19.670576086715645],[76.81294781300319,19.68054294436428],[76.80716133227502,19.683022308275504],[76.79792144248493,19.672095404949253],[76.79104781030219,19.670441030276322],[76.78590101182391,19.676212256774253],[76.78694231328295,19.68803815187263],[76.78289343534617,19.70366382944893],[76.78962349547072,19.7223270070298],[76.78394377822974,19.731313224675866],[76.77836340569114,19.73258602821291],[76.76723080624677,19.719150981098252],[76.77212721778746,19.695697923625577],[76.7606911525335,19.685416655206886],[76.74879166042415,19.69692581473188],[76.74788552883734,19.70611770361673],[76.74373674511104,19.711309834009686],[76.73234964533867,19.714241307736156],[76.73195215194758,19.720396884423312],[76.73889606600727,19.729443065599963],[76.73584320380641,19.733953248929105],[76.71992626165877,19.741102312552446],[76.72385085918376,19.74962510542798],[76.71687820130084,19.768880043411063],[76.70832332370864,19.770057260561128],[76.70059905225915,19.76533486670039],[76.69623909747872,19.756337524107995],[76.69118194841336,19.755043714769485],[76.6860539410412,19.757631364739233],[76.68660974649268,19.767907372675527],[76.6693171947338,19.775484552451797],[76.65875670719757,19.77715825128289],[76.64199110653752,19.773697639688567],[76.639497141836,19.789528872430687],[76.6322846340661,19.803105054336918],[76.62737439992962,19.804057131034835],[76.62288092732256,19.7989775218955],[76.62803669155196,19.790837979081108],[76.62731162972804,19.784012389628423],[76.60505263316918,19.77507636167774],[76.59631500634201,19.77715467441434],[76.59238122439285,19.780414884562788],[76.59284958669478,19.784433112116805],[76.6057370833703,19.78779166797799],[76.60998339754047,19.791816123126672],[76.59705058021333,19.799567769585046],[76.59733709612759,19.803757952870185],[76.60539280006832,19.8104721999325],[76.59413012055907,19.830369207413508],[76.5826768680818,19.82637764799925],[76.5699824016504,19.826719062685072],[76.56667039258961,19.817064501958505],[76.56326321347318,19.81532940797044],[76.55431280310506,19.820751634177228],[76.53954202859995,19.818102748355017],[76.5355787094905,19.822643324942405],[76.52182245512367,19.821377984184775],[76.51277046593312,19.824132521558468],[76.51535128331376,19.826920392243252],[76.51246763061802,19.831833782156394],[76.51723173366308,19.832725242870897],[76.52277474711069,19.84189517109809],[76.51902241375628,19.849997426859446],[76.53409751846834,19.850267419473177],[76.53959196108207,19.845389833396872],[76.56409081438119,19.839535334162314],[76.56745924333822,19.839894916320908],[76.5696493613297,19.8453687302133],[76.5916944421605,19.844510409670427],[76.60169758700683,19.842981782114673],[76.61082751252287,19.837493535900244],[76.61941006090235,19.84131875423191],[76.63321301357121,19.86898819912078],[76.64680703682335,19.867525234439977],[76.66165718824078,19.853248198844746],[76.68120306675561,19.846991215632535],[76.691945366639,19.859614662350804],[76.68928538663226,19.86382800886737],[76.692948655972,19.87400062734516],[76.69856870573568,19.875425476983473],[76.72131756092654,19.869447731117425],[76.74026621017853,19.87331115622775],[76.74366808948493,19.885580548898332],[76.74255332997144,19.901879029419046],[76.74714844205263,19.912306258358242],[76.76540139121194,19.9044057589594],[76.77068675539184,19.918919255268463],[76.77228912003754,19.93577546331059],[76.82135871047514,19.92919911307178],[76.83728473131686,19.96390865124515],[76.8598350718949,19.961537051265353],[76.87231103335435,19.958283029359],[76.87315130198364,19.954304895805173],[76.88898910544145,19.95279597397728],[76.89538096399735,19.949133455263567],[76.8995631823167,19.95273006390966],[76.90046167746551,19.96425545103578],[76.92234719969181,19.975866685045126],[76.94378227454321,19.984841062690766],[76.9618918259966,19.98728252257714],[76.97240026392636,19.996414564445963],[76.98834823992378,19.99806629984775],[76.99216843259393,20.017104608052744],[76.99581072436746,20.01724821341588],[77.01044567398709,20.003475204438207],[77.01047861965868,20.003456271555052]]]}},{"type":"Feature","properties":{"OBJECTID":543,"STATE_UT":"MAHARASHTRA","STATE_LGD":"27","DISTRICT":"JALGAON","DIST_LGD":"499","REMARKS":null,"Shape_Leng":821900.113965,"Shape_Area":11367756957.5,"sourceDistrict":"JALGAON","district":"Jalgaon","labelPoint":[75.4880635835973,20.932634547531162]},"geometry":{"type":"Polygon","coordinates":[[[75.2430905362593,21.40925436475922],[75.25484048200073,21.401889167442913],[75.26421547693464,21.40740488750499],[75.28017269275253,21.407234142854445],[75.29532572610205,21.413573194020373],[75.30110035600629,21.409936042380732],[75.29857792103984,21.40122391776052],[75.3001258735353,21.391696045104904],[75.29624028478982,21.39023112864451],[75.29874023803802,21.3855672709235],[75.3078546529316,21.39278766705756],[75.3154076425621,21.387926917905215],[75.33193529169516,21.391355118007517],[75.35160344643998,21.39082606197881],[75.35716192214369,21.400865320255473],[75.37540861462345,21.39049348038805],[75.38243838150922,21.379542432244264],[75.39792484364534,21.37987523400391],[75.40778613341904,21.387378857854355],[75.4203998495071,21.387823054602247],[75.42612910803368,21.391005108005196],[75.44015274258203,21.384461227448373],[75.44933129147921,21.390409140863607],[75.45754582646113,21.387451907826335],[75.46794346366184,21.390445076040265],[75.47574727196489,21.386575114788712],[75.49754655320952,21.38751322450142],[75.51201065131663,21.382093441546036],[75.52005437330926,21.38701642852197],[75.53502396109948,21.373572327753],[75.54137671501124,21.373411914741922],[75.54372432653153,21.36852798188468],[75.55592611633408,21.379032870398007],[75.55827446318524,21.378519027649748],[75.55716796895865,21.37322163963042],[75.56214708413849,21.376289742132514],[75.56577354123688,21.374141608867774],[75.57895388685591,21.376484857620472],[75.57124038640792,21.381463596666006],[75.58733734818176,21.38923096841595],[75.59920669054776,21.385651746018283],[75.60693955685265,21.391844086450497],[75.60729456448004,21.388946045611494],[75.610511247427,21.390704116695673],[75.61631815327927,21.388092227288904],[75.61666593425076,21.38176546937682],[75.62302546771764,21.375023480453656],[75.63640844379849,21.37742179625923],[75.6412735922936,21.374875871733867],[75.64660674968023,21.37873866531165],[75.65772484711573,21.378772883220364],[75.67009030901208,21.374579340036913],[75.68480202746495,21.380246824667093],[75.68761472019733,21.38408403882788],[75.70323867259317,21.38807406341924],[75.7157557017313,21.38797748312377],[75.71876675667194,21.384358583576734],[75.72847084957107,21.388683647895427],[75.75112979531812,21.384661313499908],[75.75513600717215,21.379380638560203],[75.7770216404302,21.384515923541755],[75.8027348865666,21.38456940807816],[75.81304091985832,21.37905955433409],[75.83336373232822,21.376636529379688],[75.84139432814612,21.384540963976335],[75.84331856648933,21.381953664004662],[75.85315902952391,21.38337780135351],[75.8624601265882,21.379924244189283],[75.86977867349087,21.386404926415132],[75.87035240668516,21.391227890085375],[75.88561357653526,21.394709101525454],[75.90323699767552,21.39170413170187],[75.9106581478306,21.382574498080036],[75.96305971805768,21.38970987741037],[75.98661560176748,21.368772829354747],[76.03049914173171,21.365331329313747],[76.04858570507575,21.349733718727787],[76.09659931255872,21.371769485570006],[76.12146612417529,21.3233693137577],[76.12974038088058,21.286704633087446],[76.14292794366945,21.28623421557678],[76.1466306604512,21.26787198517323],[76.15115926745366,21.267993419277236],[76.15429373517212,21.257701210868863],[76.15718447860068,21.259610782556447],[76.15936112497539,21.255974996373954],[76.15732723822329,21.251387228919675],[76.15386853392629,21.251934366479567],[76.15142609077171,21.243525385667073],[76.14156071021264,21.240988746344346],[76.1420361546725,21.22816347741728],[76.16565907548114,21.221615891766238],[76.15863517292438,21.213588088825123],[76.16326317224173,21.213130944240646],[76.16334335315298,21.206506090128464],[76.171924701793,21.205302692676504],[76.17161445068378,21.198957896905025],[76.16628870669422,21.199722441042862],[76.16520753701089,21.190469547857468],[76.17306058671291,21.188570827922785],[76.17639598828298,21.183995212411922],[76.17146400386758,21.179539362081954],[76.17168618728809,21.166560396298404],[76.16628844109195,21.16950550050059],[76.13386404615166,21.169411603438135],[76.13333475341946,21.17595533362593],[76.11158252785759,21.16676948321735],[76.1134803422826,21.155393954756217],[76.12837503225211,21.15264854631368],[76.1424684235254,21.13515284797098],[76.14100941274012,21.129706766667024],[76.13714936052224,21.131888281482645],[76.13540675135482,21.129214921460818],[76.13162905846339,21.132801113398088],[76.13441966751792,21.124148021862],[76.15381817421776,21.10805085937357],[76.15861657472016,21.109400268658213],[76.16348101206499,21.104883303583087],[76.17088709958188,21.103933060753366],[76.17043651456962,21.09388063459709],[76.17385168315877,21.08967522274933],[76.16842746984244,21.085671059456622],[76.16740076567744,21.079484396087],[76.18064274148952,21.080311471007345],[76.1924775301957,21.086697408920127],[76.22465828111376,21.084979004214468],[76.23057913395326,21.088326355449603],[76.2603849958135,21.090583010443797],[76.27263266937307,21.088739262669147],[76.28013163027842,21.070688525419055],[76.29984701111809,21.07384148240745],[76.3385847544311,21.071519658490313],[76.35141599311086,21.076986271663415],[76.36630774805377,21.076061689869213],[76.37349635516647,21.072440080250132],[76.38587295416856,21.076333548465577],[76.38854441615584,21.053945174450945],[76.39865605683482,21.033134112929883],[76.39617643909816,21.02393792204953],[76.3879446072217,21.014995874915744],[76.39009763429831,21.015186914419726],[76.3803756218984,20.977022447571535],[76.36671926720666,20.978143546425304],[76.36616965066209,20.973917785941357],[76.3511680703733,20.96139836857535],[76.35220524943769,20.95687342900919],[76.3459922197443,20.95666639965343],[76.34495655225228,20.951259676054732],[76.31888253070161,20.9509693324496],[76.29911079719147,20.957701209939167],[76.27934333001907,20.95739591961512],[76.27707075631716,20.967856434083362],[76.2661907420771,20.980148757794268],[76.251636559466,20.98815763809346],[76.2384077840894,20.99036046625568],[76.22377802065479,21.00620918804792],[76.2110760194131,21.0065886342089],[76.20001213318578,21.011289861186143],[76.19083377236406,21.020972582694288],[76.16917310051313,21.02899967142359],[76.16482835201056,21.036410880249033],[76.16366049298405,21.02766982542944],[76.16002561777427,21.0275678421469],[76.16461827924566,21.02258334283858],[76.15978285903364,21.01439806431125],[76.15824208792806,21.00279060435364],[76.14856371990598,20.99810110901289],[76.14219423904426,20.988035623857463],[76.13098629326593,20.97932579596743],[76.12223389899363,20.975400002384546],[76.11839343676971,20.977635170337155],[76.11166538696277,20.950805166819453],[76.08980756715192,20.94378942176458],[76.08653157331096,20.92769246092916],[76.07997843713045,20.928191773103524],[76.07783722424271,20.908651222099234],[76.10081298824323,20.901571828658106],[76.10653227011235,20.892443682806746],[76.1135457984024,20.892738650247292],[76.11264790885343,20.88667043022751],[76.10456294763446,20.87618616454642],[76.09893356346896,20.875226722905335],[76.09060217356357,20.866251747095536],[76.09173277818029,20.863633897905576],[76.08503461425873,20.861830890914213],[76.07699072929455,20.84576305863359],[76.07376587989079,20.846852212307493],[76.07115713848032,20.833594305755618],[76.07354726765035,20.832423987155526],[76.06534323666558,20.830544088548173],[76.06157175064641,20.82509964099955],[76.05627243052746,20.825377212011748],[76.05328264541019,20.816932119072266],[76.04864729919497,20.815863006294414],[76.04879519038559,20.809252781819495],[76.05576420283558,20.802443226837003],[76.04902011721978,20.794094546672614],[76.05043246924966,20.7900273238792],[76.04505179032405,20.78449376064541],[76.01262462346207,20.78486496826883],[76.01065771286828,20.779831102001378],[75.9951987858204,20.77799898623543],[75.99369424443948,20.763887929876287],[75.98533364649259,20.760988961822033],[75.9844146738823,20.752589138688343],[75.99673200538383,20.74072155960962],[76.00737615554962,20.74147847835345],[76.01176819363056,20.73730738927423],[76.01195659104472,20.731272886442827],[76.0157847948891,20.730174782691847],[76.01395641814302,20.719011568368344],[75.99755608740254,20.71378382595778],[75.99430798542261,20.69987196442285],[75.99756944031644,20.69287700497076],[75.99602474891805,20.68971396577003],[76.00173233212169,20.685915629585548],[75.99957753489922,20.68416936557337],[76.0015454777144,20.677778958863616],[75.99499563377134,20.66296167994692],[75.99852000731009,20.65767808894111],[76.00405683144697,20.656229084422673],[76.00842187372521,20.636109345436186],[76.00505818260692,20.629463631383082],[75.99770405261128,20.62790891947267],[75.99670555498425,20.62262648128159],[75.98940780472141,20.620901670879007],[75.98759594758066,20.616079798157838],[75.95477127325495,20.620584339424404],[75.95328649175359,20.60070550239691],[75.95559663842893,20.599094925756642],[75.95843537160805,20.605261955184236],[75.96670313265436,20.596804325223435],[75.97106532816179,20.59840732171161],[75.97127953089426,20.590493614258396],[75.9746280022214,20.586614284633576],[75.97282275096669,20.580414975370488],[75.9636237233749,20.580629680905076],[75.96594972984069,20.577612969803567],[75.96391862345673,20.56959172636872],[75.94923486133371,20.568887813426294],[75.94582139973492,20.573281080960488],[75.94964397703718,20.58069917594501],[75.9358472551889,20.58766415624521],[75.93233999108155,20.58664635417274],[75.93143128303225,20.548443865363215],[75.92659549446164,20.545787386250797],[75.91830637819619,20.554316032135432],[75.88292316630023,20.56074358145092],[75.88744833126707,20.572790736982796],[75.88709855570137,20.591669876870707],[75.87707773031796,20.597751043331385],[75.86872738842497,20.597828697004363],[75.86958076833228,20.613528644076975],[75.86358190047872,20.62180762707461],[75.85464275577141,20.621746647449],[75.85353970954002,20.61272907319267],[75.83678250229748,20.61424973708515],[75.83842842126532,20.596011696744288],[75.84260154658456,20.592753590371228],[75.83254128199216,20.59196404935718],[75.8326398161956,20.574093248710135],[75.82814247339826,20.571202408909514],[75.83778250726488,20.56653380898856],[75.84726916338565,20.56632366235613],[75.83124803795536,20.555591817710038],[75.83147108835142,20.557830401650687],[75.81771244301495,20.558394692030358],[75.8041777630097,20.56733075994822],[75.79829177016403,20.561733494114527],[75.78611729516545,20.56188843601489],[75.79209857185205,20.58131812171843],[75.78487722511018,20.583500332488114],[75.77639794599688,20.581418036755483],[75.7733051677244,20.574822149246003],[75.75697802638804,20.573832518729454],[75.75873563335281,20.61050050126138],[75.75428928957402,20.610557521405457],[75.75424316001488,20.613407471416956],[75.74306047899088,20.611071683183198],[75.74038908136399,20.607163227761053],[75.73084313101383,20.6068069889341],[75.72263375764756,20.620661303840865],[75.71292187670586,20.613542825965943],[75.69941223955298,20.61400980668223],[75.69534556162911,20.623088625991453],[75.70358340475812,20.658828057544692],[75.6670265994769,20.668314498997898],[75.6662075957387,20.664662560594248],[75.66392359968334,20.666234827557115],[75.65730588172147,20.661564180213933],[75.6539987638189,20.649542867316075],[75.658837924733,20.649685902553664],[75.66160487886705,20.64149770462878],[75.65816059824695,20.640193447561472],[75.65981013484382,20.624316304442296],[75.64991991608338,20.62467569278724],[75.64583273167662,20.61673656005228],[75.62993557766663,20.616354241067953],[75.6269986261442,20.6211706153297],[75.61987045690167,20.622304344114912],[75.60534649699613,20.621657281754526],[75.61272003637578,20.60276028212902],[75.59295824918055,20.599563325696643],[75.55579996913954,20.608443429430686],[75.55745896651958,20.60320274688199],[75.55573068061393,20.59835034421355],[75.55221181974667,20.59801415718258],[75.53498451642096,20.606043897432784],[75.53638490271294,20.600980733416264],[75.53256929146288,20.591182963180817],[75.52059236982305,20.590085881807955],[75.52848635447246,20.55599502246882],[75.52600286145957,20.557763843472824],[75.52412972097227,20.55546865648025],[75.52191237049412,20.558463798221744],[75.51560534425411,20.55713812219213],[75.51617734220588,20.552358520768976],[75.51282730982595,20.549172494702866],[75.50429585813669,20.551021128681946],[75.5063858417991,20.54035810088161],[75.49403697729417,20.53816366407881],[75.49534043231583,20.524942784166402],[75.49299463282091,20.523642162999554],[75.48124314319607,20.534903687124686],[75.48010262342366,20.54312963840394],[75.46490677806952,20.54313958872761],[75.46198987881459,20.551203541353377],[75.45579859972989,20.550764836147025],[75.46051122832958,20.518215109436117],[75.45446848646552,20.513567725822607],[75.44671019968028,20.53733870338598],[75.43294690748046,20.53504190502702],[75.43161371992805,20.53028579979727],[75.4231949847545,20.530376335440998],[75.42867676292964,20.51161093364226],[75.41661849793144,20.51351175646652],[75.40680617691832,20.52202174491126],[75.395677735439,20.52060881208264],[75.39140018309978,20.53773708843277],[75.3886789696212,20.577809518810152],[75.36460437976284,20.575023474160865],[75.35844752631766,20.596070852424287],[75.35429821642809,20.587835003107205],[75.31847981840927,20.59162393044509],[75.31474066299961,20.588636347963337],[75.31642220084117,20.57459983274715],[75.30676474243755,20.576741438855993],[75.29265577593327,20.57351575068786],[75.29116814077456,20.566426316730393],[75.27757588160544,20.56962847403553],[75.26519536614747,20.566632746969546],[75.26183518854894,20.575650494735886],[75.25679214405744,20.57479757669342],[75.25012981985886,20.559341584672445],[75.25041978564443,20.552419661119846],[75.24094502453306,20.55145331286642],[75.24433368322961,20.536032192986315],[75.2346725651518,20.535817141574523],[75.23789517436559,20.52089915377598],[75.22517345199581,20.5155483884716],[75.2229225959546,20.500177750765044],[75.22646109765675,20.494414221272024],[75.20505370309527,20.49896782507477],[75.2086140319518,20.492040438945004],[75.19656249627977,20.492324773069186],[75.19723590842635,20.475431717473796],[75.18687634425697,20.475043562293738],[75.18639504013373,20.47257005035581],[75.17519581410038,20.47509566116407],[75.17387640023614,20.47793719395448],[75.15979832005186,20.476481868015792],[75.15816762586893,20.455511010432307],[75.16753900660756,20.458782620759205],[75.16670579005245,20.455793941376445],[75.17288111717211,20.456387224375614],[75.17106632649838,20.44952308382476],[75.17418545010982,20.442421529655945],[75.16168331094963,20.440042737752993],[75.15332610255915,20.432826699435797],[75.13804385174768,20.43397438963865],[75.12651509526063,20.429074754819595],[75.12465737381461,20.4319738399203],[75.12384504176836,20.42330907319452],[75.11834180799345,20.423114564624203],[75.1149807758339,20.415672655558783],[75.10583111524333,20.41191181741828],[75.1105465135991,20.394924434381135],[75.11633662903436,20.39341850484757],[75.12240953907059,20.363292906889196],[75.12251066422019,20.349708194907592],[75.11532623938068,20.32665621394336],[75.11641928982299,20.3220906460203],[75.08182332117109,20.315571610874688],[75.0822640118668,20.32148599423987],[75.08975878047363,20.332179762945195],[75.07473683465261,20.338551991825447],[75.05858348957801,20.33717347574579],[75.05473319641241,20.330091803619695],[75.05488887238265,20.30575529642326],[75.02497926675038,20.318573458703312],[75.02014662843773,20.32451808616251],[74.9995199510936,20.335964213302706],[74.9944106319294,20.32802745105959],[75.00532117454678,20.29369341314195],[74.98396266889023,20.294441502398012],[74.98340579285585,20.30564085813866],[74.96632143514245,20.30697324083609],[74.94493013830268,20.287831924820274],[74.95418809860574,20.271831797102216],[74.94734516355047,20.274142879760422],[74.93100648145362,20.270046755028456],[74.91607275263472,20.27586909118715],[74.90557692220494,20.271631627425627],[74.86358063520056,20.276447755467366],[74.85170726672656,20.286147228794743],[74.85438850506186,20.28738783012286],[74.85618040315516,20.29787357141144],[74.8552399613439,20.313669904758967],[74.86363498327928,20.313961723411815],[74.86495603367243,20.32028443253854],[74.86480295122769,20.335159104974718],[74.85772064623794,20.33598866582599],[74.85517382183845,20.363957767201445],[74.84926379481855,20.370394621425106],[74.85246721500718,20.374388667654664],[74.85154271992423,20.380935645993976],[74.84810289831702,20.384501061807963],[74.84331352363128,20.38418279431562],[74.83915444420715,20.391372179192384],[74.82421820447674,20.39823031797102],[74.82868949360906,20.406641469657604],[74.83771920945435,20.407275782135194],[74.83778856848113,20.414286069437047],[74.82264463433042,20.42951337744987],[74.81640131221873,20.4310409832135],[74.81682538553034,20.437409385152918],[74.81337649026732,20.442255277717816],[74.8022702157014,20.44564643086833],[74.79874641611369,20.453074467881876],[74.79836265714343,20.472312960917584],[74.79301607435492,20.47803178373567],[74.77444380176142,20.46997587631644],[74.77071550438637,20.472426907810213],[74.78388210604436,20.497369092876422],[74.7802234101581,20.509876483341355],[74.77100942892484,20.507456881960767],[74.76685406416955,20.522413050755212],[74.76043328619565,20.530062871442503],[74.76112263607901,20.537426101019143],[74.79547883280804,20.539659338474014],[74.7996547926779,20.552086494726996],[74.79368983177966,20.55459071024398],[74.7927937732526,20.578386519056558],[74.80103458769152,20.58960336620792],[74.80976722507394,20.588175133074525],[74.81270681786582,20.631980313458225],[74.82673392397555,20.628230324156778],[74.83030641766521,20.63292090511875],[74.84023470331852,20.63154230580573],[74.84039689173048,20.63668821407607],[74.85394774590894,20.634424638890565],[74.87468985328123,20.643252199575976],[74.89159671275976,20.642682037714795],[74.89905733013097,20.650221173460984],[74.89923978282215,20.65629677831954],[74.93045917411972,20.656183356757218],[74.94138540954383,20.673443555820047],[74.940914560903,20.67994836545264],[74.9563534456085,20.690422455584674],[74.95025081752317,20.706355293719696],[74.9556028381574,20.714015390836668],[74.94806102987712,20.72163363709737],[74.95866828792448,20.719644905076247],[74.96973932055897,20.727349367891104],[74.97783979415982,20.728474985892138],[74.98120926671054,20.735155916705725],[74.98594480459303,20.733469919162324],[74.9894075841615,20.738703867367306],[74.99137498989542,20.75476789492318],[74.98585831440174,20.77191988486096],[74.97588486777038,20.77842423464983],[74.96326491602625,20.8004874984365],[74.95884985232198,20.802137060843126],[74.96564233434233,20.819087527460038],[74.98397880205968,20.821459472897512],[74.98470013527559,20.82754478563268],[74.97727616614124,20.84563792473266],[74.9699520931333,20.84631080738274],[74.96363955879768,20.85898467617518],[74.96833113272534,20.883564602686356],[74.96343110828813,20.88389477528323],[74.95918375101306,20.892072664128758],[74.96106037986918,20.901895933772202],[74.95408927160138,20.901649629742693],[74.94867192918062,20.914617195425553],[74.93327912853262,20.91775414453397],[74.93366427328785,20.926225245195074],[74.9121066582333,20.927504449147957],[74.910984123775,20.963690819654747],[74.92871191295089,20.962061665242604],[74.93123431084835,20.96915091136208],[74.92712265909037,20.972465878099857],[74.9268424114641,20.98048312136056],[74.91658282984096,20.990087150436846],[74.91531723789501,21.00160351644274],[74.91854955263689,21.014048630747954],[74.91055384338917,21.030497260479358],[74.89253772964197,21.039206076901642],[74.88944725745893,21.05146738657076],[74.86286324488253,21.053164671419985],[74.85772252506062,21.061269219568313],[74.86684701257913,21.073775437634367],[74.87297838143911,21.089565785307965],[74.86936806171582,21.101209900152718],[74.88615254651829,21.114673316210887],[74.88407500463843,21.12551642755745],[74.89333322814764,21.14829792605154],[74.91041791266063,21.163096388770963],[74.93282456188545,21.164856044749563],[74.93574137109952,21.171607622726068],[74.9494019163904,21.177876626934584],[74.96391516153741,21.194542895985244],[74.9636064755875,21.198555081625173],[74.95044408332579,21.200327871579535],[74.95994737849003,21.210776758620185],[74.94789798484946,21.21743760403593],[74.94429189666715,21.224993169665648],[74.95123245273281,21.22162717516162],[74.9654884815641,21.223517400713344],[74.9741372485503,21.220009880872798],[74.98397967551499,21.19994644900765],[74.99780784194884,21.18760643513804],[75.00343920833883,21.186080985673083],[75.0137173987465,21.18736645491561],[75.01668684846678,21.191803143669443],[75.03775394799001,21.191604649909696],[75.04428308336362,21.210357984072196],[75.05515367270547,21.21183408698381],[75.0591265031042,21.220205693606573],[75.06755299007392,21.225050586905144],[75.08717033888556,21.22752499890123],[75.08987723861446,21.23356938426418],[75.09781161745491,21.23210387155382],[75.10623070635579,21.239561036660913],[75.11452861751458,21.260364032385286],[75.12613514569752,21.266184602449805],[75.12970203598087,21.271865257319924],[75.12646960240724,21.277883213427152],[75.1284513090157,21.28442053379834],[75.13838857897068,21.29026147420307],[75.14010713516771,21.300102765080972],[75.1361011744712,21.315525743363718],[75.14768476979563,21.316842216971224],[75.1529451090375,21.325011660821506],[75.1319134238553,21.336714162451695],[75.12275635285297,21.338238206619785],[75.12030227503541,21.3430021674018],[75.12866905393648,21.34964147914027],[75.13690851559495,21.34938511606679],[75.14228252447293,21.345028688074144],[75.14800156417989,21.349048856961375],[75.1360198306021,21.36126138464432],[75.13788373578832,21.382072119053294],[75.1501335068511,21.387252467875946],[75.15852985391815,21.402881110739354],[75.1732642273971,21.401727452434134],[75.18259993527178,21.409526085796646],[75.19862112096769,21.412425036658092],[75.20655768483938,21.41309940122329],[75.22118680968495,21.408491774257136],[75.2332650041225,21.414769018037912],[75.24245030289596,21.410564485408884],[75.2430905362593,21.40925436475922]]]}},{"type":"Feature","properties":{"OBJECTID":544,"STATE_UT":"MAHARASHTRA","STATE_LGD":"27","DISTRICT":"KOLHAPUR","DIST_LGD":"530","REMARKS":null,"Shape_Leng":942880.824153,"Shape_Area":7512291731.16,"sourceDistrict":"KOLHAPUR","district":"Kolhapur","labelPoint":[74.15893366392325,16.46999391201664]},"geometry":{"type":"Polygon","coordinates":[[[73.78437477164509,17.17965669161237],[73.79237721562895,17.178262636002618],[73.79918812310115,17.17123953292307],[73.82021767527017,17.170257073199384],[73.83892967339928,17.15646499746896],[73.84650450023783,17.154225504568007],[73.8533706274538,17.14881212744382],[73.85813313932076,17.137302872895926],[73.86252561443091,17.137570969362827],[73.86410499295626,17.133502753822],[73.8755330294434,17.12854242235036],[73.87116986031799,17.123378791272746],[73.87347018274872,17.117071403165802],[73.89988830420755,17.10238592375059],[73.90354934496358,17.097256714472547],[73.90425396837988,17.084779767261004],[73.91465644417599,17.075965448461574],[73.91381549452791,17.071433289319817],[73.92063947995706,17.075024252195874],[73.92978775897973,17.075030824453588],[73.93822337381351,17.06901026592236],[73.94025704394647,17.062946289674503],[73.94689987134979,17.06349696073139],[73.94810510846118,17.058711150876317],[73.95791765411775,17.05749597044871],[73.97367328056158,17.03573099838948],[73.97925353944065,17.034508793933288],[73.97877238713593,17.009311699133676],[73.96913695942544,17.00729964061135],[73.97348639257585,16.99014923967191],[73.98475040330148,16.986678780219496],[73.9908134751804,16.997172426402525],[73.99641397609405,16.995828245764898],[73.9985399454536,16.991445541576226],[74.00470395219554,16.992924630946003],[74.0103669535544,16.98787131758265],[74.0233538706637,16.98515173546378],[74.02074466202524,16.969967707602347],[74.02619030681805,16.963988603195954],[74.01981290263747,16.959368750460143],[74.02813383790794,16.951242069548925],[74.02296192158099,16.942304377269068],[74.03714749999037,16.938295744826572],[74.03841964004465,16.923875890089036],[74.04901329049997,16.921591410360698],[74.05316882880678,16.914333907914994],[74.06472390617974,16.910184515694354],[74.06570684437678,16.90237983371756],[74.08035840929759,16.907204783845682],[74.0914744316448,16.91826092596783],[74.10052770138675,16.910195314414548],[74.12073139306403,16.913177327938556],[74.1350860542016,16.888102516316078],[74.14558992276665,16.882731441694904],[74.1636188914235,16.89866141384691],[74.17519633362845,16.902536574117022],[74.19183557225941,16.893889846153293],[74.20973385708257,16.893019421039433],[74.21627335563917,16.91165038441184],[74.22316543869115,16.913686547261072],[74.230858460027,16.903333904398448],[74.23218655359389,16.890378424026142],[74.23641110467938,16.88612373249587],[74.24695325383574,16.88641952941646],[74.25722998118815,16.906509241609644],[74.28181621767581,16.91851584064579],[74.29554820813922,16.894641142359973],[74.30441168591243,16.890524739080252],[74.31438295392255,16.891315564800102],[74.32577775218478,16.877841058469198],[74.33708589862628,16.881303858653716],[74.3455540654707,16.873555211404376],[74.35419965320523,16.872776335705108],[74.35537144582919,16.86253464430826],[74.36202953901608,16.853442261676122],[74.3785325972437,16.868680050369544],[74.38805507168222,16.870190549383555],[74.40152897081484,16.883007212761832],[74.40360274226788,16.876410066361252],[74.41294121358031,16.879626015748826],[74.41567646379434,16.877674625310377],[74.41441062354575,16.864902226472008],[74.40405545827538,16.851384553033228],[74.41464015496497,16.84395120454691],[74.42209113290339,16.843849554629195],[74.43879083213513,16.85160571768353],[74.4584267203134,16.852974153461812],[74.4725566798553,16.86847744986071],[74.49503355931812,16.85781432046619],[74.49542438165957,16.835120033930526],[74.50057313306654,16.829630541181885],[74.50226892242031,16.83388146530763],[74.51456289425386,16.84086239714335],[74.51295484505874,16.851349304022403],[74.51694370210924,16.85813793388632],[74.51793175609578,16.85238861884579],[74.52870611858275,16.845796314420895],[74.53457814763381,16.846178320350006],[74.55443341446049,16.824604884904808],[74.56059510324417,16.806218643312594],[74.60465700563235,16.79939874818625],[74.62943318240224,16.787951267351932],[74.64154240007356,16.77279436158078],[74.64257805454507,16.756770569358054],[74.64583311569888,16.752363001353128],[74.67086478899385,16.746949017093964],[74.69992940802076,16.735020290028654],[74.70045993659545,16.730548969194125],[74.6885485384465,16.71278605966104],[74.68939867319337,16.686464136302295],[74.6808249982085,16.685891743728114],[74.68108571598223,16.680909111073646],[74.68886269741398,16.681541780507246],[74.68955034601989,16.677025661167356],[74.66516393386703,16.665671518708052],[74.65347815143228,16.638829451109594],[74.65905021627078,16.63166768626958],[74.66980519779891,16.629399892549277],[74.6875725061502,16.617885360098843],[74.68843417763067,16.60847146980175],[74.6836169735914,16.606027642898596],[74.67383088671473,16.609201874617277],[74.65998711494852,16.602899108134825],[74.63930599583257,16.61012172555394],[74.63335331225039,16.600358832424558],[74.63565208369923,16.583612424399814],[74.6283333486866,16.577510594278372],[74.61879852383734,16.584071984660522],[74.61628978202275,16.57483082147163],[74.60102181415834,16.564897990056508],[74.58787767826443,16.566102266765263],[74.58464188929173,16.55912526573121],[74.57459513573863,16.558942194603095],[74.57238069660244,16.553492402373543],[74.56853673854863,16.553868713547395],[74.56007986837852,16.563063248432975],[74.55578146067292,16.562978286530274],[74.55538671197839,16.57239226394336],[74.56466025156871,16.579647699618793],[74.56689424753424,16.585388588967525],[74.55877328671225,16.59465322848502],[74.54349270234276,16.59531858294557],[74.54448899559362,16.63546867532743],[74.48903382785032,16.630144835388162],[74.47599662528611,16.645864141682964],[74.47171220194043,16.66405476557234],[74.45639789391907,16.655046372608187],[74.45834511587762,16.6486816695344],[74.45478238469134,16.647295479293522],[74.46580905392274,16.62472102608926],[74.46410283087211,16.61509469885982],[74.46671146006057,16.606822362717455],[74.43543814457898,16.601059951302428],[74.42633863778943,16.59573983180793],[74.42214530711604,16.584511530587243],[74.39662592659639,16.583267518195388],[74.39290689504372,16.564883467703908],[74.38690211786373,16.559938224881854],[74.38714988494426,16.53619716083667],[74.37983255979674,16.528592265019267],[74.35792549078357,16.53834202410775],[74.3561084475958,16.549755364220825],[74.3590812822245,16.555751594257462],[74.35624656084485,16.55974732668278],[74.35398923393645,16.55892055855688],[74.35512088684906,16.55506315655841],[74.34571518934419,16.555000442368453],[74.33969050338584,16.547757413883495],[74.33488016787052,16.54788025963247],[74.32517297687356,16.556297489615545],[74.3157134070923,16.554454677651886],[74.31512277305325,16.504597503724014],[74.30614265031743,16.503692898629794],[74.30137135169836,16.52926953404929],[74.29159581799884,16.53388235675349],[74.28313833078738,16.52458927946336],[74.28108899200961,16.54109766387703],[74.27237036159161,16.547748781000408],[74.26413107609257,16.53983047847027],[74.26974567725179,16.522172724479077],[74.27610271697203,16.521308246228006],[74.27821623293002,16.504914507668264],[74.25250947493784,16.500617525212387],[74.24737277532068,16.49691320076058],[74.25663163834797,16.48953739142693],[74.26077014758341,16.48009659559842],[74.27438150787779,16.485626543230598],[74.27458064287529,16.494025551252303],[74.27966056703016,16.504825265667368],[74.2908950072999,16.504902075510284],[74.2921823551248,16.48570536655485],[74.28845386154289,16.47722528872443],[74.28927516797073,16.462970503776003],[74.2970472596124,16.464536941530344],[74.31245627971471,16.453235324421005],[74.33259155862481,16.454758760281475],[74.32971151762258,16.447199020587565],[74.33623391930605,16.445671033657344],[74.33269405077502,16.436850646234547],[74.33673605378297,16.428806655612476],[74.32885332337783,16.419047646599218],[74.3350543440837,16.401407379009974],[74.34480400791841,16.405532086687597],[74.3636943097465,16.405091321273275],[74.36290629427465,16.39552379766559],[74.3535762736783,16.381877721100693],[74.35340990742404,16.366418743038],[74.34729721766914,16.36831581168415],[74.34064491750914,16.388668201895413],[74.33586937991612,16.393741568134832],[74.32749298178409,16.39149921071854],[74.32484066187232,16.378288177776554],[74.31719263492727,16.381003744520292],[74.32476747266142,16.35993605224982],[74.31763966076242,16.353052775258455],[74.32703463266898,16.34250946901364],[74.31532027145802,16.340079971425922],[74.31656387212789,16.336187832842786],[74.32250484169491,16.33436859140133],[74.31660662995539,16.326561546635144],[74.32874503170179,16.323747470718565],[74.33129348344953,16.32066656721908],[74.3246143170805,16.31665842476993],[74.32515649344504,16.313682023496686],[74.33321814648961,16.31345121915599],[74.33474448565973,16.30902803104682],[74.33191700347655,16.305252418929797],[74.33590753372843,16.30709217658873],[74.34254818772196,16.298027338147783],[74.34201301926998,16.291177231415762],[74.33472197252111,16.289605649302473],[74.32796063713974,16.293246115352307],[74.32577543216154,16.28558668599059],[74.32082574272003,16.284475452760407],[74.32493375931116,16.27175626083205],[74.33414969977332,16.26879885761129],[74.33332715375761,16.27597157335517],[74.33843433032168,16.271404381623913],[74.34334954124444,16.273088435171076],[74.3437844004591,16.278076805850468],[74.35046026515984,16.27536673536171],[74.353710268902,16.282821894065716],[74.34309619477145,16.290350532167956],[74.34559691558019,16.29376251286034],[74.35933703610077,16.29151634095557],[74.3638458377128,16.294060071955407],[74.36887847542566,16.292521373299106],[74.37354158211875,16.296489514383236],[74.38419819031179,16.291970409437788],[74.3860640514801,16.27729765706614],[74.41439483521533,16.282651091261123],[74.4176107229779,16.25800065265842],[74.4357714540218,16.258834634252654],[74.43555166115398,16.251146675741815],[74.45483490997827,16.253392966430404],[74.4560940365485,16.243864637699986],[74.46862055008148,16.240185430931064],[74.480479513464,16.250125657447974],[74.49034697005062,16.2348892690647],[74.49521338739474,16.234904723549814],[74.50310188322194,16.225405694608316],[74.49592596404621,16.21430056555536],[74.50125505166096,16.205529960531294],[74.50799522405352,16.20225830686421],[74.50584139178181,16.20135796361833],[74.50623958192116,16.19024372419836],[74.49378645161171,16.186448561918162],[74.48955220971838,16.177415993794938],[74.48836737602169,16.157262309160195],[74.47983240336742,16.14712507139645],[74.48510544405481,16.14230352791771],[74.49083615458241,16.116717371795747],[74.49123112015947,16.104305109165864],[74.48509781611786,16.098369858121547],[74.48430490080344,16.091468248660647],[74.48155537967311,16.08888951953885],[74.47272755848715,16.090603968033772],[74.45868127739857,16.10379495020546],[74.44289739004047,16.10533889255315],[74.42761928501935,16.111965051352346],[74.40997192864398,16.10212035161877],[74.40695641180899,16.093508155923928],[74.39003517750656,16.089462469984714],[74.39085889233446,16.08048490255302],[74.3836244917678,16.082925303384886],[74.38172680728962,16.079303617964495],[74.37221852401208,16.078210304215055],[74.3715148926689,16.06824427630426],[74.36132818925478,16.053835894534597],[74.37733522557487,16.055120486816996],[74.36904879062793,16.039219931433376],[74.37340109820155,16.03644348376868],[74.38099126362876,16.03548327700051],[74.40208560232799,16.04611266483814],[74.40551842675431,16.051836048021098],[74.42969441247607,16.059151456101205],[74.44284874311946,16.052806202617244],[74.45011989287217,16.054010231822385],[74.45713839146765,16.048226459285598],[74.46221351782764,16.049837597782897],[74.4630156173011,16.041619417817774],[74.4564948867381,16.04105879589085],[74.4632229563745,16.039191737703337],[74.45025535509762,16.008545575377795],[74.44477345313285,16.003049265271624],[74.44395468911146,15.986401859526127],[74.43787273119325,15.979896965166983],[74.43893120693062,15.975684292460418],[74.4308304243295,15.95658243403032],[74.38686531560687,15.904981268306571],[74.38778379227084,15.901310564542062],[74.39341802315339,15.900035885529617],[74.39673869091543,15.880360120669764],[74.39279262406845,15.878389603437476],[74.39764991086768,15.869970613449969],[74.40637016201583,15.864447053092892],[74.40617067997027,15.855376466345641],[74.39753664118527,15.851146251310647],[74.38814029486285,15.854252569995651],[74.38692777846448,15.85964536202669],[74.38283320989876,15.860044874482863],[74.37675320139667,15.882382161325706],[74.36610284475816,15.891313553147775],[74.36861485484376,15.894359620909679],[74.36469511464739,15.893861789894652],[74.36336651680364,15.875071049681644],[74.34551927683124,15.862288210666717],[74.34660882915514,15.85878724425728],[74.3382090127758,15.854918742468545],[74.34500215571458,15.850439254141],[74.38308536430995,15.849104937043341],[74.38405280329016,15.840121660479635],[74.38103702281424,15.835384115653644],[74.3799288124637,15.838266086673354],[74.37739779967303,15.8322245355649],[74.37073709320899,15.830566648328446],[74.36535785633292,15.819269437789973],[74.36034758261162,15.816859862839976],[74.37030021408563,15.810712963141599],[74.36868585644027,15.806951285999931],[74.37197385422101,15.798242070005973],[74.36907400518109,15.788197373573889],[74.34568444799396,15.76455506400829],[74.32306971934428,15.77267659439414],[74.31861850861408,15.758377646706949],[74.30974294629122,15.75489487001389],[74.30789878278871,15.748480665884841],[74.28545533084238,15.74163362865178],[74.26831881883555,15.754736722541491],[74.25402544784359,15.745150163010624],[74.23821989217547,15.744061150879931],[74.227630533864,15.75658078440047],[74.22750954899408,15.769066750802814],[74.23464562042793,15.779193883533486],[74.23350130669498,15.786994514439447],[74.22833979165068,15.788338416882773],[74.21590438160095,15.783894391269637],[74.21310956963772,15.780056361607112],[74.19918135323617,15.785374202249908],[74.1815593874004,15.775097999259685],[74.1724952772913,15.773810139231339],[74.15362507417888,15.786820192986992],[74.15267220509965,15.799485725452039],[74.15881716583141,15.821825781084243],[74.14095584432651,15.823388640487451],[74.14572189400178,15.832884165603046],[74.10894653716454,15.822683570579061],[74.10288149538476,15.840861212601649],[74.08416576480805,15.838399335581292],[74.07420732717345,15.834479646436831],[74.06582835147856,15.826117560029381],[74.06680111066925,15.815171643470306],[74.04925194273969,15.805239302252781],[74.03453380198953,15.802699062443036],[74.03043316400205,15.81884306992835],[74.03404259976003,15.83273004978105],[74.03036704591298,15.834640828993368],[74.04270571044734,15.839130566937767],[74.06726201786311,15.858368417240332],[74.08304344576042,15.868192798409712],[74.08867545371002,15.868189624041387],[74.0929691077376,15.873076034423836],[74.08720461958825,15.874464242687718],[74.09310755185733,15.900105869859198],[74.08951218703379,15.903319768880275],[74.08153181571811,15.933005576115626],[74.07306047666754,15.94877925013445],[74.05965966206765,15.941824412571565],[74.05058587821101,15.9461251316958],[74.05153242496972,15.952064514995396],[74.04558155166492,15.957115412158021],[74.05592826544103,15.967906056026605],[74.05538615958768,15.973971633343487],[74.06244732590214,15.984266093626939],[74.07827452792604,15.999977079765177],[74.0891427545748,16.005287434844085],[74.09103622416158,16.014736272863765],[74.0770516582164,16.023307643116432],[74.06510136503404,16.03875074669231],[74.06004476259179,16.051076816873437],[74.05157474010724,16.042825878634268],[74.05045079266347,16.03304431243335],[74.04401473230726,16.031163867313943],[74.03826870933733,16.034312544632378],[74.03452027469778,16.031132046371702],[74.02493917854979,16.032213011182417],[74.01845224304897,16.039007506881156],[74.01317047334287,16.037180275005923],[74.00072703203153,16.041283800223248],[74.00273707372959,16.05290324889097],[73.99706260978287,16.059631247043146],[74.01137425286687,16.066632176351803],[74.00438968735304,16.079130017979395],[73.99101034347238,16.079422448013844],[73.99595242717632,16.092734025601914],[73.96241125635362,16.094648833233126],[73.94212328867629,16.099879876623447],[73.9376316280398,16.09711195733591],[73.91865790010262,16.097179298456695],[73.90524809622195,16.100900489232973],[73.90011977639102,16.096830031784783],[73.90075388279614,16.088825351941534],[73.89590251480494,16.08894861389791],[73.87540903169068,16.097043592291612],[73.87154146143723,16.093754271443103],[73.86443770897394,16.09537524692455],[73.87344393265634,16.106300950312313],[73.86291817832317,16.107169578003123],[73.85271426488083,16.10274397443254],[73.85368742378252,16.09850127282572],[73.84377668795084,16.09390868773439],[73.844849937283,16.08431182977227],[73.8533748686981,16.081687584284253],[73.85995211382576,16.069944790304824],[73.85539732978758,16.074893913151858],[73.84265753246233,16.078854084396696],[73.84402112315234,16.08463331572223],[73.83393684382555,16.093955871637494],[73.83464938299596,16.099430326717698],[73.84399846519466,16.10613719040867],[73.84928828386559,16.11841805436351],[73.84611801141983,16.12390376879914],[73.8498816450027,16.128331789146078],[73.84681772510746,16.13166959172264],[73.85363098769068,16.13471596674426],[73.84486828645058,16.153096435241903],[73.86456856726697,16.139102877342598],[73.86715568086107,16.14699088657311],[73.86953846725787,16.14273692820494],[73.88307227273576,16.145617169137683],[73.8895314948002,16.140083376705366],[73.90605994400143,16.135784370414367],[73.91433428660629,16.140078339681118],[73.91669731737237,16.145300193610467],[73.91394255274074,16.149540638884023],[73.91877962902268,16.153633523831175],[73.90833471954987,16.159728527486617],[73.91761988854178,16.167448395168726],[73.91465334667764,16.171841098583748],[73.92204017000239,16.173592588550516],[73.9288583456524,16.169430346485935],[73.9343293905555,16.173689519796365],[73.94272875196587,16.17450893918846],[73.9457816062604,16.179352675126335],[73.93757290304406,16.18583178455296],[73.95649952735405,16.2032714932061],[73.95374037738476,16.203891116105424],[73.95621042282674,16.208565263640168],[73.94502521188271,16.206134422615342],[73.9381245670242,16.20927559722235],[73.93566971845055,16.20455698780933],[73.9324939901757,16.2060849880074],[73.9226348330926,16.202115153297914],[73.92759966339985,16.206278503705093],[73.92568459734693,16.208190568220754],[73.92901086638861,16.212505523029638],[73.92389257886845,16.218987087798983],[73.91779543581364,16.21819845379402],[73.93537016308962,16.22571535699893],[73.93835347357954,16.23598611774117],[73.94620903027366,16.239002158868573],[73.94286387826374,16.2437882180357],[73.92600174537806,16.239318670381383],[73.92428907304553,16.235076426755203],[73.91478333775399,16.23107530058674],[73.91366327076977,16.234470041439852],[73.89760907701444,16.234672410991195],[73.88937527219514,16.229045436693145],[73.89272293559422,16.233855674585634],[73.91749987368739,16.24565377056019],[73.90757750122862,16.251517579108274],[73.90896447544341,16.254562121230077],[73.90492316346167,16.256520615779518],[73.89187382384942,16.25658203426044],[73.89451562685885,16.262189433981124],[73.89250987657941,16.266694074145217],[73.88180175123019,16.278831885421617],[73.88972059191866,16.289851345437285],[73.88876525576867,16.299639204287867],[73.902022308252,16.30861154702684],[73.902195529114,16.328631144211894],[73.89417417921949,16.32864094255595],[73.88976009582147,16.32264520310702],[73.88685029668581,16.328338856053144],[73.86813395496097,16.314992908806666],[73.86381290555055,16.308536709010372],[73.85640433338148,16.31727163418072],[73.84589115448011,16.300372408882897],[73.84674577320932,16.314276867073165],[73.838884673371,16.31643638943351],[73.84811471820495,16.32445273232307],[73.84068161339145,16.338502446709548],[73.83213055921317,16.34500255112332],[73.83732290216453,16.346051952989992],[73.8434203484535,16.355310256994777],[73.8500111857575,16.354892449216905],[73.86327624205651,16.372786145750826],[73.85602291542041,16.38590329215062],[73.8367472146167,16.392199130610805],[73.83404462019473,16.40148375243968],[73.85096780159247,16.416626829606408],[73.8493994872819,16.422628206434798],[73.86717036973539,16.433743837007214],[73.87208705134941,16.442129829454228],[73.88256169713482,16.445617549718527],[73.8864154468207,16.450839006755388],[73.88754316532388,16.463394931869093],[73.88537854273441,16.469925936610533],[73.86097075028889,16.47613314361154],[73.86123519199003,16.481721277866683],[73.85161457170145,16.487630253946094],[73.85004245153014,16.497805874425385],[73.83974280570958,16.50739724490448],[73.84717750890482,16.526231755392395],[73.81481516607697,16.544240116570545],[73.82145229773035,16.551099374442423],[73.83096267394339,16.549664998268188],[73.83118129962854,16.55839491102251],[73.84654041900019,16.57429896722389],[73.84183262981733,16.58914562268761],[73.85297642673372,16.601760840907307],[73.85906514059579,16.604062213163285],[73.86237922102504,16.614036446248388],[73.85359621591918,16.625032490874478],[73.84793319298741,16.642883966449958],[73.85201207319598,16.64776820857375],[73.84904048289242,16.650072698878507],[73.85647087817202,16.655900262613237],[73.85320554540847,16.658929127872977],[73.85680922908082,16.659253318674942],[73.86349201967315,16.66840695142366],[73.86126986896353,16.671801407459185],[73.85029084273783,16.673443683575787],[73.85958179408455,16.681176138638545],[73.84231244192738,16.69414305628536],[73.82530003727497,16.697261726006836],[73.81671254376525,16.709079973250905],[73.81087639693904,16.70823062495868],[73.81790091287017,16.714761668790423],[73.82588786356166,16.715224217582126],[73.82947171608176,16.727995445830068],[73.83756559201248,16.738030982578373],[73.83483133520971,16.74240003062378],[73.8274177511855,16.74316421895873],[73.82872257431218,16.75400295657216],[73.81271553757823,16.768884285008273],[73.8022563200116,16.765691423486274],[73.79757701535492,16.76090813305553],[73.79296210168684,16.76164352875594],[73.7861366546589,16.76781612946841],[73.78494267077387,16.775866062339013],[73.7797968279934,16.77940962257155],[73.7741849011221,16.777550683959436],[73.7704717173037,16.770521554733733],[73.76083977253016,16.770013404476636],[73.75429545314863,16.783351409377328],[73.75997073861349,16.791564277826694],[73.76045040185689,16.80253800561141],[73.75033273548516,16.805720727690627],[73.75170270787439,16.810368404265333],[73.73546881219552,16.822459299002343],[73.73297925489501,16.816163401928797],[73.72755150642854,16.816826725466882],[73.72904547753924,16.8208096568686],[73.71141988209743,16.82791973688526],[73.71694811144604,16.83671391326039],[73.7237957068921,16.839085453098388],[73.72752445267874,16.834603608117504],[73.73782324455364,16.84509381771858],[73.76492528056993,16.829024531292276],[73.76272938285332,16.834696353440275],[73.7663424140223,16.836888802886737],[73.76583786144813,16.844191645695705],[73.76183619165263,16.851498471671274],[73.76667553267167,16.85468013737027],[73.76418942733612,16.862059053023824],[73.76714252036999,16.865929007166734],[73.74667230338713,16.88440097672604],[73.74737579843902,16.90425685113721],[73.7396430352255,16.896195337279437],[73.73576470897804,16.90175008267314],[73.73871499176221,16.90737927455592],[73.73652507054072,16.914723580879805],[73.74242591308946,16.917813152915617],[73.74763980219542,16.905170832294676],[73.7540722893287,16.906617160381796],[73.75925728293869,16.90359079192612],[73.76477862990474,16.90981622402802],[73.77051516873236,16.908010570107187],[73.77703470288017,16.910693449109953],[73.788291219463,16.906795133391842],[73.79221117100869,16.92328197533301],[73.78776237120894,16.924075840817373],[73.79104684163705,16.930636431945786],[73.79515996351667,16.929917279458184],[73.78995047607714,16.93487118195199],[73.78956802234053,16.939647396252386],[73.7627373543938,16.960947446903546],[73.76514123903087,16.968268241019327],[73.77212044121492,16.975039632182888],[73.77585688516695,16.97267999186493],[73.78596211259976,16.993065563989422],[73.82182041420373,16.987989953715758],[73.83121712827881,16.989487147967285],[73.83414473232581,17.000293504671028],[73.82748283724709,17.011381222455668],[73.83156009812427,17.023120715793684],[73.8248406391354,17.03768413834204],[73.8339036673859,17.05089764137785],[73.83254894973112,17.058229035489802],[73.81724945541013,17.065507042049887],[73.8036023174123,17.062521786597774],[73.80711046873243,17.086221851883543],[73.79332996399083,17.09928420497877],[73.78997986803967,17.09488587275075],[73.7844946266075,17.09821124980534],[73.77831741470843,17.108345268785076],[73.76866832397117,17.1092909462366],[73.74980593226144,17.129492782630468],[73.74473926642054,17.131255109898753],[73.73648608225739,17.12143898490111],[73.71678283284157,17.131246580828627],[73.70980473604087,17.141075284231203],[73.69448239218418,17.138888858489324],[73.68931498061737,17.141809410498524],[73.68861545285012,17.15679750010269],[73.70708084896985,17.163481211613664],[73.7079128511853,17.1697367861341],[73.71317698832756,17.173687716463668],[73.71997193070747,17.169096919536514],[73.72912221764321,17.16901828490368],[73.74257173697906,17.17647975270648],[73.74472397608587,17.163610210660426],[73.74236318855164,17.160068948875008],[73.74723572647834,17.155085476861284],[73.77318791972877,17.14962895185047],[73.77709527187088,17.154073792343066],[73.76780585046858,17.174328808105194],[73.77587389004717,17.182077534947346],[73.78046600718952,17.18091938036869],[73.78437477164509,17.17965669161237]],[[74.2847861437602,15.83077495867306],[74.2616613379067,15.829591049306428],[74.26899362602897,15.81656777863898],[74.26647480081083,15.79779548679465],[74.27485760810943,15.796092115551678],[74.28542946146956,15.787947952752402],[74.28982352363448,15.787728734844764],[74.2891476640198,15.791424511670632],[74.29329848831959,15.79527341514566],[74.30233999671152,15.787459800064575],[74.3117635006249,15.793262790440133],[74.31290609052682,15.798200934452948],[74.3033677708226,15.806664740840073],[74.29116737399276,15.832137855569398],[74.28485155081427,15.830787188370593],[74.2847861437602,15.83077495867306]]]}},{"type":"Feature","properties":{"OBJECTID":545,"STATE_UT":"MAHARASHTRA","STATE_LGD":"27","DISTRICT":"LATUR","DIST_LGD":"524","REMARKS":null,"Shape_Leng":558150.277464,"Shape_Area":6997125187.24,"sourceDistrict":"LATUR","district":"Latur","labelPoint":[76.75957654306129,18.373899260218153]},"geometry":{"type":"MultiPolygon","coordinates":[[[[77.3322991180749,18.450861138737466],[77.33603178787621,18.45015495391922],[77.3356574461122,18.44231689784309],[77.3418438387251,18.436264414123343],[77.34219979429807,18.431122082636964],[77.33429220908536,18.422111871681683],[77.31616409866355,18.42213575040612],[77.31113908780053,18.437285378470868],[77.3172890189294,18.443289911841784],[77.31988509389261,18.458027215709524],[77.32641510352384,18.4588466709768],[77.32689534877308,18.451749797840304],[77.33223520643763,18.450870166148363],[77.3322991180749,18.450861138737466]]],[[[76.9076566232218,18.838833308866835],[76.9356655317601,18.834606252788596],[76.93694078580457,18.832153565778746],[76.95588531126032,18.83416144660849],[76.96930252219153,18.828518558436706],[76.99051072747345,18.828913738173984],[76.99667602894894,18.802779247392625],[77.00247485637078,18.797047808341283],[77.00599283384986,18.7865200172293],[77.00753123937729,18.76621736113675],[77.0541301034522,18.77362984441988],[77.05783572936011,18.764837222699928],[77.05403439302812,18.736940432939207],[77.05836067848135,18.725751833627733],[77.05643660937659,18.717097170983237],[77.05125110473153,18.717439806904135],[77.04362116732207,18.6990982908236],[77.04594772670468,18.683771694121564],[77.06342190586737,18.68127752170541],[77.06673833273119,18.682149409229396],[77.0680652880184,18.687929249168764],[77.09665848046399,18.691457632570515],[77.10224228718224,18.694667248579126],[77.13842139225032,18.697272905576927],[77.13509652784465,18.71127598155754],[77.14121578853923,18.713314437292155],[77.14500991074708,18.71296641094556],[77.15103018856655,18.700574447445813],[77.17117623864188,18.704735061318907],[77.18342044789476,18.70102657549275],[77.18709833526935,18.693392405251707],[77.1938974464897,18.691350687743782],[77.19331630201205,18.688598332715166],[77.17761140896377,18.679462527208635],[77.15824870144112,18.682239355316693],[77.15388770661238,18.647231501036725],[77.19708720947176,18.64724491015813],[77.19884625913222,18.64249436040809],[77.21106742391358,18.633885158931584],[77.21089856036896,18.624206631955087],[77.26815625605155,18.611464763120626],[77.26658271755358,18.593721071534283],[77.26993061407651,18.583108236847778],[77.26548822753689,18.581457124335273],[77.2615187496371,18.565862737435104],[77.27527547752479,18.561492862979318],[77.29435826551628,18.549046282289176],[77.28655479142203,18.539862504400457],[77.28170586858884,18.521578417784035],[77.27483494819978,18.51968479218343],[77.26674265981875,18.522345193351597],[77.24586153042034,18.499655698816607],[77.25086193631199,18.486606956495116],[77.26150360190769,18.485100374899417],[77.26454101593929,18.479720226382806],[77.27503035432736,18.477726466323116],[77.26746229864011,18.454260027621295],[77.25467447171232,18.454666321631684],[77.25458919239612,18.449836542008892],[77.2636268311657,18.443652402709503],[77.26579834384643,18.422348729936978],[77.25936865808242,18.41326117101319],[77.24176795733487,18.41260713126844],[77.23472880943501,18.396652591328643],[77.23368514549382,18.388200596136663],[77.23945973959428,18.378606894401248],[77.24842464491921,18.37605626853706],[77.24628436380345,18.370537575799617],[77.23398848224127,18.369803322137784],[77.22583090869831,18.365219965826743],[77.22009105771339,18.349273466807254],[77.2295848798623,18.348208557713892],[77.22276567946226,18.33974663902125],[77.2190671884373,18.325730498047438],[77.21179396337915,18.31628065914874],[77.20166791437038,18.322165242560146],[77.19911031401747,18.316765174822077],[77.20292604909308,18.297734467773456],[77.20555033442264,18.294097718272983],[77.20985280434498,18.294967258999556],[77.20935498570645,18.287723668279497],[77.2130133264022,18.28032030382951],[77.19747343427717,18.276609839333325],[77.18821354282709,18.284742179641285],[77.17481189253554,18.284861788745403],[77.17072768285746,18.27670014269658],[77.16974932006306,18.260871237283975],[77.15913376528329,18.255789880253698],[77.15176519792931,18.238022970251958],[77.14863254444758,18.23904563108678],[77.15152194723417,18.21704488264194],[77.142698579148,18.21704067318731],[77.14013767881642,18.207718450154154],[77.11129051045646,18.204243364427292],[77.09759872993148,18.19672357026005],[77.11679624291853,18.1696147494104],[77.11060102443348,18.155339546010907],[77.09947708242282,18.15819326682674],[77.08484521628533,18.150788771806862],[77.06395800255261,18.15065208352681],[77.05320199660342,18.1594517533353],[77.05197733490475,18.17322935791971],[77.03317774404091,18.181992785129772],[77.03173035258332,18.177433055444872],[77.02308367548957,18.17565291246606],[77.025649095328,18.161753305536067],[77.02330396366986,18.158509523074034],[77.00111405570085,18.160899453728067],[76.99640786552618,18.166197147606837],[76.99060911452784,18.189987793637282],[76.97839878805989,18.191983758826638],[76.97741898985882,18.188868930771022],[76.95193446854316,18.188099338803806],[76.94845014718436,18.168760141117062],[76.94236118805121,18.156412376267152],[76.93147647606408,18.15965341956434],[76.9239631432282,18.146633398917302],[76.9317953348744,18.133526211964597],[76.92024924880866,18.125073596954085],[76.92049956199077,18.118182823743783],[76.93292125911391,18.112833879011422],[76.93774039347277,18.114905640709],[76.95427398678305,18.11054434706576],[76.96634972639994,18.09820117601507],[76.96294142273796,18.089571762120176],[76.94521382755839,18.08320077689445],[76.95162044175136,18.0610531214879],[76.94490101805894,18.048361064834392],[76.9526867700343,18.04393856606087],[76.95230517436434,18.040219260799528],[76.91431527847463,18.035361158028596],[76.91229532213171,18.017339221781846],[76.90564382134653,18.009709600283585],[76.90670741368892,17.996594400242685],[76.91313971004065,17.996890338999986],[76.91444006004286,17.96156480613698],[76.91830462954131,17.956016332115887],[76.91728565966976,17.948058853491222],[76.92066828423133,17.94157083978323],[76.91910009970289,17.916200262980542],[76.90126471671692,17.91724229070896],[76.89898959514629,17.90906729381887],[76.89688529333102,17.910370720017944],[76.89655425047395,17.905749318520876],[76.89383912055759,17.906072370378986],[76.89418717117199,17.89982670454423],[76.88398556721945,17.89898163646466],[76.88426795423932,17.894292897129294],[76.85264488017148,17.90072264431193],[76.83972490898584,17.899374231121584],[76.83192034102741,17.895256351692264],[76.83120164714775,17.885615691720908],[76.8102157120517,17.887041353563244],[76.8081936999995,17.870977785913297],[76.8043669626455,17.870606064866827],[76.77504962289564,17.877712932535434],[76.77357492053672,17.89045921411287],[76.76816082558383,17.90115213435605],[76.74020905848143,17.899717191723308],[76.73911140030538,17.908558005860314],[76.72566722274675,17.912514702833832],[76.72386709021762,17.91833961677127],[76.7071352457284,17.916390584931694],[76.6734683860262,17.918869242680785],[76.67640813896368,17.936819194006937],[76.68111448429191,17.945892766722825],[76.67347331438953,17.946794381214808],[76.67306567404162,17.96712045995387],[76.68923728523419,17.97019558066838],[76.67841267198582,17.99629861484793],[76.66206067533255,18.000565616682742],[76.61715834245727,18.001327763866964],[76.61568118974537,18.004858635105116],[76.60370663868548,18.007291328029623],[76.61044623751138,18.026520265420345],[76.6109294082357,18.038941940413274],[76.60304922823424,18.038382211756343],[76.5980671380353,18.033028677553435],[76.57890169154126,18.037889754040226],[76.57592294624035,18.022566250138823],[76.570921548829,18.02871296921462],[76.56316555356055,18.031275976633538],[76.55299538991716,18.026442268603898],[76.54958077847859,18.030900259912123],[76.53945812644255,18.031869225158548],[76.51034530213141,18.023219294553833],[76.51215610539495,18.050224436340596],[76.49928638616552,18.051852880845093],[76.49519158128638,18.027230352061807],[76.48860654910695,18.024426027670792],[76.46558426966568,18.031773449204735],[76.4613707101843,18.029931418485788],[76.46181288956298,18.02703027677208],[76.44967015547641,18.03178825733506],[76.42757817314433,18.033787749079046],[76.420121773282,18.0358558906251],[76.41718250532055,18.041982584764213],[76.4077579541998,18.0444138604698],[76.39710317228409,18.053509816493502],[76.3985855439473,18.066044986260977],[76.38782249659745,18.0766963936508],[76.38259170295409,18.07777866498194],[76.37879215262483,18.08874085471476],[76.37187604316252,18.089936411546216],[76.35292435240858,18.0820177883349],[76.35255686913142,18.066276770937694],[76.348935222478,18.062119098940087],[76.34050940530678,18.061280158195643],[76.33219791674831,18.07668069429352],[76.3299775188994,18.076112834410853],[76.32716920415643,18.096754611271056],[76.30765240189938,18.092553675393027],[76.30612616445926,18.098140771067296],[76.29473077888993,18.09986769143015],[76.29459850239115,18.106889091225796],[76.27943829156983,18.110943154621694],[76.28374088445787,18.12746466693606],[76.27498262085997,18.140357117316608],[76.28165083118931,18.15244517198869],[76.28004504069403,18.183868375539213],[76.29294904093949,18.19774151783935],[76.30139262256874,18.23180946141158],[76.28578796019075,18.232151722948366],[76.28381843228246,18.24928049499054],[76.29426664568581,18.261125885102484],[76.30336847599203,18.26265580512416],[76.31008488196719,18.280940499973358],[76.31453764778801,18.282463554681893],[76.31683513299198,18.32997148841154],[76.28415290178523,18.34001230740225],[76.28936702618965,18.375265520109576],[76.2885142858112,18.389439003474713],[76.27497107586817,18.381151609055813],[76.25768763419127,18.364019907977834],[76.24561031736654,18.37712762263947],[76.22208322005841,18.380277929059847],[76.20348803162145,18.394708658125403],[76.21407027357294,18.407115984351666],[76.22059611664008,18.42883591947347],[76.22569020391745,18.434024043627204],[76.23689632728517,18.43440571821862],[76.26044598531111,18.428150317837027],[76.26695137927648,18.422677359250915],[76.26193254687374,18.46581399114868],[76.2697372497234,18.468564864428014],[76.26728560232037,18.4758000919174],[76.25405912832181,18.482746041244162],[76.26176050656204,18.492891653720168],[76.253099410022,18.495633299541005],[76.25535657662415,18.501202471658537],[76.25296562991119,18.522023579160717],[76.27448627922728,18.537907176903925],[76.27849599325555,18.574172254977064],[76.29229245891503,18.576028158073537],[76.3016206441451,18.568173169691033],[76.3123672182957,18.56559487544074],[76.32313513762695,18.570286004637225],[76.33048174321408,18.563376565251875],[76.33933027913011,18.560568499875437],[76.349215292372,18.565366263424874],[76.36018250273183,18.559128700761185],[76.36785546737835,18.544496400425455],[76.39065185971913,18.542266971149008],[76.39328115778142,18.550168466789128],[76.38731325784283,18.551009544353114],[76.38497482314486,18.564312611437725],[76.39202585318142,18.596066130894524],[76.40298891087359,18.59659334556541],[76.40368945023172,18.601853567274535],[76.41085075542551,18.601111054079002],[76.41153987125355,18.60820978584395],[76.42014891642872,18.60822452982236],[76.4291709322363,18.612822706720486],[76.42913141485744,18.616981401610126],[76.45479337427255,18.621554033234506],[76.4654697372185,18.63509848776986],[76.47159311667048,18.634052209875748],[76.47830894244306,18.615484268493983],[76.49962410989386,18.604032239429145],[76.52122649967473,18.624900542703283],[76.52480850295917,18.62405168791016],[76.52981710452903,18.648921391709017],[76.54102762120567,18.65103982111127],[76.54166926792257,18.645204372872406],[76.54731005124444,18.63986131038506],[76.54588355083203,18.636064950241977],[76.5487090574235,18.63494551669047],[76.55025421435299,18.63846895463375],[76.5534578005883,18.63657206669863],[76.55585926634609,18.64044245181889],[76.5611824647133,18.638685175141063],[76.55920140961793,18.629415428247416],[76.57834886145332,18.61947988471626],[76.58215075030775,18.62480245543785],[76.58688077069405,18.650032714185638],[76.59302367765451,18.652740747417607],[76.5948802020101,18.672511294406405],[76.635012584776,18.674350641409138],[76.63565905028675,18.6678010965705],[76.64032466924532,18.66695726785694],[76.64115375725244,18.66287455497112],[76.63629440121893,18.648365324398277],[76.6532288636176,18.642521443425828],[76.65383925432604,18.63593654708989],[76.65725266241829,18.633392730604516],[76.67870748473419,18.634478798227747],[76.68131421267813,18.650030913170838],[76.66188366559633,18.65545528653681],[76.66243884572779,18.65972115871496],[76.67380175962904,18.674037685463404],[76.68208487126091,18.69199310371482],[76.69774227788014,18.691468241428094],[76.713279453662,18.699990585466015],[76.72711563831325,18.695433792458406],[76.73378176699957,18.70009619061314],[76.73256470027731,18.722084413859793],[76.72466153313806,18.736544802230256],[76.72328649316968,18.750128241040578],[76.72905295939184,18.7499323560862],[76.73502474372454,18.754115219208717],[76.7328369159589,18.75985353456157],[76.73711019767869,18.75987052936713],[76.74282094967889,18.775695908823224],[76.74788974814817,18.773625673247345],[76.77734687838246,18.77608201714364],[76.7794026383067,18.789781728463545],[76.78340113994417,18.796790163586873],[76.79025477668657,18.800149123334307],[76.80159540062708,18.802439087607095],[76.81156785268101,18.799906772131312],[76.82841810382385,18.81214208691728],[76.83915502857862,18.81381018626452],[76.84436528209503,18.812862687580118],[76.84567842945276,18.807822406373454],[76.8535173144508,18.80697210020597],[76.85337569596163,18.81887550543073],[76.86020118421703,18.823319605553905],[76.8635829448452,18.818000753807112],[76.86694149112552,18.83019257078982],[76.9072756086918,18.838985250330982],[76.9076566232218,18.838833308866835]]]]}},{"type":"Feature","properties":{"OBJECTID":546,"STATE_UT":"MAHARASHTRA","STATE_LGD":"27","DISTRICT":"MUMBAI","DIST_LGD":"519","REMARKS":null,"Shape_Leng":65047.934465,"Shape_Area":62302472.9421,"sourceDistrict":"MUMBAI","district":"Mumbai","labelPoint":[72.83798074661271,18.988665225059652]},"geometry":{"type":"MultiPolygon","coordinates":[[[[72.82795690032744,18.90269010021416],[72.8279056002623,18.902470300298752],[72.82779010025868,18.90216100015052],[72.82771320041365,18.901985900187807],[72.82751220041932,18.90185160012017],[72.82734539968578,18.901725400282878],[72.82721280025115,18.90159110033341],[72.82714009955221,18.901603300066604],[72.82699470007019,18.901696899968197],[72.82693910020784,18.901778399747762],[72.82692200045356,18.901794599922688],[72.82682359962413,18.901794599870783],[72.82671669959387,18.9018516003565],[72.8271572004811,18.902417399959546],[72.82719569984495,18.902453999618935],[72.82715289996311,18.902592400086977],[72.82718290036287,18.90269829999674],[72.82729410040612,18.902738999669957],[72.82732829995001,18.90268200010258],[72.82740100006107,18.902633100081673],[72.82773029962219,18.902950599747328],[72.82783720007518,18.90300350033284],[72.82790990004706,18.902865100281502],[72.82795690032744,18.90269010021416]]],[[[72.84776560021547,18.919144800236126],[72.84782369972481,18.91911159981595],[72.84784860047903,18.91902859970307],[72.84791500012791,18.91902860016814],[72.84795649968035,18.918912400073452],[72.84791090012301,18.91887699963508],[72.84788180040422,18.91885429969502],[72.84793160017897,18.918771299620953],[72.8481224998278,18.91892070003268],[72.8482055000956,18.918779600315116],[72.84823870035106,18.91880449999721],[72.84836319955036,18.91864679990468],[72.84839639988819,18.918580400024762],[72.84839639982472,18.918480800217814],[72.84836319964971,18.918406099769296],[72.84829680031432,18.918356299612203],[72.84817229990652,18.918331399583007],[72.84808930007927,18.918323100427227],[72.8478983997278,18.9183148003246],[72.84759129999773,18.918298199807552],[72.84745849953956,18.918306499675282],[72.84738379976974,18.91832309981787],[72.84730910027696,18.9183645998919],[72.84726759962888,18.918422700391485],[72.84722610031406,18.918514000284848],[72.84720120035773,18.918605299661035],[72.8472211999067,18.91870149958733],[72.84727409995422,18.918854599709697],[72.84732249963366,18.91898039965291],[72.84739210033287,18.919095000381528],[72.84745019968435,18.919119900356595],[72.84762450045525,18.91910329973781],[72.8477572999859,18.919111600226508],[72.84776560021547,18.919144800236126]]],[[[72.85154850021542,18.948692500159538],[72.85168129997626,18.948634400203073],[72.85183070014057,18.94868419980006],[72.85192200044905,18.948659299629913],[72.85197180032463,18.948626099935016],[72.85204649983844,18.948609499648665],[72.85207969990432,18.948584599932982],[72.85209629993022,18.948543100172913],[72.85208800023325,18.948443499704776],[72.85212119970042,18.948368799880242],[72.85222080044244,18.948194499674912],[72.85226230005512,18.94802020005507],[72.8522789003095,18.947928900279035],[72.85227889953138,18.947837599861],[72.85222910027342,18.947704800131717],[72.85213779971198,18.947613500039484],[72.85203820003275,18.947488999917024],[72.85192200001418,18.94741430000961],[72.85179750008062,18.94738939969939],[72.8516730001754,18.947405999604786],[72.85155679970133,18.947464100049146],[72.85134930013406,18.94753879965309],[72.85126629974691,18.94758030007409],[72.8512414000062,18.94762180026431],[72.85124969992259,18.947696499766757],[72.85123310006458,18.947746300019496],[72.85115839985446,18.947895699668585],[72.85110859972026,18.947945500287318],[72.85111690009072,18.947987000115386],[72.85113349970075,18.948020199649726],[72.85119989957597,18.948119799942184],[72.85122480007281,18.94822769999579],[72.85124970012154,18.94830240028476],[72.85125800031389,18.948426899963557],[72.85124969999868,18.948476699689074],[72.85124969958763,18.94853480040106],[72.85126629967455,18.948576299675523],[72.85129119956954,18.9486011998724],[72.85134930006069,18.948609500243442],[72.85141569981249,18.948609500273506],[72.85148210003302,18.94868420045809],[72.85154850021542,18.948692500159538]]],[[[72.90174069995275,18.963183200265426],[72.90597849977637,18.958312399585115],[72.90275240003074,18.956910499975077],[72.89993960042484,18.961071199878372],[72.90168320044106,18.963240699630713],[72.90174069995275,18.963183200265426]]],[[[72.86761754108693,19.052825171931445],[72.8797446597407,19.046783551832867],[72.88147639584601,19.036484940475315],[72.87824291965957,19.021936442877543],[72.8711987387747,19.012896580241453],[72.86247615027774,19.010062192412597],[72.86013676503181,18.999222959557663],[72.85432057803304,18.997203427254366],[72.86053679299351,18.981470854161],[72.85681651831005,18.97845883978671],[72.85020093927409,18.980244218874716],[72.85485244449633,18.97703431137403],[72.8488461104399,18.97774688754617],[72.85520485300393,18.97596066833065],[72.85028225018613,18.975646357524205],[72.8533899322524,18.972585532526665],[72.84905677850253,18.973522550160972],[72.8500680118062,18.966510633220963],[72.84603775923401,18.964812722103577],[72.84917227938622,18.963276574550875],[72.84612124889755,18.963032505473667],[72.84879054625405,18.961052585940642],[72.84337231332805,18.93029465774232],[72.83559199974651,18.92843708822403],[72.83493492064697,18.926008391678195],[72.83798021312434,18.925637534188617],[72.82841379729209,18.91217801021886],[72.81821669955659,18.908211690723803],[72.81699437295006,18.90124825580819],[72.80874090371017,18.89340521601528],[72.80356021647849,18.898814623172186],[72.80408915626808,18.908612819081203],[72.80927425720986,18.911055125142656],[72.81673015028493,18.908795761544024],[72.82559494579486,18.919446160829636],[72.82586763988083,18.92577453657581],[72.81994523427564,18.927871781601425],[72.82357153407337,18.933239002723013],[72.82360580795805,18.941249444067488],[72.81217937798534,18.95527100173505],[72.80769551285697,18.955127556382877],[72.7980843277799,18.947531587645084],[72.79331517999559,18.939408251296204],[72.79249653705706,18.949906451396483],[72.79917597296897,18.95724675358418],[72.80405824389966,18.973666816842044],[72.81376049511333,18.982955721052402],[72.8129364016367,18.98776419323641],[72.81049783626753,18.987545931768484],[72.81303564619384,18.99232057619476],[72.81110706907101,19.00151550842314],[72.81639344127446,19.009798384041805],[72.81693930001944,19.024273079634117],[72.82302734457136,19.01739894792737],[72.83433204557119,19.025394834485674],[72.83850275161132,19.033052279645556],[72.83839863777264,19.047901605674944],[72.84188508818656,19.050226852919007],[72.86695263786797,19.052984758609814],[72.86761754108693,19.052825171931445]]]]}},{"type":"Feature","properties":{"OBJECTID":547,"STATE_UT":"MAHARASHTRA","STATE_LGD":"27","DISTRICT":"NAGPUR","DIST_LGD":"505","REMARKS":null,"Shape_Leng":650985.876723,"Shape_Area":9538672318.1,"sourceDistrict":"NAGPUR","district":"Nagpur","labelPoint":[79.08505411307361,21.178218055873643]},"geometry":{"type":"Polygon","coordinates":[[[79.23222769983798,21.722151010619722],[79.26915885182018,21.714864773186743],[79.27790884157568,21.709370449731182],[79.28050596775014,21.701724355888075],[79.29058833485882,21.6925441508348],[79.31825630668476,21.688512651287965],[79.32223601740311,21.685233583133535],[79.32455067698936,21.687966155877533],[79.34289492511782,21.68396099899862],[79.35427035804523,21.684834405899366],[79.35236806670152,21.678057370202673],[79.37465315146463,21.67841114377149],[79.39248710601451,21.674119688793915],[79.40043967626627,21.676773832280666],[79.40270647780464,21.682214899701492],[79.4101233343515,21.68474675090438],[79.41566177984893,21.69116324005354],[79.42219784010301,21.691822329097338],[79.43524878487278,21.682827924339502],[79.44949524920246,21.682061795005094],[79.46073460482366,21.687553286412236],[79.49632695105645,21.674014611333572],[79.4962120768417,21.665411596255428],[79.50676379188297,21.645667981974622],[79.50426555145863,21.641100882068613],[79.50776793078914,21.63434781241163],[79.51610170649892,21.631377498852434],[79.51723102764636,21.625747163651834],[79.51661668782054,21.620847192335017],[79.50713146371122,21.62132404045589],[79.50371304882663,21.614593196873724],[79.5109981206042,21.604880353734906],[79.51202842494189,21.583973369373822],[79.52793514181818,21.579697988982783],[79.54006827510871,21.57063688877018],[79.54392703415141,21.559521085234703],[79.53756121616733,21.548987096851285],[79.54019070063879,21.542720710049494],[79.53761934411999,21.536059538022272],[79.52699642021118,21.540021335771364],[79.51389058721789,21.534233993255604],[79.49234832203209,21.50831682223096],[79.4802918600493,21.501484889136886],[79.47849409424131,21.493200365345615],[79.45842410249105,21.467982607211077],[79.45760115062059,21.46248952319348],[79.4490673206052,21.45937575582878],[79.44840602047104,21.434649766785565],[79.46690864831768,21.42462086518432],[79.4747545654041,21.428819485842528],[79.48215739351721,21.427039364459876],[79.48817411505082,21.40313087978692],[79.48376016547462,21.398841548279016],[79.49953394187602,21.398463009956085],[79.50877336047498,21.380499099695232],[79.5171994570363,21.371323081637264],[79.51745093030237,21.366255761411683],[79.52270322910627,21.364252906646744],[79.52645362400102,21.349054652547874],[79.53367663507615,21.34877297127738],[79.53703981122463,21.34430453089562],[79.53382451896492,21.33982885235802],[79.53920760104715,21.340963557224796],[79.54425812022369,21.331749856432886],[79.55517917200252,21.32855994591579],[79.55515661258617,21.317960568267512],[79.55123299215833,21.317653102458305],[79.5566780969665,21.30852893161512],[79.55355065471605,21.305725465029703],[79.57067801121259,21.291973370467346],[79.57612893604836,21.276136521485387],[79.57375147861639,21.27160724729789],[79.56983396266344,21.271851153456907],[79.56736542101817,21.262276106457712],[79.56885808434802,21.247622504283445],[79.56327399382673,21.245944512757518],[79.56052601298423,21.241390439308176],[79.5595142144887,21.233273508584567],[79.56320029389838,21.231170653010825],[79.56315412844427,21.22692813873654],[79.54971181904396,21.2083653027347],[79.55695101188094,21.20300227386295],[79.55733956276262,21.191919831202114],[79.56040663554091,21.189195464961806],[79.55088171054884,21.17318156732479],[79.55937769912876,21.166065874420973],[79.5570959648106,21.156116112763456],[79.5495435259124,21.159722717835443],[79.54172331119726,21.156681763290287],[79.54095977697182,21.15897318493066],[79.53206788380388,21.15912610844849],[79.52264627677907,21.16411488925767],[79.52500308014142,21.17100446145175],[79.5296038061472,21.17284664242014],[79.52893749962612,21.17637425628587],[79.52111895083927,21.17951774543714],[79.51651654675914,21.175261673040836],[79.50749671409562,21.182836360876355],[79.49828151124,21.183692397805178],[79.49584216514255,21.179065830108105],[79.49977710861894,21.175177334903037],[79.4994462905436,21.16818151542987],[79.50807215056125,21.16292973457512],[79.50406090659389,21.147085108477494],[79.49371644078795,21.142767896238727],[79.49372237596864,21.137765253426814],[79.50116886109444,21.137065567873567],[79.50058057599543,21.13439834856043],[79.505496380369,21.135532695681327],[79.50992906955791,21.13269449467008],[79.51023049581192,21.123993169229042],[79.51407356972815,21.12508600211739],[79.51717345247381,21.121179336364996],[79.5247470996727,21.11988315402073],[79.51644653398792,21.10472871540858],[79.52509458930874,21.102478734650234],[79.53214823236773,21.095756875757814],[79.51959543352783,21.088858626364203],[79.52642360578184,21.078916934763544],[79.53328859416767,21.078377240993014],[79.5506878058241,21.088675261177634],[79.57207199576648,21.066088183441952],[79.57905594955857,21.06671002562239],[79.587602002627,21.07758451472966],[79.59664445761736,21.07393752205572],[79.61333333917376,21.03183062590143],[79.63708303250974,20.990355138454504],[79.65123120819831,20.978356324163666],[79.65696874779658,20.96277333706626],[79.65408998320204,20.943951585726023],[79.64627928398521,20.924754102222217],[79.63289685534833,20.911761729423894],[79.62035293079231,20.90940333744506],[79.61234511839316,20.903621950439764],[79.60797888864687,20.87544891860227],[79.61299607039393,20.86600864267409],[79.60859860904695,20.864113590705546],[79.60334597905113,20.86708985755655],[79.5959817211926,20.86416630171567],[79.58845420125962,20.850763011122773],[79.57963721204548,20.843355673410787],[79.56523237487787,20.845408266028553],[79.56506856735409,20.850786450302554],[79.55635539408193,20.856147523743893],[79.54945662560871,20.849708524415522],[79.53726653499486,20.852200716623013],[79.53887136546489,20.843582397938526],[79.54716547717052,20.83439803366042],[79.54664511733903,20.828979100638396],[79.55177135256777,20.82618678390832],[79.55038110994191,20.820460831874918],[79.55947382964668,20.808090750934465],[79.55956843025508,20.802655817794644],[79.55170359524432,20.79943919322007],[79.5446494686589,20.791245867611835],[79.54606792548752,20.785751147325655],[79.53627891124255,20.780964125898834],[79.53151469731232,20.774830355419475],[79.53659867862658,20.764733347951683],[79.53135870172733,20.75664263543611],[79.52934952472748,20.736523873293017],[79.52275319062147,20.731843668460133],[79.51715148024596,20.710174825654068],[79.50577963535216,20.70922672121108],[79.50449190417761,20.701920464732034],[79.4898674913247,20.708904320435746],[79.48056500546663,20.69186537613944],[79.47367716883389,20.691145633368315],[79.4696954963464,20.681604370271327],[79.44892375274175,20.667687875752144],[79.443569203155,20.669645872649927],[79.44287556860841,20.66593957617048],[79.43613570239316,20.661865093435924],[79.42800084556166,20.66488032962327],[79.41949997670122,20.660283108385276],[79.3975886903455,20.66025511984371],[79.39760678129653,20.662669299799308],[79.38803354311062,20.666676170263155],[79.39009148725162,20.673395745891447],[79.38810717129142,20.681377646221677],[79.3800227741017,20.68189095780734],[79.37950620782988,20.68433185785179],[79.37187399372645,20.68157498726173],[79.36928341755092,20.675947062709625],[79.34870908098749,20.676049896891612],[79.34925032133252,20.666467902733388],[79.35649430574571,20.662035369634747],[79.35464006106616,20.654804130424015],[79.34060967181148,20.645208246589306],[79.34710315327942,20.643277745983827],[79.34719625000169,20.635556777199973],[79.34212271983364,20.633372194621437],[79.33737822990797,20.621162715456684],[79.3341171141404,20.619768736859296],[79.33040279229013,20.594560256726545],[79.32117993207528,20.583806126992478],[79.30806483956343,20.585283062272325],[79.29414074016596,20.593006085329748],[79.28321558990332,20.58839616507856],[79.27462683202175,20.59025223836874],[79.26419513744737,20.587167747270723],[79.24910932577875,20.591217199728398],[79.22065844128899,20.58313433003852],[79.21978021538193,20.590707368107488],[79.20819727304901,20.600073195314884],[79.19260362037978,20.60269435432815],[79.18889830608613,20.599156771438857],[79.1840469371918,20.6212658260951],[79.17923074910946,20.619061479907526],[79.16863873134258,20.626999144585806],[79.17070580952863,20.645590464231425],[79.14736499430427,20.653621725685998],[79.14828176638684,20.661172631223227],[79.14371486630861,20.663595406362706],[79.14276243320178,20.679048753970804],[79.10521423671975,20.68794028008463],[79.10914256102609,20.702319458192303],[79.10332364476393,20.71571484379015],[79.08999142538401,20.711225864885506],[79.08575663697881,20.716806006238887],[79.07295999684219,20.71922789249123],[79.07251409551908,20.726681222651578],[79.0518260789084,20.729149937325587],[79.0502552726774,20.737658226234924],[79.04210654361647,20.737885565851634],[79.03626808566769,20.74174653265672],[79.03467810627711,20.738111534943975],[79.0155983414481,20.739829795554936],[79.01590535615965,20.744294039263174],[79.01165959556647,20.747796141831234],[78.99738101349742,20.744821965008292],[78.99607736067617,20.75604231175324],[78.9866096132697,20.753553284907444],[78.97474819521014,20.755240312431727],[78.95865741496029,20.760049593413132],[78.95300975049894,20.76820873713919],[78.94243165261878,20.766657521560134],[78.94093450015956,20.78133948761596],[78.94447032654872,20.782056670679793],[78.94538549451076,20.79373746823281],[78.92440851036854,20.79812638015324],[78.92296823224187,20.80201969168838],[78.91186129588344,20.808495501917946],[78.9167835341699,20.819540503579454],[78.9126569875156,20.819607412329592],[78.91188046191303,20.8224492938871],[78.91285250470473,20.835991872679145],[78.88360550548838,20.843601772035594],[78.878039272921,20.82978920248095],[78.86831767217029,20.83289516899081],[78.8656850435558,20.840038686268677],[78.8606443696878,20.84162170729106],[78.85769747906664,20.854915642272353],[78.8600382599653,20.87452020023687],[78.8474288365477,20.87862025575167],[78.85096802301085,20.886240524912132],[78.83995682593147,20.892939380617808],[78.82458643135956,20.89292495405989],[78.81719304172888,20.880725355123893],[78.80543567443657,20.886482384736937],[78.78563431320435,20.890101283908617],[78.77302433717004,20.90409006972075],[78.77512616121308,20.909428712385598],[78.7822872353303,20.911240769936757],[78.76962471223578,20.912235235437347],[78.76646244507637,20.920444331175304],[78.7527728136673,20.923414285683002],[78.73963224265219,20.93954744645624],[78.74847658698343,20.944583146893077],[78.7332085377189,20.94630428291577],[78.73183347462421,20.95959095572199],[78.72435064807162,20.96884634260015],[78.72379527088971,20.98851164792032],[78.72943651625248,20.99457502882906],[78.72657313490491,21.004168616542877],[78.7160005113034,21.0041019297058],[78.71036153514198,21.01395013927401],[78.68626317974402,21.020885172712113],[78.68274319755437,21.029504552861546],[78.67802161968356,21.0300759974224],[78.67922219163688,21.03332303807274],[78.67653888103256,21.032690384067465],[78.67564367622366,21.036080697113807],[78.65589815196346,21.03319801843016],[78.64916945658109,21.03557637556603],[78.64963256372427,21.05188984292966],[78.64353615711305,21.058373274319397],[78.6293003775572,21.057731074447293],[78.62661769557317,21.066467323088403],[78.62138762725603,21.068131825769193],[78.61505678886759,21.065482912610243],[78.61495904698664,21.068594625463305],[78.60704343488686,21.06961697560296],[78.61062641006389,21.08836577154071],[78.59721138447908,21.089640312455263],[78.59804473188024,21.096487023840204],[78.59447430257761,21.09757059761183],[78.59932673361756,21.10806854785177],[78.59018249440388,21.109611963947472],[78.58472478839272,21.116635977416003],[78.57409128564615,21.11415489201778],[78.5549519539759,21.116772706485893],[78.55283791755684,21.12575121824212],[78.5468779317805,21.127671975355575],[78.54026496919538,21.136826632820668],[78.53028129382719,21.14032497162914],[78.52809791912607,21.15087287866148],[78.52339077472841,21.152182593904453],[78.51850308586735,21.162824906479777],[78.51980148358145,21.174412968453325],[78.51058175857031,21.18269542271961],[78.509871978999,21.186896413904382],[78.50296321158481,21.187199137638274],[78.485552014577,21.210296307193854],[78.4783943158032,21.21305415915426],[78.47728656183581,21.219627586845714],[78.47040600469161,21.215980792580815],[78.46324021671569,21.224048251224538],[78.45493816791694,21.224959221061468],[78.44528160866388,21.236003401642378],[78.43010221381788,21.225989013329027],[78.41659386198664,21.229000100412726],[78.41193051821452,21.23921090659834],[78.37536068399538,21.24205217698751],[78.35835248017978,21.25268351995232],[78.34206062771885,21.253220741867302],[78.33139521118615,21.250007682201872],[78.32457899082819,21.255782000846196],[78.324453526412,21.262940804341397],[78.32936948952478,21.267881615371195],[78.32778508735804,21.27126687212484],[78.32100092108323,21.273194388608626],[78.31092807140068,21.268087218434356],[78.30344994694559,21.27549500629228],[78.31264580187404,21.294577255294108],[78.29416173514988,21.293131336211488],[78.27744386846099,21.306454817296867],[78.2668337521524,21.322695813268243],[78.25728459308705,21.32996109373972],[78.253740615287,21.32552559633072],[78.24959817720003,21.331237405782165],[78.25113043717333,21.338750634446097],[78.26913257445237,21.345882449999785],[78.27224502346132,21.351652384192622],[78.2866990564402,21.350412344464246],[78.30710230116415,21.35733459999467],[78.30878753891537,21.36190611642316],[78.31670205597591,21.366778309013167],[78.32729711534144,21.368378558239755],[78.3385111911828,21.374888878390895],[78.34467575311442,21.385298659960213],[78.34711528362095,21.37992852119587],[78.36238006274367,21.382650445925854],[78.36342061727576,21.39221914533678],[78.37131121837155,21.39569840487332],[78.38019964074647,21.387639416739066],[78.38913996947907,21.391387646591635],[78.39498462513609,21.38513074167021],[78.40691375985466,21.381704591465212],[78.40680280602209,21.387669907282202],[78.41955916602056,21.391012944370217],[78.42045650170985,21.39422777331891],[78.41591849189025,21.393638952768754],[78.42078417406941,21.3994368052202],[78.42384746015375,21.39684975664326],[78.43230705968054,21.40141914330417],[78.44759016832379,21.402832909131142],[78.44919497374198,21.410641191778346],[78.4436719757878,21.41619419646592],[78.44467016797928,21.4214338197191],[78.44179632072168,21.422067126242826],[78.44141015826793,21.4354686430765],[78.4385236953624,21.4397958134552],[78.44283958233288,21.44653798246265],[78.43870534873095,21.456460111196808],[78.4400616582697,21.462773024748405],[78.43646390198352,21.465858200862826],[78.43846904610528,21.471000228255978],[78.42821689694132,21.4758417052096],[78.42894406419917,21.485867554888454],[78.43311567600816,21.491168159622994],[78.43026939002324,21.497202543423597],[78.43955060171288,21.502302417714247],[78.44809494136277,21.50000486323002],[78.44965456194086,21.495518226157753],[78.45709329882898,21.496067764729293],[78.46222770928647,21.503835083633714],[78.47522496826268,21.500968045369046],[78.47570383215619,21.50570846881395],[78.48685203063074,21.505532711331412],[78.49503368714943,21.517249428303312],[78.5006073548472,21.517085838584308],[78.50472070973542,21.526793190955413],[78.51164494226559,21.528690113299508],[78.53076059033576,21.52326049548723],[78.54066840361097,21.523717286645635],[78.56001619871294,21.513276398684514],[78.57014515736651,21.514255442936975],[78.56785136203622,21.505792107496934],[78.58533516755216,21.486721664368293],[78.59475142695644,21.488477013227335],[78.60097924183447,21.485401002830038],[78.60877322026187,21.489060200785932],[78.61997007542259,21.478256106615692],[78.62868401739539,21.47568020093124],[78.64342777538786,21.485517296978717],[78.66712214196758,21.477085649976512],[78.67093630549107,21.480093534378884],[78.68891015474522,21.48197081864015],[78.68849444669789,21.47794476480254],[78.70166810749309,21.476315741470266],[78.69984100248898,21.473805607314773],[78.7073750587843,21.473910306085518],[78.7075581192267,21.470634723661075],[78.72846587025045,21.462292996192325],[78.73342654595366,21.46969299050263],[78.7455882889786,21.47018687753861],[78.74495009957954,21.481006483625816],[78.75084851897138,21.492983918237332],[78.76687334895817,21.489035109169475],[78.76659806579116,21.48280311630178],[78.77612971784303,21.464583302926847],[78.780148632272,21.478873553303714],[78.78663273224143,21.479337752107952],[78.78998176066304,21.486393112831742],[78.79599405871282,21.48553810011063],[78.80025692068766,21.490155181748],[78.81515634114878,21.49063989254651],[78.81557254557273,21.487695682143187],[78.81978966317547,21.48725916697958],[78.82975229374583,21.490170336192325],[78.8410484316708,21.487002840770995],[78.85190888501647,21.48971869371403],[78.85586477469174,21.494618879468714],[78.86803391327045,21.494077880438642],[78.86763348953028,21.491309701558414],[78.87151773493588,21.489688687398754],[78.89083658830862,21.48526247816154],[78.89518077920656,21.498276494686287],[78.89925857148661,21.50046160623431],[78.92306259553331,21.487446452448676],[78.93669236387038,21.485766655012895],[78.94025329565109,21.507865931294543],[78.94439272199337,21.515875187433977],[78.9354303666627,21.52283474338772],[78.92742717903919,21.522248663779504],[78.92593103041284,21.53268693331089],[78.92987121665956,21.540360631133247],[78.90679754336192,21.553259066448256],[78.91816770397082,21.561141054389715],[78.92791854206175,21.559575773563296],[78.93186327615625,21.56176010333459],[78.93194162018392,21.564519237853382],[78.91375072106906,21.570985368996958],[78.91651875623918,21.58493046287636],[78.91432318146455,21.5888686746433],[78.91676193755325,21.59091828907808],[78.94349211050925,21.591956973817783],[78.94742431076867,21.59671659799337],[78.96512052829742,21.604888865853642],[78.9742592404036,21.612797838096764],[78.97552187763756,21.617637858219144],[78.98714502507228,21.61596495527162],[78.99801229496629,21.618573534072123],[79.00291152677741,21.606422685653182],[79.01236897104663,21.599446180156047],[79.04188123115208,21.60473384094024],[79.05825040535382,21.601512398769465],[79.07646531350687,21.605395854782532],[79.08850988025226,21.60395323481052],[79.08965291763535,21.597570205373636],[79.09395815803678,21.598112150767676],[79.09336048688768,21.60160512466212],[79.10299816324957,21.601488708011686],[79.1072063779197,21.605026730145035],[79.10207079011572,21.609229568819224],[79.10052730954263,21.61760342461946],[79.11210556012803,21.623913311246007],[79.13034441266011,21.625806991550274],[79.13452467029283,21.633208552012228],[79.14330039601796,21.636964054328168],[79.14823689728958,21.650874914194144],[79.14831286667892,21.661174909421074],[79.22402043682604,21.648803789427593],[79.22411151658638,21.65542947583826],[79.23130571314408,21.656980890041723],[79.23118053682357,21.670351021114726],[79.22181856043822,21.677037504032704],[79.22085934278103,21.692869227649634],[79.22678761474342,21.703682935765347],[79.23736842954939,21.713405955244387],[79.23085611655337,21.718750344485308],[79.23182772407905,21.722202067721135],[79.23222769983798,21.722151010619722]]]}},{"type":"Feature","properties":{"OBJECTID":548,"STATE_UT":"MAHARASHTRA","STATE_LGD":"27","DISTRICT":"NANDED","DIST_LGD":"511","REMARKS":null,"Shape_Leng":1053017.41551,"Shape_Area":10199321660.6,"sourceDistrict":"NANDED","district":"Nanded","labelPoint":[77.61773103736087,19.112369544970445]},"geometry":{"type":"Polygon","coordinates":[[[78.06169345893863,19.90910459880565],[78.07752767953673,19.894405649177415],[78.09922457489627,19.89080611745459],[78.12713107451815,19.894286404019944],[78.1424300613341,19.910548318615053],[78.178918168728,19.9040282121771],[78.19173812298493,19.89612740465327],[78.20702553291572,19.89972562514888],[78.21654394277418,19.908916809864483],[78.23226702374437,19.910049965199136],[78.24589995236973,19.922565416966837],[78.2526109243559,19.924030882174918],[78.25631971263265,19.90355993316754],[78.24116776480574,19.883952104358286],[78.2439194503138,19.871913207758734],[78.25202089779036,19.865706086437225],[78.26479777745378,19.867985310460476],[78.2756873786061,19.875360908335153],[78.28320453736883,19.90573117163685],[78.30702790900732,19.91429755898198],[78.2987494062535,19.874970658845395],[78.29188421991698,19.861724508704718],[78.28531328086174,19.856616983610326],[78.28607513413802,19.8479371425233],[78.3014643061737,19.840418338602866],[78.3157562927005,19.84255765575156],[78.33641446993397,19.83792324188255],[78.33402456070729,19.81459172085562],[78.34479938103297,19.81337265522041],[78.35744171828566,19.80543413041081],[78.36467465027448,19.781231544851064],[78.34928873172417,19.737975656890633],[78.34123459647216,19.73575616386423],[78.34285484192404,19.729783443897716],[78.33928574847609,19.72415604093771],[78.34313414577774,19.713250020145605],[78.31865377154747,19.70552590129248],[78.31182129492713,19.691050463531507],[78.28784878286187,19.68803523391589],[78.27618587502462,19.69241534619908],[78.262649047738,19.665064242396863],[78.26891155315458,19.66407289824105],[78.27104766988303,19.658538811824123],[78.27900972958433,19.65764131199702],[78.28088277020545,19.650926384964514],[78.29046249488108,19.646001012024545],[78.29389941356037,19.61944178500675],[78.3055669121005,19.607066537480794],[78.30090199976902,19.579069436712153],[78.3036889129454,19.56932056141593],[78.29728560498879,19.567896703974068],[78.29814852171141,19.564036955512538],[78.29356293832225,19.55898415733982],[78.2752515208853,19.562461674228018],[78.27431076480092,19.553974587328753],[78.28393498678922,19.541411590831963],[78.29322965891416,19.542233590259723],[78.29410935284321,19.534794247433343],[78.29039624889991,19.527623931090258],[78.29599749612291,19.51737075898407],[78.2986635040826,19.49681283666212],[78.30922351282902,19.481083899496603],[78.304508017274,19.45651795715651],[78.2869701131158,19.448528638510798],[78.27043943460363,19.45615514385749],[78.26868113126469,19.448466739037798],[78.2637404289801,19.448930275637863],[78.26264686775811,19.443059004143738],[78.24648097957495,19.43519786892483],[78.24450887315466,19.428802531505465],[78.2356101224508,19.42675448226799],[78.21996133142412,19.433018558038114],[78.2115868800059,19.428478454117766],[78.19506524461526,19.40675371697407],[78.18381844565013,19.412199969797147],[78.17619001952588,19.412262465766293],[78.18767298801099,19.39459295033963],[78.1767885584572,19.367400017773985],[78.17922635038319,19.36284352820633],[78.17206148339058,19.35971867062424],[78.17214822758821,19.349298865101538],[78.17622555507879,19.334926162653318],[78.19227730262519,19.3258288565642],[78.19020648459922,19.320776815988562],[78.19373885314411,19.31488612571742],[78.18311141163379,19.285183401197337],[78.176666545334,19.278548629994],[78.17798310026328,19.253912867853575],[78.18177142006961,19.24761838946151],[78.17532099617266,19.23757855011706],[78.158399115275,19.235778766594905],[78.15099208275655,19.229498183703114],[78.14454691125309,19.22940073203095],[78.11703804364804,19.248637272513797],[78.1131721864501,19.24442211851631],[78.09530926430787,19.243740419531935],[78.0891496252096,19.239368189217007],[78.0823508361311,19.24321609506948],[78.08322908333442,19.248676238424423],[78.07909687597353,19.254834328454155],[78.07229633800604,19.249248806784795],[78.06442247318316,19.24777365278022],[78.05567524907696,19.23712171172144],[78.04161357724128,19.243428142209588],[78.03594074511646,19.250633446126667],[78.04184429356732,19.261655536278084],[78.04250627410606,19.270603767115226],[78.01481972723178,19.279037389831167],[78.01349690590827,19.29471765728755],[77.99867986537771,19.299797627041045],[77.99466532276274,19.30538619678128],[77.98484831137587,19.309877506452743],[77.9776335346199,19.32270690307646],[77.96587600003654,19.327459028043712],[77.96185975857577,19.33561143265792],[77.9451218980345,19.342452969436724],[77.94229400138553,19.34227492976364],[77.93824419431628,19.334113112984305],[77.92801431846716,19.33220779729153],[77.91154588637106,19.31625702297465],[77.89431985423104,19.32046995893008],[77.89003096657203,19.313297455563625],[77.86345878365593,19.304196348208944],[77.86557552014644,19.283821549786705],[77.90345850680744,19.277959564134797],[77.90756357478179,19.268228379074117],[77.90284701255987,19.256462767999356],[77.890007139756,19.260890982772956],[77.87501539318238,19.25884415193625],[77.87460462117798,19.253636973105017],[77.87140505514243,19.255020369144834],[77.86600648890744,19.226401902383635],[77.84772102291915,19.189594953678316],[77.86049421300599,19.18035425460675],[77.85592810855134,19.17710996043184],[77.85671313547647,19.170752055776028],[77.85264621997817,19.1668184023418],[77.85253110079589,19.15467789231058],[77.83406293140412,19.134308249716472],[77.83688002598295,19.13400889632232],[77.84155915775622,19.11810642162551],[77.84766469126477,19.116004895162963],[77.84620687060661,19.101313607729686],[77.85039502620205,19.08855689509732],[77.83127001458027,19.086080578312806],[77.8264078120372,19.096638174720574],[77.81814050527635,19.104980866542814],[77.809934258313,19.104733974099712],[77.80452856063876,19.10055657852126],[77.80280720968078,19.07975518937611],[77.79679782157017,19.072589076399726],[77.80009816577632,19.066844924227077],[77.80034943311612,19.051121571716983],[77.78909586186442,19.055672853936613],[77.77523120926544,19.056021663910613],[77.76481199057818,19.062655286411683],[77.76179020842964,19.033001761327995],[77.76555503004681,19.024305461617004],[77.76992222529546,19.02240514944506],[77.77033896384985,19.00995791832375],[77.77535113504426,19.000626583013748],[77.77149715594321,18.979159066369725],[77.78762625975543,18.972646482011466],[77.79114046654325,18.98281753873185],[77.82175777593501,18.978507767035495],[77.81621190453285,18.957516494027942],[77.81984331252305,18.95444059737639],[77.81622488402776,18.947276731894597],[77.81924931764321,18.945859940688795],[77.83245346251698,18.941628627315893],[77.83561718492061,18.947246715169086],[77.84194247146054,18.94987259310029],[77.858591644031,18.94911097679209],[77.85146163359211,18.92640676206811],[77.84791403349439,18.926896021974184],[77.84325423222454,18.908693375430655],[77.85793942643423,18.90235155311821],[77.87317177078056,18.903933902730195],[77.87393766382642,18.907674388055657],[77.8853844487807,18.904200157938305],[77.89158412549946,18.881414038521825],[77.90390627513263,18.8812459025454],[77.90323203949458,18.866625519477054],[77.93006076600457,18.8587263350237],[77.9293503868612,18.853586163580193],[77.93745225123378,18.851591408533448],[77.93477564137052,18.845144788337915],[77.94890092557333,18.84328916582061],[77.9482753520025,18.82909712454395],[77.93449795936728,18.822265379617075],[77.9066722103635,18.82669740760843],[77.88198988324945,18.817403935993642],[77.87141483992148,18.81816479809575],[77.8598824277949,18.809047177786745],[77.83995480264771,18.804821511933717],[77.8267917920429,18.76984090897401],[77.80425034046006,18.72724233009345],[77.8041839878862,18.71317741693301],[77.79621816770145,18.703960089651495],[77.79500557592253,18.69703679479346],[77.78976454671383,18.69515001259962],[77.78728825198249,18.682639975552096],[77.77190511137975,18.689055010171973],[77.77324010783651,18.701356247333063],[77.76815202528995,18.70585935774942],[77.75998328002483,18.706844139934034],[77.75350376565859,18.700991982102316],[77.74924858135562,18.682666628189157],[77.74368911480795,18.68162478580861],[77.72997424724697,18.666936908438025],[77.7357088357891,18.660987017126544],[77.7302039968508,18.65608196273455],[77.7305043031853,18.64514541607782],[77.74565662228483,18.621288377551476],[77.74557334812407,18.605941546480977],[77.75034273783642,18.589215471541088],[77.74038067213576,18.575217679627343],[77.737044247414,18.563844203751245],[77.73849960730972,18.556788709353626],[77.72325137341595,18.55332903311045],[77.70156143248514,18.555171130568315],[77.68832766365227,18.544952315694623],[77.68068531623072,18.545253201060646],[77.66166366598198,18.531857002026836],[77.6558604002904,18.530898951329103],[77.64589690697612,18.53883684544462],[77.65207451027406,18.55179395240273],[77.64791314787225,18.55493135604807],[77.63961944238075,18.554941026537403],[77.63400010917785,18.54391776686378],[77.62762900849465,18.5481249101801],[77.62925227809053,18.553675336520847],[77.61518517989893,18.550845659858545],[77.61249631627568,18.544479301351085],[77.61006841096638,18.54988209996937],[77.5963694221154,18.548941380657144],[77.5953035315934,18.53554169873684],[77.59069114316186,18.52666569015945],[77.59656700549837,18.53019995183165],[77.60043661344032,18.527295795077002],[77.60028147355781,18.522296548032447],[77.5970677147727,18.515883286545204],[77.58775278692652,18.512856571977036],[77.58590690075313,18.50399613188396],[77.59439720644623,18.49619631416177],[77.60470685344573,18.496366809278335],[77.60622559454863,18.48919693512849],[77.6031260550623,18.47684752440722],[77.59428297413429,18.476910054479024],[77.59225036879799,18.484715315195576],[77.57636930143421,18.486784646737284],[77.57286101931965,18.46981492619564],[77.548563405339,18.468581311141637],[77.55076187193208,18.460409540651],[77.56403784372193,18.461021744058975],[77.58360431058135,18.456205812825687],[77.58529734099561,18.446792304953195],[77.57430404686258,18.4417987220656],[77.56906886466884,18.4428661647648],[77.56418092748017,18.437302597685783],[77.54055796889934,18.444706732658982],[77.52751602175817,18.44211124105905],[77.52816662079788,18.428913050363246],[77.55646834829251,18.419428270631897],[77.5567560639847,18.417143340054956],[77.55160197548821,18.3888977037771],[77.53860003783738,18.385882236497068],[77.52547188490988,18.372705111136735],[77.52020634265648,18.357175161014464],[77.5223411842831,18.346467110141035],[77.53023048231151,18.3391673610473],[77.55802364735845,18.331416413563485],[77.57047950614441,18.318112544268775],[77.57139614369704,18.308829145419445],[77.55325986498984,18.29809065298299],[77.55126227286877,18.291693180006682],[77.53271765662738,18.298699111509475],[77.52372751703294,18.308210178458992],[77.51263137636408,18.309598494839292],[77.50882024417814,18.30428230782677],[77.5115575242321,18.282049339219316],[77.50522057033984,18.277023707095044],[77.49866330113072,18.276746935265148],[77.49268830733938,18.267214871134243],[77.48137954117676,18.272356190383423],[77.47574891978937,18.26466294298189],[77.46503748299045,18.26253602791701],[77.45364813693553,18.2663155020004],[77.44757803889297,18.269995222066026],[77.44585776814885,18.2838084526347],[77.44034554750348,18.28262905436874],[77.43834412644141,18.286444868977643],[77.43766476208843,18.310313822143524],[77.42830778840822,18.312364743150088],[77.42556261228117,18.307880113305423],[77.40899519117278,18.30146867888775],[77.39485386414967,18.30358920687142],[77.38511813065622,18.309311490984737],[77.36578968361962,18.30712476275468],[77.35782854578629,18.316909327010077],[77.35672435923047,18.32020207380686],[77.37160465516078,18.325208458786157],[77.37561816054736,18.332052485891026],[77.3809400333437,18.331021951702233],[77.38242783564144,18.34225276499816],[77.39498064771873,18.341501456110432],[77.39433995601647,18.34742905923449],[77.40014855979064,18.347446443129133],[77.39486983063091,18.368454658030082],[77.40983598208388,18.377411425120844],[77.414155649388,18.392251497176595],[77.40016427270325,18.40199814197664],[77.38843038613253,18.399534911453898],[77.37283283513611,18.40110270865857],[77.3683885017889,18.41252537111634],[77.3706456221087,18.418791366506007],[77.36726420058827,18.418694176918837],[77.36540348304263,18.427717876686696],[77.36214926747073,18.429888425287757],[77.36445864859547,18.434519139950506],[77.36183848815534,18.43727915628325],[77.36749888144743,18.44695622898561],[77.36563593089423,18.451564090411846],[77.35348513410887,18.447666556402528],[77.34521831838796,18.43361107657828],[77.3356574461122,18.44231689784309],[77.33603178787621,18.45015495391922],[77.32689534877308,18.451749797840304],[77.32641510352384,18.4588466709768],[77.31988509389261,18.458027215709524],[77.31685160665454,18.442253028410164],[77.2790379587279,18.429797934145537],[77.27324632997534,18.42302290139552],[77.26579834384643,18.422348729936978],[77.2636268311657,18.443652402709503],[77.25458919239612,18.449836542008892],[77.25467447171232,18.454666321631684],[77.28879574200833,18.45525213349531],[77.29952866344735,18.46487961052867],[77.30043360703733,18.47138868180925],[77.29628993786856,18.47710157315026],[77.2839662202792,18.474466217944364],[77.26454101593929,18.479720226382806],[77.26150360190769,18.485100374899417],[77.25086193631199,18.486606956495116],[77.24568088381423,18.49518872906117],[77.24586153042034,18.499655698816607],[77.26674265981875,18.522345193351597],[77.27483494819978,18.51968479218343],[77.28170586858884,18.521578417784035],[77.28655479142203,18.539862504400457],[77.29435826551628,18.549046282289176],[77.27527547752479,18.561492862979318],[77.2615187496371,18.565862737435104],[77.26548822753689,18.581457124335273],[77.26993061407651,18.583108236847778],[77.26658271755358,18.593721071534283],[77.26815625605155,18.611464763120626],[77.21089856036896,18.624206631955087],[77.21106742391358,18.633885158931584],[77.19884625913222,18.64249436040809],[77.19708720947176,18.64724491015813],[77.15388770661238,18.647231501036725],[77.15824870144112,18.682239355316693],[77.17761140896377,18.679462527208635],[77.19331630201205,18.688598332715166],[77.1938974464897,18.691350687743782],[77.18709833526935,18.693392405251707],[77.18342044789476,18.70102657549275],[77.1765823964995,18.703899250010647],[77.15103018856655,18.700574447445813],[77.14500991074708,18.71296641094556],[77.14121578853923,18.713314437292155],[77.13509652784465,18.71127598155754],[77.13842139225032,18.697272905576927],[77.10224228718224,18.694667248579126],[77.09665848046399,18.691457632570515],[77.0680652880184,18.687929249168764],[77.06673833273119,18.682149409229396],[77.06342190586737,18.68127752170541],[77.04580610063657,18.683859229157974],[77.04362116732207,18.6990982908236],[77.05125110473153,18.717439806904135],[77.05643660937659,18.717097170983237],[77.05836067848135,18.725751833627733],[77.05381178807934,18.739519608710992],[77.05783572936011,18.764837222699928],[77.05574550239196,18.770692896688008],[77.05302709736628,18.774560743040198],[77.03413487347724,18.769013384589854],[77.00753123937729,18.76621736113675],[77.00599283384986,18.7865200172293],[77.00247485637078,18.797047808341283],[76.99667602894894,18.802779247392625],[76.99488880061936,18.81811880215424],[76.99077310318212,18.82424192461423],[76.99218717510139,18.832527555303784],[77.00835140303074,18.84309073870631],[77.01953555807513,18.843671346891544],[77.01494202281833,18.879826190446128],[76.97969166891129,18.88015723460735],[76.95243975705458,18.873937280110972],[76.95435839669288,18.892027933949866],[76.93317483261619,18.894178611802303],[76.9296470964885,18.901387226795517],[76.94748340267222,18.9081461044911],[76.9478954811104,18.927586321286267],[76.95096653447911,18.926726109635347],[76.95581496498981,18.933777082050874],[76.9738785956981,18.924539061383065],[76.97399180824773,18.91578400795017],[76.97797878276945,18.912430594579874],[76.98291179586927,18.914413984307338],[76.98867260695904,18.935768799951397],[77.00605251946835,18.92926021233498],[77.00937850592626,18.933626149014692],[77.0227792628915,18.932471065756154],[77.0326175468838,18.953628792303448],[77.03578866294055,18.95265754321458],[77.03717804610243,18.96812008344502],[77.05644275469581,18.988499064425998],[77.05568088336155,18.999336718436894],[77.0411899095795,19.005138295144597],[77.04325806602812,19.031294019136407],[77.06437393193504,19.03175631425778],[77.0666364154685,19.044987361972236],[77.0612354999129,19.06133269669008],[77.0621837862461,19.069280494110465],[77.07393606099718,19.08411613194134],[77.08267097625608,19.100438395572745],[77.0839782533162,19.109506832866206],[77.10030699566255,19.108916934843307],[77.10373063367426,19.099776160685476],[77.10220002488639,19.09498252406147],[77.08856568205555,19.090124196648443],[77.08638065383383,19.085974284919985],[77.08635399173812,19.07327097753572],[77.09385639822256,19.066357543237107],[77.12222319079304,19.078949720565618],[77.13242580489164,19.071756327471302],[77.14107441100518,19.07143719964481],[77.15548495352942,19.08277730378536],[77.16313398368193,19.09608762940319],[77.16156992504897,19.114434209681995],[77.16414985036921,19.120486534935043],[77.17092906005794,19.12356797798483],[77.17519827570752,19.121544807299273],[77.18001167142502,19.13152969208414],[77.18764244510851,19.130771937912627],[77.19253321593304,19.14185107102023],[77.19177660492818,19.163872975123216],[77.17703816896021,19.167563988165096],[77.1812277024601,19.195920146400145],[77.17600461463677,19.211125636996336],[77.17905150717291,19.228916002385684],[77.19188933348023,19.236299444723127],[77.19329899122059,19.244399808637862],[77.20308954430062,19.2447783834571],[77.20226901426788,19.255113080555446],[77.2201810610645,19.275739681345744],[77.23545151145898,19.275200792006714],[77.23776984786718,19.312632220030615],[77.24134968981289,19.3228609138993],[77.26389070195627,19.31503054742745],[77.28072519810716,19.316022255713406],[77.28112209109499,19.326319137933297],[77.2983842100621,19.329019684330113],[77.30166192016826,19.333219635341827],[77.31074388095647,19.330765026938654],[77.31167505068876,19.35503379761264],[77.33818241344567,19.355970873130296],[77.35001666037347,19.352218596757865],[77.34920481654153,19.34675470625094],[77.36232515960661,19.339537296859],[77.38531783205792,19.339877557030796],[77.38963593047194,19.3523140138649],[77.41360817149592,19.368847850425652],[77.41652874822176,19.380618625139235],[77.43521960741755,19.379722095017097],[77.4472799080302,19.386341664052363],[77.44773880393015,19.393611749479398],[77.43595826701278,19.40711239508626],[77.44470256010189,19.420953372600103],[77.4481515741197,19.440511533688856],[77.47017692659334,19.437993029404446],[77.47372903386514,19.45880659742363],[77.48654201806308,19.458156297969676],[77.48489742901153,19.47566703545358],[77.48958060893557,19.493238899055356],[77.48444056531623,19.495228465474657],[77.48715021847644,19.497954759428595],[77.48464600429335,19.497979918694487],[77.4700251179962,19.49089780029615],[77.4676025196443,19.501721295067878],[77.46983177456494,19.52840467370024],[77.4657971857213,19.53313674668773],[77.46439490036201,19.544370123705022],[77.46625360415848,19.564072310876295],[77.45262881374667,19.56199708198199],[77.45089599957556,19.569052898708264],[77.45651558738277,19.580324319487314],[77.47936677167083,19.599577122662094],[77.4626041245997,19.61144656707605],[77.46650881096514,19.64240040425359],[77.46164598481755,19.645092119734443],[77.46651897728685,19.664244436445724],[77.46184029560649,19.665188825285473],[77.46244088404049,19.669644987819346],[77.45377048612701,19.674807624721776],[77.44959750904955,19.67372144471348],[77.45903379602318,19.682356175078084],[77.47548512321471,19.6834804179176],[77.48280024047689,19.677188725291245],[77.49974204647103,19.67898124355632],[77.50411523777511,19.67368928364145],[77.5280598310134,19.668299620216498],[77.53708583848497,19.66957261379031],[77.54127785688958,19.66047828041936],[77.5519416976997,19.66157064262603],[77.55465716482637,19.650930430170515],[77.57185279004032,19.65050336235879],[77.57906855165638,19.65726679143759],[77.58284422374227,19.6505997751089],[77.5937732874132,19.650678833604395],[77.59805475691546,19.642298741841813],[77.60639842447691,19.6486193049434],[77.60591734367435,19.640740692123927],[77.61651850410897,19.638204829790403],[77.61297055034048,19.628953315347413],[77.62419971996279,19.626935028991944],[77.62652524771711,19.62352854316394],[77.62747960299484,19.606445910454262],[77.63831228490841,19.610398925877227],[77.6438354125478,19.6076541499574],[77.64301509248185,19.603264183180364],[77.63785136436891,19.600076232032897],[77.6376626426638,19.59472280480277],[77.64870652962311,19.55817708075502],[77.64233832522939,19.555344056806454],[77.63388681289516,19.55818292137353],[77.63117405839229,19.553650152178918],[77.63835564972297,19.548172631591296],[77.6512873954099,19.549559874391903],[77.67417113645945,19.539035856377918],[77.69777476342946,19.538953873181317],[77.70624117649987,19.533212446824496],[77.70576250359379,19.522142473773698],[77.72817875202756,19.532268961052896],[77.74513814812352,19.52570681244664],[77.75081310863024,19.513468391132598],[77.74695698842565,19.504463424403266],[77.73418094015962,19.49673897755667],[77.73838896324412,19.48261730415273],[77.7295850609092,19.480480972642628],[77.72348758203276,19.47445702723097],[77.71192374564242,19.47791738676297],[77.70977671303356,19.468493089954922],[77.69538773319447,19.457261855599583],[77.69555277843791,19.440276001658578],[77.7054581163701,19.43663720358439],[77.73084486604999,19.434433128931197],[77.74082868968749,19.43778230978798],[77.74387457431132,19.43206997871161],[77.75084192470898,19.430897056650714],[77.77459026109477,19.439955816032967],[77.7867243677082,19.449559038835677],[77.79870281929531,19.450038591747806],[77.80025075236836,19.46067738238438],[77.80680093215905,19.464538349229144],[77.81280376610503,19.458267308335696],[77.81846629525603,19.44117364142556],[77.83121821014485,19.439041224300375],[77.83760842964584,19.449477208207576],[77.8463881274438,19.45310464968129],[77.82484088820496,19.47759577120103],[77.82752561280532,19.482713458835864],[77.8380630351832,19.4838299854317],[77.84200943085627,19.487855780588422],[77.84246539916755,19.510958386796318],[77.85936003114959,19.522428583198316],[77.8666066198588,19.516728271334898],[77.87686244426932,19.5153708164681],[77.87733973047186,19.50406471943326],[77.88066171268882,19.502078090066114],[77.88731927338031,19.50596376028119],[77.88973630778472,19.51988217112103],[77.896715378757,19.522343213398155],[77.90643279501893,19.534284466891762],[77.91004777067765,19.53297120948572],[77.91440484372386,19.517654830958552],[77.93517473445331,19.504696046122472],[77.93897422075122,19.497438317491778],[77.95376569814458,19.511922787257028],[77.9726098711004,19.507387595598413],[77.97532324382782,19.492948948452714],[77.98855008546133,19.475241503667597],[77.98300906726881,19.463987837866675],[77.9936780202163,19.45419720160225],[78.00681911463239,19.452770051031248],[78.01501852700636,19.455783272202915],[78.01531420060743,19.4809228586207],[78.02223949811838,19.48959240249057],[78.03091465174393,19.488225011098418],[78.04390344901701,19.474454631760562],[78.06668221641985,19.45852275454854],[78.0954713126467,19.483927285396913],[78.1109236624537,19.481861173914933],[78.11881065243882,19.49284124187665],[78.12296073123741,19.510276056901326],[78.13469989119109,19.519321291598487],[78.13493295098559,19.528678691186865],[78.12063908325307,19.54197869037073],[78.12041022430186,19.547737289986884],[78.12861170155662,19.55112707342366],[78.14678113680736,19.5451623879702],[78.15759360458502,19.54610162461333],[78.17285270687061,19.554471307360153],[78.18816789297125,19.55834655087365],[78.18936738687405,19.56621634821167],[78.18485808986696,19.576228940160664],[78.19165540301938,19.587171379102998],[78.18979555212883,19.596759487024112],[78.19649480530576,19.61573114699425],[78.17974893029452,19.649163289042267],[78.13031090285212,19.66450672899843],[78.12370284479083,19.650799639993277],[78.10533890527641,19.655975391427315],[78.0982412234533,19.649044915652315],[78.09620197346753,19.638332384084276],[78.08733841025008,19.636991297590846],[78.08016597651682,19.640930677433758],[78.07050207185527,19.65940785264135],[78.05586384103499,19.662612392491663],[78.05623804137936,19.674830233449164],[78.04969332516643,19.689433909928447],[78.0357089408934,19.69288159449072],[78.01639098679286,19.685227212568446],[78.0004579850422,19.672627875991477],[77.98984911179255,19.67316631757155],[77.98099599921615,19.680969642971213],[77.9826378349287,19.69198541035717],[77.98015185729564,19.699891129488268],[77.96318535856234,19.70660059203659],[77.94728090154025,19.730018669230855],[77.93022677424449,19.7385221243981],[77.9141879978641,19.729029229759146],[77.89765682668094,19.73321681942115],[77.8943280883552,19.72710147695062],[77.88984682156975,19.72591452171666],[77.87964053948423,19.73499846078104],[77.8764989685914,19.744053764545882],[77.86662521500206,19.74152048176368],[77.86042044534105,19.745183933906784],[77.85799087966717,19.751397732021523],[77.8634190202617,19.774072009222845],[77.85182086764745,19.78513677274733],[77.84825729086042,19.798063015000555],[77.86991095034186,19.82073607070467],[77.87409215310515,19.84633956020415],[77.87993666951758,19.850353554141844],[77.89617186549555,19.875287410828395],[77.9035580745502,19.881284009546395],[77.91770767522858,19.884194655950527],[77.9250775578493,19.890594482118356],[77.93605730704653,19.89181639789569],[77.95238418426479,19.908877565428575],[77.9675039876037,19.905489429433807],[77.99890530061842,19.91140186355706],[78.01457931977765,19.907705047418677],[78.03310619217548,19.9198512354504],[78.05175227482378,19.923701987933473],[78.05735120208284,19.921771933354357],[78.06126024857245,19.909679657651065],[78.06169345893863,19.90910459880565]]]}},{"type":"Feature","properties":{"OBJECTID":549,"STATE_UT":"MAHARASHTRA","STATE_LGD":"27","DISTRICT":"NASHIK","DIST_LGD":"516","REMARKS":null,"Shape_Leng":906156.298037,"Shape_Area":14996971577.2,"sourceDistrict":"NASHIK","district":"Nashik","labelPoint":[74.06985863144018,20.259622195706374]},"geometry":{"type":"Polygon","coordinates":[[[74.12900470300477,20.86413585935813],[74.14227025416525,20.85267166669411],[74.1495652584682,20.85033780507757],[74.15892830899183,20.851951622936003],[74.15931074445184,20.862112273649817],[74.19136706979715,20.85910690965405],[74.19600240663877,20.8551903235269],[74.2015377834051,20.85958555922544],[74.20891214327342,20.85508366106273],[74.22441107132067,20.85672024796394],[74.2277293273481,20.850349584554458],[74.23359738174882,20.848892156671283],[74.24350337723156,20.85017640578987],[74.2517495849243,20.85953140685615],[74.25614070664535,20.859480930042793],[74.25831721508777,20.85380746346402],[74.26564267899995,20.85138940890745],[74.27526295881016,20.85079796331001],[74.27371849774124,20.85317230538101],[74.29244381011965,20.855431391799986],[74.31484136038155,20.842949794448117],[74.32222766509253,20.84893612278795],[74.32538221906715,20.84814423549738],[74.33302874168302,20.83652181888203],[74.33694590291366,20.836945424174417],[74.33829158507739,20.849812631763406],[74.34683043576504,20.847565517245737],[74.3490126085811,20.85887277719382],[74.35211899865979,20.856579810716937],[74.35617571678114,20.858666049436895],[74.35712060211516,20.852331192730144],[74.35176949830723,20.850660629132967],[74.35751625184042,20.84863396649047],[74.35872792129999,20.84459392631866],[74.36097079201224,20.846834126431553],[74.37123949619918,20.844214118770587],[74.37344556234038,20.8405377287016],[74.37550258499704,20.842619103724378],[74.3826444361102,20.840332905307985],[74.38489325711735,20.842005205167254],[74.38191702906214,20.849611361478413],[74.38532965638053,20.853531726095614],[74.38788774517559,20.851700688955425],[74.38650168429861,20.85693576220314],[74.3914040642151,20.857935253214585],[74.39272625773863,20.85473703043575],[74.39624598235066,20.860972802842817],[74.3959213077242,20.849559844107038],[74.40376490283346,20.84144187026902],[74.40290431197778,20.837582658979564],[74.3894268573167,20.840029573449762],[74.38706757988567,20.83916153602303],[74.38826100354322,20.83580567372278],[74.39696917748988,20.831904649834215],[74.40542976805183,20.81815138101309],[74.41666738166988,20.809796641678176],[74.43982512901371,20.798498021656645],[74.4431786908065,20.80107065543414],[74.44210910953812,20.808122049687434],[74.44960657300432,20.815495770899332],[74.45636668685047,20.812065819223154],[74.466421825749,20.819226136960545],[74.4761035124756,20.820016759819797],[74.4748208484694,20.827109682487425],[74.47885530559445,20.834162097045425],[74.4849359043956,20.828940047966018],[74.48249800354513,20.821172904597987],[74.49133185797062,20.815287910445512],[74.49392111647127,20.81884048414053],[74.5053292651079,20.818879590783258],[74.50847166913674,20.80859263137758],[74.51186650440611,20.808443302773874],[74.52586390456665,20.81581521456184],[74.53026197875367,20.829776561289997],[74.53627184566133,20.83507154576522],[74.54147861312315,20.829016921781772],[74.56333789814326,20.823596582947097],[74.57261640691038,20.830913126769264],[74.57284172974587,20.81877992989256],[74.61932308030612,20.803958681863207],[74.631848579635,20.790660979947567],[74.63327444545916,20.783037791104928],[74.66449018192439,20.774158562493508],[74.66265367576776,20.762672218220807],[74.65389748693941,20.756107131375096],[74.65361064750911,20.751624167419784],[74.6582420322328,20.749252740215898],[74.65759662418918,20.74237952128099],[74.661064344331,20.739678927424396],[74.65249665137361,20.727573687633026],[74.65850598677734,20.71824968548918],[74.6561846096832,20.704928274378304],[74.64978873245772,20.69401577892752],[74.67299374616502,20.69414511738388],[74.71073594170782,20.685759990125714],[74.72014330103616,20.67729545032835],[74.73253078080032,20.677636763731485],[74.73098810988144,20.673155043292265],[74.733265462389,20.674081382364978],[74.73782711506021,20.665878289995366],[74.74494022055833,20.670801744036787],[74.74909113695801,20.666694090145157],[74.75351029705004,20.669484838158834],[74.7568419113598,20.66537344999204],[74.76025891468309,20.668006687572824],[74.76193809484107,20.66385946400311],[74.76929790132307,20.66245924725631],[74.7682531250695,20.66533206122284],[74.77201685972648,20.667450794953872],[74.7724154055881,20.66279093784675],[74.77956730444268,20.666612467966434],[74.78806921515769,20.66053616257107],[74.79407659559169,20.662369195091284],[74.79734022995855,20.658857278465753],[74.80190492777946,20.65994281865307],[74.80000818785429,20.638064422643893],[74.80935083589658,20.638225475190804],[74.81127490868096,20.635548373645843],[74.81264847825685,20.619305813118576],[74.80976722507394,20.588175133074525],[74.80103458769152,20.58960336620792],[74.7927937732526,20.578386519056558],[74.79161076698892,20.566472727115983],[74.79368983177966,20.55459071024398],[74.7996547926779,20.552086494726996],[74.79795559840346,20.546288269421552],[74.79488096688189,20.538727576656612],[74.76112263607901,20.537426101019143],[74.7602258244567,20.532853766340278],[74.76685406416955,20.522413050755212],[74.77100942892484,20.507456881960767],[74.7802234101581,20.509876483341355],[74.78388210604436,20.497369092876422],[74.77071550438637,20.472426907810213],[74.77444380176142,20.46997587631644],[74.79301607435492,20.47803178373567],[74.79959597254265,20.47045580028803],[74.79874641611369,20.453074467881876],[74.8022702157014,20.44564643086833],[74.81337649026732,20.442255277717816],[74.81682538553034,20.437409385152918],[74.81640131221873,20.4310409832135],[74.82264463433042,20.42951337744987],[74.83623848064137,20.418079205290073],[74.8385241660179,20.4082416428383],[74.82868949360906,20.406641469657604],[74.82421820447674,20.39823031797102],[74.83915444420715,20.391372179192384],[74.84331352363128,20.38418279431562],[74.84810289831702,20.384501061807963],[74.85154271992423,20.380935645993976],[74.85246721500718,20.374388667654664],[74.84926379481855,20.370394621425106],[74.85517382183845,20.363957767201445],[74.85772064623794,20.33598866582599],[74.86481090758254,20.335121876209968],[74.86363498327928,20.313961723411815],[74.8552399613439,20.313669904758967],[74.85618040315516,20.29787357141144],[74.85438850506186,20.28738783012286],[74.85170726672656,20.286147228794743],[74.86358063520056,20.276447755467366],[74.90557692220494,20.271631627425627],[74.91607275263472,20.27586909118715],[74.92278838404903,20.271187412945114],[74.93493271682792,20.27003263202065],[74.9329013514677,20.25119045230319],[74.90488908554369,20.245809464047742],[74.90779337495711,20.219096955297537],[74.92850415932429,20.217382995597653],[74.92811676805287,20.18476264979305],[74.9218686160942,20.175672380580163],[74.9254517431794,20.171308639168682],[74.92489265790637,20.164728870831098],[74.92994452420498,20.159659676022336],[74.92798118167211,20.154535370141236],[74.90677788392482,20.15500114573478],[74.90697717215355,20.16758964424335],[74.89843093518567,20.169059595405013],[74.89567259448906,20.180259383983937],[74.85462689577889,20.179684167809896],[74.8549746599082,20.206441413551612],[74.85266464040001,20.206580867149764],[74.85196252415342,20.21387444043951],[74.85537632256955,20.23036214028299],[74.82928432516006,20.235381412205136],[74.82843470398568,20.24622809506656],[74.82088526387456,20.246766949339136],[74.81838570575792,20.250405062680016],[74.80699623390532,20.2466225244595],[74.80191120256208,20.238198325163424],[74.78179177371706,20.2344810892278],[74.78182170117512,20.22901352489193],[74.78565400940624,20.228483815247163],[74.8000036424198,20.23266903959046],[74.78287996964468,20.206159385349814],[74.77034101541912,20.206758413797015],[74.7586290788598,20.200989972670676],[74.75595060727144,20.196821723377383],[74.76010254128923,20.184488472214806],[74.7346409423687,20.18877017478859],[74.73387101433369,20.197592908706774],[74.72919526292256,20.19223371265992],[74.7191249419465,20.192791750723455],[74.72079544865406,20.186967682324507],[74.7115781206488,20.173193155757257],[74.71725538408846,20.15929890497585],[74.71413517499262,20.133477777080653],[74.7084523793491,20.134979894766378],[74.71144496720778,20.12872936780533],[74.70562086456816,20.1234793297818],[74.70999460339073,20.122338581121287],[74.70378411334444,20.114755967211533],[74.73034284319564,20.11457601309915],[74.7364619178595,20.080790829058998],[74.70954011747622,20.07992455879636],[74.71143313482223,20.06839396982881],[74.72065540257748,20.05416346869716],[74.70650293588456,20.041490011815572],[74.71240513087477,20.031124112928588],[74.71276376557165,20.023170449876996],[74.71790044201593,20.018132392723665],[74.71336176781178,20.015824824177724],[74.6948859615178,20.016986799427247],[74.68932443769368,20.01076706019166],[74.68626132467523,19.999003333495843],[74.68833043590153,19.994890220077018],[74.68179578983136,19.989218205056456],[74.68515189584828,19.968657749184526],[74.67224669845208,19.962829816596468],[74.67081902397719,19.946973980321463],[74.6515204364489,19.94632690345323],[74.56864715878872,19.95429833484954],[74.55445835858268,19.96784980848448],[74.52289692542901,19.976581591619045],[74.51980271759747,19.97455341845107],[74.51895173128055,19.966704924892007],[74.51007493461451,19.96890592919203],[74.50930896127905,19.972869994147757],[74.49469301402034,19.970129941800593],[74.49201149872228,19.96222046131842],[74.47922204510282,19.96401634759928],[74.47837990289047,19.971333419216275],[74.48269526154336,19.978526730421827],[74.48061668316521,19.995077015967734],[74.45768338545635,19.994982974673217],[74.45197112774943,19.979490027895395],[74.44224357060587,19.973832856262003],[74.3824232593228,19.98135535714523],[74.37696508747447,19.97197579104792],[74.36471825048503,19.974781292766068],[74.36277192959326,19.96510865501366],[74.34952893852847,19.967470689003434],[74.34727231572606,19.984548064408433],[74.31607893561937,19.985476233428468],[74.31611090572763,19.97869016991564],[74.31162236996771,19.976613133340106],[74.30844829316146,19.968285976413004],[74.30308178119698,19.96667224914137],[74.29167574065089,19.982705446358626],[74.28537498368752,19.986190952749023],[74.28108496130135,19.957269214126157],[74.27274128389068,19.962252120418846],[74.24783848914053,19.962978131995765],[74.24771239517685,19.93549339704308],[74.27274132644055,19.93272023743422],[74.27613524838071,19.91856496378414],[74.27455623699841,19.906436255390435],[74.290139615294,19.903761473098342],[74.29039242957387,19.898395627152304],[74.33532583589214,19.886615569986756],[74.33734499098951,19.87246015872738],[74.3631459414255,19.871437404867493],[74.3628971723613,19.834194701750416],[74.36901521156638,19.83472152696471],[74.36713736674794,19.81096240955662],[74.37424699039258,19.802160474195063],[74.36769539967133,19.805616966437245],[74.35287264500855,19.79520907217231],[74.3439379174695,19.798740412847568],[74.32683022000255,19.795698304440965],[74.32257085031594,19.780011693575656],[74.32560055155923,19.77285728279788],[74.31684878799685,19.765140430780203],[74.28721596330921,19.77640483816204],[74.27468557711678,19.77733047310198],[74.26940011798999,19.76066724042842],[74.24737327893983,19.751793819984357],[74.24651916240629,19.744439906701526],[74.22362037731499,19.742080153970804],[74.22033100284618,19.737575827749886],[74.1886555883011,19.739235033282505],[74.18353653619265,19.732332790441376],[74.16638749313692,19.729913792321355],[74.16429619999944,19.71824017059977],[74.15624750491143,19.70762768854588],[74.15819581984164,19.70406594908665],[74.15092785786074,19.68509473884447],[74.14460936381823,19.69225063404126],[74.13864567418021,19.695181213731747],[74.13567747240214,19.69314801870711],[74.13672340630998,19.683969396365118],[74.14482846334153,19.67352919577554],[74.1344580796908,19.667491230945597],[74.11972428216069,19.6426074624318],[74.1159934828816,19.646466279185777],[74.10975280824543,19.644325080693676],[74.1013236917588,19.648371815332847],[74.09601789759924,19.64101766212477],[74.0784949402895,19.65192447983522],[74.07641904478098,19.657899083768545],[74.07093888157779,19.660817279373763],[74.05196095694775,19.662308881138784],[74.04329976057072,19.667024424883582],[74.03466801295392,19.66584377843212],[74.02105295611227,19.673839684478992],[74.01178230048656,19.669926602750287],[74.00840703556078,19.672410155042343],[74.0033421509358,19.667821785590093],[73.98471101176197,19.66981786549543],[73.9784297428441,19.675728276013995],[73.9716829193779,19.67469053474411],[73.96933557247272,19.67083120442084],[73.96126453334573,19.67427632324683],[73.95687366781941,19.668695259571482],[73.94942503518762,19.672695376582222],[73.93150144890815,19.670406491077962],[73.92716033641254,19.675225651983173],[73.92551487012102,19.67219221519236],[73.90767693546802,19.68422624013824],[73.90396641849519,19.694153759838287],[73.90706320299405,19.69731565198548],[73.91221775577262,19.694243453618718],[73.9111745971542,19.701541742688914],[73.90470770421774,19.703679873602155],[73.89488064834708,19.71780901697099],[73.89822422579117,19.725918452869358],[73.89887371390576,19.746511808452485],[73.89072004071919,19.74726616527303],[73.88846432412464,19.751959090579707],[73.88427624547867,19.740634151305507],[73.88055841786425,19.74105097573625],[73.88052115920414,19.73851848091399],[73.86798738006514,19.741322760975866],[73.86470279204133,19.748606397994234],[73.85486531502754,19.746981722194977],[73.85791493684395,19.743113061739997],[73.84930847605536,19.74551189170403],[73.8367567298726,19.740456810075333],[73.84036521989523,19.731955091961694],[73.83876891076267,19.722118311664385],[73.81941934870568,19.713977820496403],[73.81356142418261,19.700711809945066],[73.81494926903662,19.689737086620614],[73.81053940868613,19.687576558219373],[73.809695790558,19.682090781056704],[73.80494605165586,19.689481877900807],[73.79404451630953,19.688239404849476],[73.80576641326047,19.676962760319668],[73.79416542178683,19.675544611095873],[73.78945252022892,19.66886791305058],[73.79028863528663,19.662958520788898],[73.78151713763357,19.65977412015526],[73.77761900335149,19.652199400262226],[73.77909205842663,19.64969549305777],[73.79282719388183,19.641589798000876],[73.77575469030586,19.64062962082092],[73.77784422966066,19.63526881644334],[73.77570403314675,19.62849649977381],[73.76637880394999,19.631883085543997],[73.7636971597216,19.628300788371707],[73.75166732462587,19.625580855684376],[73.74955836490798,19.622006961343907],[73.74407653174725,19.623709354262175],[73.73699484581374,19.61805710932041],[73.71975147009263,19.61993746837929],[73.7094474448237,19.612328175003476],[73.70847039269948,19.601662837244007],[73.70334442305196,19.594182044991324],[73.69618839342331,19.591444547319835],[73.68631571601024,19.592652867392864],[73.67535850993177,19.58669130777706],[73.66938977303427,19.586081860576957],[73.66912625452542,19.589985136951586],[73.66474569958747,19.58658977897732],[73.6417619444672,19.58955524346146],[73.63056655278255,19.594604129273126],[73.615870762674,19.58611985589005],[73.61400096145147,19.59548214575224],[73.60634188557187,19.59496355493034],[73.58364584401605,19.60649975640305],[73.57492200616632,19.602157822706452],[73.58141208401337,19.60870723845456],[73.58120751762671,19.612954111252918],[73.57546978570174,19.61840022849803],[73.57082883084036,19.61955259744596],[73.56882714329043,19.61624504305409],[73.56328402174414,19.61847845334684],[73.55958580346197,19.644367714755788],[73.5441267157308,19.657903869761483],[73.5438896058065,19.664882460665652],[73.53465438514424,19.674586670100915],[73.52826882217356,19.689229228449054],[73.52854639498456,19.69772812689156],[73.51455979339217,19.6986923383233],[73.51899193360323,19.707510249487413],[73.48592212232015,19.72258776057929],[73.48501435472284,19.728970802877132],[73.50365862976918,19.733191317362277],[73.49933949631045,19.73656749004865],[73.50379737502375,19.74790213485172],[73.49779198639892,19.761038525436362],[73.48975562989685,19.763189941347555],[73.47835788954751,19.759877515746968],[73.44924863656281,19.76712417006489],[73.4424904854768,19.78644746006035],[73.44381155145001,19.80480455195897],[73.43928739065078,19.807226965042666],[73.44239755534993,19.814983457243574],[73.44186897370093,19.827343377422217],[73.42943759439748,19.8335090332252],[73.42252814094445,19.831770507198517],[73.420517862875,19.834803965644923],[73.41789695855888,19.84882925167107],[73.4198827704761,19.85006336012699],[73.41489714970011,19.859982122942245],[73.41761924448414,19.867681891168893],[73.4239951108723,19.871460073210525],[73.43625520781804,19.872418880853886],[73.43132550204491,19.88298097158199],[73.43220083983432,19.89017787539911],[73.42572989686516,19.899562677363882],[73.42671978646563,19.905951277767524],[73.42270669822653,19.916648668734418],[73.4300255784007,19.920527593827693],[73.4392510686622,19.93465092498428],[73.4398029452793,19.95593494660341],[73.44921477396088,19.953689977639485],[73.45611233368737,19.95935896605562],[73.44898956180015,19.966629100679196],[73.4507689978716,19.98478556017315],[73.44099227570217,19.980741241129166],[73.43199564947363,19.982105647035105],[73.41603896571789,19.999457897255446],[73.41503312633343,20.012174599888677],[73.40639301915172,20.017018728975312],[73.39198845605368,20.014099780379983],[73.37993320847934,20.020863139578697],[73.36605883529413,20.019325505770716],[73.36250931397309,20.022450996004626],[73.36346094038247,20.033673336193683],[73.35783912013191,20.036494956667266],[73.35765341562349,20.039913659145736],[73.34598045065063,20.0361063037146],[73.33209055696348,20.045614245246757],[73.32928233044927,20.04191381783144],[73.31372637783895,20.049096633168084],[73.31121173538307,20.05599386317774],[73.3067678570009,20.05547859326083],[73.30867385448371,20.067130424963935],[73.30629409370685,20.06653687118047],[73.30575524831006,20.0701863061701],[73.29951091845813,20.06988682630867],[73.29475225368299,20.06464097264073],[73.29589786260706,20.07202714144223],[73.29284395417163,20.07413014919311],[73.28982022513543,20.063766367980513],[73.28475015375976,20.061419212436537],[73.28594667591508,20.053328142633124],[73.27124973200664,20.052883996894586],[73.25981500854272,20.062588811364183],[73.2662330121909,20.07118744349897],[73.26246341394419,20.075802559635875],[73.26349189870758,20.07992799537216],[73.27279062211319,20.083853613326173],[73.26972474423853,20.106555701844172],[73.2670061760807,20.110570870802103],[73.25265618164539,20.11268705562828],[73.24771946300602,20.12266270197796],[73.25470398256124,20.126933950489686],[73.25389720875519,20.137958002744167],[73.26514556585407,20.140257743898857],[73.27922546657803,20.15014417309192],[73.28305019555343,20.19805228547356],[73.28900883913808,20.198170025429228],[73.29906433289013,20.209169909961922],[73.30516235484656,20.208575467606515],[73.31405074005417,20.20214154481966],[73.32443557805196,20.206189440141273],[73.34383558490187,20.19938286029478],[73.34638905303298,20.209309805803482],[73.35649961142798,20.213002882827826],[73.3612612115609,20.207645622700767],[73.35360265271436,20.20035786211904],[73.36475366805148,20.195584808062954],[73.36623904149373,20.203910319430822],[73.37455951031869,20.204695738161266],[73.37814086083614,20.210951973412588],[73.3824971494902,20.211729929282516],[73.38637915808225,20.20938498037607],[73.38575164252238,20.196152385557784],[73.38930254884784,20.192621692752198],[73.39447836949363,20.198643709584275],[73.4058787098541,20.1954862956828],[73.41651483588069,20.198286005430905],[73.42121134798674,20.206586015740072],[73.42010949863679,20.210996459547196],[73.41557017480932,20.212697741532004],[73.41783655153762,20.222347237587034],[73.41359765013719,20.22434303625392],[73.41191271143825,20.23207446190012],[73.41447038338045,20.235943368178035],[73.410435276876,20.238507594229368],[73.41741111626193,20.242734338300053],[73.41252019906189,20.244492654843032],[73.41533372396415,20.25071202344119],[73.41130010200882,20.253224042347444],[73.41612082734994,20.25867880278896],[73.41215024364678,20.265513150226393],[73.4158743927473,20.26789698936488],[73.41289783672023,20.269501010687883],[73.41422958606968,20.274134560503132],[73.42319463911807,20.274769072654774],[73.42770046481428,20.280119639422388],[73.42021953300222,20.29735650140811],[73.42043319198977,20.307351297112387],[73.41380737998493,20.325721218333893],[73.41846744471947,20.330516441016538],[73.41422665433748,20.336117848779637],[73.41329076599328,20.346126364008892],[73.40919726510269,20.34921649877251],[73.41366104781842,20.352205423326357],[73.41266720591538,20.360881639869973],[73.40644409114927,20.37339779067656],[73.40450690870128,20.3860981687845],[73.39839010105662,20.3840622954283],[73.38695121526285,20.37292164764989],[73.38272696162386,20.373061950501487],[73.3797679802838,20.39350323547547],[73.38782521763744,20.39841196630847],[73.39592034582128,20.39633358813089],[73.3987047988275,20.40510406228266],[73.40591870030258,20.40296663507372],[73.4048662219164,20.40997620457573],[73.41232048849524,20.41074701999623],[73.41401779518209,20.41622493281269],[73.41957410564846,20.41306659524544],[73.41853595738094,20.417926486238002],[73.42311728660133,20.422157109380947],[73.42110271262283,20.430034164418007],[73.42855722640674,20.442081593386366],[73.43100547537972,20.45441040883563],[73.43545771653467,20.455840527156738],[73.4448299305767,20.47478302791599],[73.45625247385169,20.478332320115317],[73.45912120451055,20.491843752131118],[73.46766523576309,20.496468558211074],[73.46986591270606,20.520307169357846],[73.4936242443206,20.538068466617485],[73.4911668230327,20.540924434260084],[73.47529831374365,20.54332818666234],[73.47920317237568,20.560243783277567],[73.4731530962597,20.584635287149545],[73.44947047000682,20.594036657794273],[73.42957612725218,20.595204860923847],[73.4315060902968,20.600145095376774],[73.42645601210997,20.601980253131757],[73.42823712812937,20.60650949586129],[73.42112018772436,20.62586828149625],[73.41086876240877,20.62718059047253],[73.40720769046187,20.623970271837734],[73.40996278264207,20.62997631250611],[73.40709989304571,20.6353331992048],[73.39411369346196,20.64078178098941],[73.39224359287192,20.64928605715168],[73.406182970405,20.654902235880794],[73.41245098990659,20.661467497074273],[73.41966275201428,20.660684403747798],[73.43299493065139,20.666831439258075],[73.43483477913384,20.67184382535952],[73.43203915081622,20.677264230089044],[73.44429722839577,20.681102957698325],[73.44819906983408,20.691362131108153],[73.44748596723828,20.69555355825322],[73.4407830577874,20.699837646576515],[73.44918133873774,20.717180929368563],[73.45927086761073,20.716598104249123],[73.46693627325517,20.722059721470494],[73.47464810384226,20.720387873803226],[73.47562512369514,20.709864512775827],[73.48366839470276,20.701414269368048],[73.48399719214405,20.691555205085145],[73.4902659896311,20.68638449410823],[73.4862648235785,20.675164345991437],[73.48215547656463,20.679760007601658],[73.47856373176252,20.676664059576524],[73.47962598752272,20.672205961523744],[73.48438962559082,20.670161592225643],[73.48458786888907,20.665582029548496],[73.48921698267682,20.663700197850844],[73.4892348935696,20.655733594997493],[73.49562442269412,20.65360653586892],[73.50250674103549,20.662270800777776],[73.50451548417188,20.670676897471605],[73.51133321903542,20.665758782134407],[73.51790122342813,20.667433923542575],[73.52048953037583,20.67884793718744],[73.52157647413097,20.67527629825029],[73.53278800679523,20.672744434924248],[73.55079944895392,20.648559477392684],[73.55785357897567,20.645866135172355],[73.56185321353814,20.650397379930276],[73.56664242172953,20.648416437449455],[73.57015358065819,20.65094659634548],[73.59598893672636,20.63610777582301],[73.59951497861061,20.63690312695331],[73.61519417060775,20.62481918464752],[73.61685910293497,20.617922917854486],[73.62227972700524,20.61423777029489],[73.62731120328787,20.5964210972994],[73.62697518781022,20.585031020136345],[73.6450209373978,20.573978406978735],[73.65268255862885,20.56487246745988],[73.66911577078808,20.56347791238081],[73.69537703201217,20.57837271240969],[73.69968210419749,20.5752546601096],[73.7323255645163,20.574419731177432],[73.74456137904562,20.564918380819375],[73.74621398823774,20.568751571462922],[73.7607399966463,20.573736319314506],[73.763598508989,20.5867404144699],[73.76763207314691,20.586548750266086],[73.77539284381311,20.600224106978413],[73.79126636245074,20.60527244934029],[73.7972730955491,20.60260162472292],[73.798402215791,20.598677452064376],[73.8070602822928,20.608386510275785],[73.81727051587518,20.613565736172003],[73.8260108086839,20.61246184925258],[73.83839439358911,20.620463123202374],[73.83274143814651,20.645716710788562],[73.83909090244181,20.658774522894817],[73.83062214417298,20.675103340431622],[73.81720585590503,20.672037470401097],[73.81185203884922,20.692033435692313],[73.82543145876129,20.700717936393893],[73.83543826900976,20.70210240351],[73.85517076160812,20.692251282056912],[73.85624482858381,20.700394081192286],[73.86083326513429,20.700281562019484],[73.85969077328843,20.703171854139594],[73.86261852464519,20.70323530317456],[73.8667699252209,20.71058342559104],[73.87442112294734,20.72953351570849],[73.88252940506972,20.733426274055528],[73.89551001164578,20.73166378782097],[73.90475463867104,20.72529001483334],[73.91732663049002,20.724849177487073],[73.91786570269787,20.72955938664032],[73.92726195136676,20.734343941686802],[73.92956376164494,20.72761402669535],[73.94266122069703,20.742083694144686],[73.93803138499554,20.749221073191567],[73.94130979509303,20.758325369375385],[73.93186149207033,20.760622976076135],[73.93473308132192,20.773307927988686],[73.93297809929356,20.79187454080929],[73.93612264592312,20.800901197807796],[73.93192803507098,20.808900816164417],[73.94404343467664,20.823772488670084],[73.94056297886105,20.828470632501805],[73.94031846935783,20.839438754571898],[73.96263549532476,20.842514319130018],[73.9666369199474,20.854433879672314],[73.97956417136004,20.847895244847916],[74.00452648941204,20.84252214712769],[74.00661946103506,20.836212101234572],[74.0139549624223,20.8439845526699],[74.01524353482803,20.853812219081973],[74.017512575997,20.84418270811724],[74.02619793115574,20.852104949784923],[74.03273001449446,20.839518940279522],[74.04388406858041,20.834714473044958],[74.0631495676592,20.848938966284354],[74.07730881722411,20.84877088847113],[74.09715014843492,20.841024600560864],[74.10282490160594,20.844788336794103],[74.10013505090768,20.85007946513023],[74.1033770063385,20.855101343844748],[74.1114371686525,20.855011197121765],[74.11667085193353,20.862922390120925],[74.12042574377391,20.860874704121265],[74.12891043599534,20.8647717043393],[74.12900470300477,20.86413585935813]]]}},{"type":"Feature","properties":{"OBJECTID":550,"STATE_UT":"MAHARASHTRA","STATE_LGD":"27","DISTRICT":"NANDURBAR","DIST_LGD":"497","REMARKS":null,"Shape_Leng":723471.848013,"Shape_Area":5736401108.02,"sourceDistrict":"NANDURBAR","district":"Nandurbar","labelPoint":[74.2168907735753,21.550211109749412]},"geometry":{"type":"Polygon","coordinates":[[[74.44368581229547,22.022407696934344],[74.43873640573224,22.02084240318786],[74.4438677852481,22.016631963925455],[74.44362779016473,22.011172658537888],[74.45219043579539,22.004228491292704],[74.44740933296075,22.00063181013469],[74.44234074992895,22.00318074362671],[74.432330609713,21.99940350939298],[74.43814965110053,21.99733762772432],[74.43881514486696,21.99089369069661],[74.44146314065323,21.99003932183297],[74.43883268166138,21.987173078462067],[74.43938963379759,21.976723952300144],[74.4446904170777,21.975479881800688],[74.44450876031694,21.970386366883567],[74.45337767165532,21.96193843112074],[74.46109377338722,21.961446945568476],[74.46384622392395,21.966069314732728],[74.46971904151566,21.967095679824503],[74.46909909218172,21.959636200871067],[74.48158784892618,21.95917270099259],[74.48203475061487,21.954751707801595],[74.48873036684341,21.95616939506064],[74.49047377784503,21.951232836216075],[74.48467086671101,21.9458134549281],[74.48907840282152,21.943412873249176],[74.49521847289952,21.94680871567921],[74.49999999101765,21.93930387142649],[74.50838913486817,21.93733950026817],[74.51256053957442,21.931892162415682],[74.50922553453262,21.9206372029474],[74.5126556973077,21.915600142435483],[74.52421040201196,21.910581999782487],[74.5227959377761,21.899088980597252],[74.51363846627292,21.889966025125673],[74.5100050907967,21.829273982317815],[74.50021200224327,21.806517382324465],[74.49821065100043,21.790088695114143],[74.51395220105759,21.765687822373813],[74.50896862048923,21.750000855551853],[74.51204474379585,21.745213333816974],[74.51106663307068,21.735305169483457],[74.50558819531302,21.726306144674677],[74.51385827438969,21.71860817810936],[74.53323345497286,21.7168861414627],[74.54736731226963,21.7196026858684],[74.55751330907066,21.704271938224323],[74.55490071063382,21.69085907610191],[74.55755981724135,21.687401378625406],[74.55415908954052,21.685729254879938],[74.55420471177806,21.681362357894756],[74.57986850535346,21.683326801347505],[74.58385725605893,21.673298347726774],[74.58208162120549,21.66498904982117],[74.61751128697817,21.660469783507367],[74.6224048512033,21.65679406285708],[74.66412999260616,21.652526731868637],[74.6648818790077,21.647297170251225],[74.67746902156256,21.645428740442508],[74.67545448831967,21.644724888215446],[74.68396328459762,21.639502066165505],[74.6874614344748,21.631589078167806],[74.6931804853284,21.632806249824256],[74.70074602597875,21.62757836466751],[74.76891566262451,21.61607924595678],[74.76770923887258,21.60988384804039],[74.77118878145465,21.60841195029247],[74.75856929612563,21.5765086360422],[74.75964095526567,21.537557212393466],[74.75388973283131,21.52922940639998],[74.76123450312646,21.516800426995474],[74.75622531595735,21.502068834484735],[74.75762595231791,21.491396277276593],[74.75296349346591,21.482310582055298],[74.75521697463196,21.477561889815526],[74.73179928664165,21.478727544910633],[74.73275749925362,21.471846012949804],[74.72606736108668,21.47695045243207],[74.69977066047069,21.46899954899026],[74.7052070137309,21.449860871110616],[74.69776146880814,21.44211538855317],[74.69825001941753,21.43826994679191],[74.69180707859877,21.434145463108575],[74.69483469056351,21.428245310591926],[74.69725593046473,21.429212853982268],[74.69862879095007,21.422858133451566],[74.68602636911406,21.403554473853145],[74.66460546142949,21.40707103492222],[74.63350906880002,21.4017433503445],[74.61948885296974,21.41140555920193],[74.59960926783731,21.41542489609864],[74.58995374375219,21.413517084603548],[74.57192770172719,21.40257598060092],[74.56535826837658,21.405416177183366],[74.55844950663958,21.413875661918958],[74.53618737008611,21.426065987104842],[74.51253410274958,21.429797756831256],[74.4965690927154,21.425576176993967],[74.50208721126262,21.415830561618073],[74.49889318327645,21.398402193133226],[74.49301240076957,21.391291719917252],[74.50285021866318,21.394021317381256],[74.50843476430909,21.389008694833315],[74.48972868751534,21.37067006015146],[74.49193911424746,21.369917917325502],[74.49039736281742,21.350053598152762],[74.47847334093143,21.34923523509483],[74.47747482014509,21.33148513268277],[74.48310339963719,21.309191558636826],[74.47381520425935,21.305661616046258],[74.4743089030469,21.29660610412992],[74.49258654395891,21.297832368025738],[74.50188868980246,21.280006248419742],[74.49958408033648,21.279331358209742],[74.50149234809575,21.275561644574168],[74.4986718203417,21.26435804875301],[74.49155150934978,21.261621694913018],[74.48702634339385,21.254619416115755],[74.49215617772954,21.255238034292944],[74.48827189146608,21.24897318225232],[74.48998898573973,21.24249187695351],[74.43467207983694,21.2371128632622],[74.43249294627667,21.24477544908613],[74.4409083117782,21.24777853854898],[74.43746952526652,21.2549217913945],[74.4318872198381,21.256019210732],[74.43187225265258,21.261184885421198],[74.41028575531483,21.257446490808395],[74.41240002342128,21.26487241212282],[74.40931870999304,21.26662386784931],[74.39819856319883,21.264702276659207],[74.38799874148678,21.25578554674052],[74.35566568319598,21.252200477486266],[74.35669987683272,21.232278168219704],[74.33786512737586,21.228616820717214],[74.33793814050223,21.230886167714065],[74.3276796742246,21.232988674121042],[74.3171643048663,21.23014521944712],[74.31779154521722,21.24839733283656],[74.29906178426164,21.23800704859927],[74.28407056081043,21.239705171039958],[74.26732731752814,21.24935921543422],[74.24601237832911,21.248171667176454],[74.23181954391524,21.239832046633268],[74.21965311262785,21.241282250750157],[74.20946161625847,21.22147987110189],[74.19050646659117,21.221002582031847],[74.18951964464041,21.217540392525404],[74.18579676814953,21.22011168826773],[74.1791808555728,21.209785705330347],[74.1634066491561,21.214869994855363],[74.15979469226644,21.21860007059856],[74.16433629157206,21.22527477395576],[74.15788802767155,21.230784459938587],[74.15547894557066,21.22553809595136],[74.14946300532594,21.22546394106523],[74.14856297973398,21.220862302359077],[74.14377666824049,21.22014766181398],[74.1442979815766,21.213514394919798],[74.14680911085271,21.214856754281286],[74.14939591575539,21.210298102951374],[74.14603050521566,21.206898208941606],[74.12070022073493,21.213356896160114],[74.1108817697743,21.208232652973013],[74.10215328070804,21.1980005007536],[74.08740627150051,21.195747100659627],[74.0700607890373,21.175694512670137],[74.05903186830844,21.1732776929033],[74.05718130681647,21.169977362679916],[74.0674001255704,21.156699273036008],[74.07685858977901,21.15152175449083],[74.07728114621658,21.141081416800606],[74.0740047215926,21.13781641308884],[74.07692729654146,21.13351825198891],[74.08288024030448,21.13073212645247],[74.09261193211653,21.1327822952934],[74.09806242019626,21.12676477214554],[74.09724804628617,21.110442627423687],[74.08406788187921,21.112748217699487],[74.07029605232151,21.129797393157137],[74.0475336072409,21.127850429260437],[74.04967769618963,21.13581225841873],[74.03541553473563,21.14479851228022],[74.0200957548495,21.141635173566645],[74.01606248114551,21.13107796173318],[74.0001286456923,21.120931995612658],[73.97461455817962,21.11354599166608],[73.95634510710997,21.10253965636939],[73.94357144004111,21.078559416166957],[73.9480868176861,21.071458302059213],[73.94452354956863,21.062055558985776],[73.9552578906686,21.051318977852677],[73.95430053396205,21.039188851159214],[73.94818315545938,21.031518135821326],[73.92989060665538,21.039029869376623],[73.9099005865849,21.03761508493913],[73.9071810625748,21.043597430028857],[73.90702889716337,21.036532159327624],[73.8953008781993,21.03525798128477],[73.88218784245562,21.026230531155463],[73.8750310045608,21.030908976854896],[73.85914776487228,21.029894434180576],[73.85449364445388,21.0326501467156],[73.85662774583426,21.02022367773504],[73.85093720668812,21.00666868030072],[73.8512049018052,20.99763493673601],[73.83881441164947,21.007538127990472],[73.83422183671134,21.024720736715203],[73.8149971528681,21.023495817529106],[73.7955255628002,21.044519202903455],[73.81090336505287,21.05949164268116],[73.80774103758782,21.084893089226984],[73.79410179289229,21.071443077975083],[73.76021185520841,21.069400648797412],[73.7299321311178,21.082434000441072],[73.73301841020985,21.09825149990198],[73.74375858227046,21.115179202786905],[73.72967501682521,21.099870383868375],[73.70548822875098,21.108428047899512],[73.70314521992236,21.118648869562257],[73.68894883440211,21.100794232255396],[73.6771999665381,21.10855682894326],[73.65189993165713,21.107596514773622],[73.64638204216887,21.121249178610064],[73.63102873412751,21.123278256549067],[73.61846190664004,21.11845530286171],[73.61191004904217,21.138081406439014],[73.61763322181132,21.142697032495953],[73.60512700239623,21.144014785754358],[73.59879012023082,21.15663163072162],[73.5785195787363,21.15048125104126],[73.57688089535164,21.156672166634632],[73.58328253093127,21.161013695199745],[73.57742059352134,21.17075309398158],[73.58100777955862,21.169448907744464],[73.59385204643573,21.174392155925833],[73.59959966585433,21.181695345168897],[73.60645164216496,21.178756293477157],[73.60779225600135,21.158981028131127],[73.62926830392476,21.154921822646106],[73.6274290155547,21.143351906972306],[73.64335708721654,21.13956640113664],[73.66493860755182,21.1473029285249],[73.66423738349022,21.153273161963675],[73.6674920724188,21.154631648840635],[73.68163935655957,21.15124497432175],[73.701777441492,21.15368899515435],[73.70134030522918,21.146314634597196],[73.71074117646923,21.14543397574693],[73.71897392350708,21.1397574772482],[73.72101635158941,21.1420367937109],[73.73180789125912,21.140969050986108],[73.73712180955104,21.15324901668555],[73.72851563691223,21.16193871013609],[73.740086881983,21.171116585997652],[73.74019003983511,21.167612132306065],[73.77230552407606,21.164636920265092],[73.77359790039826,21.168656908283733],[73.78135258225689,21.17109991182097],[73.78470072244893,21.183985727523883],[73.80269874974016,21.174917210673232],[73.81576154634563,21.173960261781676],[73.81986864703764,21.186732740607674],[73.82589708567845,21.18715451790992],[73.82604697072105,21.20012888118321],[73.81543459170955,21.19734820994877],[73.81073521822259,21.207615835790154],[73.81180897713459,21.231230064317614],[73.82846192392115,21.23998265289833],[73.82748996514195,21.2521727685686],[73.82237580131138,21.261099262235152],[73.8228734657824,21.270858320831085],[73.82653602974106,21.26771629632321],[73.84970832720637,21.274716366308652],[73.8796131191102,21.26595702099541],[73.89743476575653,21.272246142914103],[73.9222381350016,21.289636063207325],[73.93323930346119,21.291217547769378],[73.94272638862513,21.300313487360963],[73.94235273509736,21.32562516739056],[73.9491758940264,21.351163983946257],[73.94407513487126,21.399969055577163],[73.93893230393387,21.405019789374784],[73.94691781681948,21.404926234095292],[73.95178795959302,21.395273645463817],[73.95947419315237,21.395427938202744],[73.97044565016175,21.397815356858352],[73.97803256749742,21.407343751136008],[73.97691697860279,21.411928008739956],[73.98222356232912,21.407896485489374],[74.00253832447785,21.417461155115372],[74.00261829267328,21.421413456615042],[74.00829476179182,21.422867603610328],[74.0089518828745,21.419539950545992],[74.01505771056443,21.421279990601448],[74.0234043956328,21.41778653407157],[74.04462436071434,21.419193911485824],[74.0482748322048,21.42339530115449],[74.04965369537976,21.44020804544889],[74.0457039092806,21.4461759168542],[74.06142551421108,21.46196655857268],[74.06293158039512,21.474549422391338],[74.0727634437475,21.468771984036533],[74.07543897251094,21.459801207602148],[74.07229972468541,21.45702548054238],[74.09459031416826,21.455732911924702],[74.10071375354534,21.447631232469117],[74.11649755661803,21.45240956068254],[74.11716098187395,21.462081643567412],[74.12517870359528,21.466652880337058],[74.133733998804,21.465862364086593],[74.13584419803668,21.4561199251636],[74.14829817340204,21.457996272633856],[74.14766160279413,21.46141481774759],[74.15523980544852,21.46295351702846],[74.16122114978063,21.468895391023825],[74.17349798475608,21.466365345267853],[74.18231991452814,21.46924715919932],[74.18348898085456,21.461252662892633],[74.18773231898317,21.45818930857612],[74.19782423307092,21.458748542786427],[74.19715834912658,21.4609793096318],[74.20928101063612,21.462188049145613],[74.21415740272433,21.481682040042543],[74.23435188313584,21.482286936368293],[74.23570798723684,21.467765588918798],[74.25356113576159,21.46774178612186],[74.25592064125046,21.476780467898706],[74.27731557846506,21.479369678852283],[74.27734157422788,21.48251265922933],[74.3041354303779,21.488112365838113],[74.30388816451432,21.4994468143574],[74.32078812886306,21.498496916182418],[74.32147693859616,21.529573879343626],[74.32553778679073,21.536068254530996],[74.33083940617014,21.535525754762176],[74.33122115233252,21.539503692616126],[74.32793095638473,21.539439603174134],[74.32834117023701,21.54277674451039],[74.33233172013091,21.543481838011918],[74.33116030251358,21.552424613593562],[74.32261291611931,21.549106435459674],[74.3215579472173,21.552307709463644],[74.3032389245715,21.552232696530183],[74.30245845818922,21.566358847441805],[74.29552639041675,21.569073834896855],[74.27672092047953,21.562253964390983],[74.27852803754267,21.553604193864206],[74.26906410381913,21.552931093172422],[74.26317714320714,21.539847233175383],[74.23621739729592,21.539703098765717],[74.23631386907469,21.548395699996217],[74.22900773528005,21.554462593587385],[74.22757272702246,21.548790986177625],[74.19584492691183,21.532062560002384],[74.1933834096751,21.53937569139094],[74.18271663682202,21.542316769353793],[74.17509700735053,21.556432140368624],[74.1758645504776,21.568998393037212],[74.16674144445544,21.56904272588994],[74.15585898769058,21.5683043171311],[74.15395640586199,21.556819633278067],[74.13893571220072,21.555030894671926],[74.13696351785167,21.54686344109376],[74.129796875421,21.551181265580283],[74.12011229572107,21.551391705980024],[74.12012780349234,21.5562500581989],[74.11319391868544,21.54878181898685],[74.10995392482931,21.556241124320533],[74.10446332711113,21.556431789683057],[74.09731010972055,21.55524929034066],[74.09644697356869,21.551237120040764],[74.07922465348867,21.554415619111698],[74.08157820059981,21.548755032128955],[74.07318924091938,21.547920197338254],[74.059903247195,21.55030310988507],[74.05402816859576,21.557905089976867],[74.05377543224957,21.547512575045157],[74.04935273341052,21.548231380182703],[74.04694391478841,21.54467570211188],[74.04453738516213,21.548163472367378],[74.04360587475682,21.54247936283081],[74.03643746211696,21.54557465672036],[74.0374560816853,21.550632331718],[74.03500916625539,21.550335870357934],[74.03497597770803,21.545526906586595],[74.03091365778107,21.545153185156273],[74.02043523122396,21.54996178650562],[74.0103029220497,21.54920307173517],[74.00583847896705,21.55275580401052],[74.00344598620462,21.545303329448647],[74.00031782555773,21.54565120673174],[74.00232514461543,21.541548757063854],[73.99741860936156,21.539011299416746],[73.99318923144443,21.543304366167995],[73.98281445669434,21.54072850349426],[73.98107903621545,21.543610692754307],[73.97418615520502,21.54327627370693],[73.97492801803158,21.534244298721788],[73.98227009437409,21.522598038262927],[73.9663001155462,21.522065802723727],[73.9603467680565,21.541640338674146],[73.95507552824611,21.540830201696625],[73.95594517048701,21.525295496938888],[73.95175415886646,21.512694012804864],[73.94592662415393,21.516792441140627],[73.93205518178088,21.51226399812531],[73.92739335833747,21.52509942005384],[73.92158754009684,21.525078623063894],[73.92175028352129,21.52115886732335],[73.91682242385424,21.519588755091068],[73.90422763033607,21.524509230973397],[73.90531637478743,21.515762006803023],[73.87982565153581,21.505197940850493],[73.87705601148733,21.51215688602135],[73.86430151458721,21.51257207603526],[73.8663189330662,21.50702683856485],[73.87183462102969,21.504796164253072],[73.86382956732115,21.498166729917617],[73.85355659015525,21.497465889567163],[73.83489601795681,21.520583359432756],[73.83296097078129,21.537056438672618],[73.82722902642361,21.54585171266708],[73.82779597088076,21.5544407561879],[73.82227591169061,21.56179082723554],[73.81413059989286,21.601093196371288],[73.79666752242845,21.60574168984082],[73.78772301690951,21.616498355423943],[73.78136644578768,21.61859473016367],[73.7805149338587,21.628592071774964],[73.78502070900922,21.629009983659817],[73.78804585256024,21.634100758233608],[73.81232274873128,21.64007673114989],[73.81426271889258,21.644173205268995],[73.82173032492409,21.643421536311394],[73.82480349456688,21.639778295483964],[73.8303813483877,21.64236729035697],[73.83210204358318,21.638353306498914],[73.83603337134434,21.63917611783402],[73.83465818817223,21.634353018004727],[73.83858994433407,21.633080424107316],[73.84593958452119,21.63973799948491],[73.84976977982625,21.639133467894652],[73.85166684400821,21.64648081214632],[73.86003804878659,21.642327253504664],[73.8880148603441,21.653246096191193],[73.89460203497254,21.676266481455833],[73.8916073701843,21.681057934822228],[73.89030000831124,21.697973862251757],[73.8838934082567,21.705231035784646],[73.88632405751426,21.7066713562828],[73.88061281066895,21.71559017422945],[73.86760845804213,21.71834477162497],[73.85326773975905,21.735376716738465],[73.83751388226659,21.745529812565312],[73.83366387533415,21.75492464102848],[73.82486471487603,21.759555345089158],[73.82494499325743,21.765231536442155],[73.83469797208225,21.774053146141593],[73.8295675524409,21.777546994663656],[73.82945376003349,21.785941499469725],[73.83809772687736,21.789090940872153],[73.82733887835464,21.792479529220024],[73.82695997725767,21.797925251564426],[73.83294513601658,21.800947859242402],[73.82806530085921,21.80407138753804],[73.82717362876924,21.810234960509195],[73.80783586986156,21.809808402432477],[73.80430114287617,21.819696209444167],[73.79594193356702,21.82455128071915],[73.80731596087901,21.836332935252805],[73.81944419209829,21.841372258388027],[73.83843251918053,21.84382477619073],[73.87160822633425,21.84150748598394],[73.88678226902042,21.854660926429418],[73.9209637818584,21.86102614003341],[73.96539073521758,21.884321304478114],[74.02885847054726,21.912136853583547],[74.04789500699528,21.92499989713288],[74.08404829217334,21.93372692900006],[74.12822356086986,21.949778304524163],[74.1360945940998,21.9501820495311],[74.14030009961412,21.94545788548118],[74.14626303402501,21.946440605010892],[74.14684780355292,21.95289189048225],[74.15743292678519,21.95082209679745],[74.16947338816874,21.943467718300532],[74.18184420930938,21.929416093677403],[74.19308029175022,21.92597112840373],[74.26248343151838,21.934021661366685],[74.28117565885282,21.933112149422318],[74.28951903505163,21.93996761453154],[74.29471126834548,21.959477381322515],[74.30089492446503,21.967128767411587],[74.31236522449291,21.973527474654134],[74.33870610010274,21.97376118327722],[74.35070190437386,21.978120899885905],[74.36084806207207,21.990314132719714],[74.37581864565855,22.000589254445565],[74.38832695166248,22.020750958136542],[74.43163991524378,22.030269373327936],[74.44372464432278,22.022615383630974],[74.44368581229547,22.022407696934344]]]}},{"type":"Feature","properties":{"OBJECTID":551,"STATE_UT":"MAHARASHTRA","STATE_LGD":"27","DISTRICT":"PALGHAR","DIST_LGD":"681","REMARKS":null,"Shape_Leng":489134.991121,"Shape_Area":5078015559.46,"sourceDistrict":"PALGHAR","district":"Palghar","labelPoint":[73.0111487901438,19.792859051878494]},"geometry":{"type":"MultiPolygon","coordinates":[[[[72.79510004563504,19.320906040160803],[72.79234093769885,19.321354785279134],[72.79484934087026,19.3212399958908],[72.79510004563504,19.320906040160803]]],[[[72.76341389960938,19.335522900003717],[72.7630153999982,19.335173599681948],[72.76267820045888,19.335173600382536],[72.76261679981002,19.335435600302784],[72.76252490045255,19.335726599773928],[72.76277009965428,19.336017599657804],[72.76310740044539,19.336163099966182],[72.76332189988567,19.33619219988351],[72.76350590008704,19.33601760004629],[72.76344460044912,19.33578479979708],[72.76341389960938,19.335522900003717]]],[[[72.75630788442837,19.346165151695697],[72.75583270889278,19.342663951122756],[72.75714453295029,19.34969663487978],[72.75664153385337,19.346565672200384],[72.75630788442837,19.346165151695697]]],[[[72.73279210001277,19.466745299676916],[72.73646900045577,19.465674600170722],[72.73366359963363,19.45910099975938],[72.7283101002842,19.4661725999834],[72.73254309975198,19.466811700316153],[72.73279210001277,19.466745299676916]]],[[[72.87442917170245,20.226386521188513],[72.87911677694437,20.226908356781674],[72.889613268532,20.220237413441076],[72.89306272882574,20.22584495516728],[72.89941544965396,20.227840818925195],[72.9080833078301,20.22342365315984],[72.92122587132056,20.222712650542295],[72.93445195371211,20.21594967686645],[72.94950988907922,20.21584926193097],[72.96198416094703,20.210046446541906],[72.95984592233128,20.201220550157938],[72.96193714711863,20.18346001780403],[72.97514457378617,20.18166391008033],[72.97687886395774,20.178649989353115],[72.97371805064088,20.173832107631096],[72.97440306902685,20.160246058081327],[72.96158223657552,20.137098475098238],[72.963583973034,20.126037208087116],[72.96852133712291,20.123656254978858],[72.97049909403873,20.115608900202858],[72.9773554719916,20.112780030693],[72.97960412240978,20.11568770702722],[72.9918182689915,20.11769696241546],[72.9942344783512,20.137437529622098],[72.99750427307872,20.142762568945596],[73.01093644516637,20.13460175757129],[73.01261977245463,20.12893510476735],[72.99960992231533,20.123021901874072],[73.0007380205226,20.11230345922746],[73.01043301812872,20.105777755893566],[73.01369902956152,20.096479118222636],[73.04316962338378,20.065191698632567],[73.0510567021346,20.064650547149906],[73.05519026818925,20.09987101934263],[73.06369288800677,20.09958665286385],[73.0805912556254,20.094954576780253],[73.08354811854137,20.09117393999942],[73.10226259021304,20.091236962167457],[73.10603559763898,20.087542491344692],[73.10606108972146,20.074165107316396],[73.10846171296804,20.075299781502384],[73.11198308521165,20.071174838127693],[73.11434030635812,20.076238901295465],[73.12410296847149,20.077967461385217],[73.12550029038812,20.083495766174682],[73.13070672143184,20.081750176027313],[73.13638508566457,20.08636710080237],[73.13707068577644,20.079126836431584],[73.14246686064753,20.080304704890487],[73.14668948435722,20.07385582198759],[73.14919018723631,20.078999747467776],[73.154643723008,20.075760538179065],[73.15185490890485,20.07256075494106],[73.1564389822607,20.063521567824544],[73.16350048677573,20.06055228407355],[73.16512732873417,20.055241709318437],[73.17663211526572,20.051953954528237],[73.17798302277512,20.047032095633117],[73.18332296167507,20.050279987975454],[73.19092213539386,20.049592527129256],[73.19209636493844,20.05470611395067],[73.18614856311856,20.059170707409812],[73.18852901253595,20.078103154848996],[73.19691443212596,20.075939541433936],[73.20952362916037,20.084999534170844],[73.21389880571846,20.118991547277677],[73.20842635939813,20.120061538048336],[73.21700785786031,20.128609309703208],[73.2179266970738,20.136645682441337],[73.22568411706631,20.14014856944704],[73.22495233273794,20.123802626935536],[73.22929364373023,20.122626534895073],[73.24507499206568,20.12783677962801],[73.25265618164539,20.11268705562828],[73.26880905102917,20.10871917700318],[73.27279062211319,20.083853613326173],[73.26349189870758,20.07992799537216],[73.26246341394419,20.075802559635875],[73.2662330121909,20.07118744349897],[73.25981500854272,20.062588811364183],[73.27124973200664,20.052883996894586],[73.28594667591508,20.053328142633124],[73.28475015375976,20.061419212436537],[73.28982022513543,20.063766367980513],[73.29290467488106,20.074135202039468],[73.29589786260706,20.07202714144223],[73.29475225368299,20.06464097264073],[73.29951091845813,20.06988682630867],[73.30859931405557,20.06752200489972],[73.3067678570009,20.05547859326083],[73.31121173538307,20.05599386317774],[73.31372637783895,20.049096633168084],[73.32928233044927,20.04191381783144],[73.33209055696348,20.045614245246757],[73.34598045065063,20.0361063037146],[73.35765341562349,20.039913659145736],[73.35783912013191,20.036494956667266],[73.36346094038247,20.033673336193683],[73.36250931397309,20.022450996004626],[73.36605883529413,20.019325505770716],[73.37993320847934,20.020863139578697],[73.39198845605368,20.014099780379983],[73.40639301915172,20.017018728975312],[73.41503312633343,20.012174599888677],[73.41603896571789,19.999457897255446],[73.42834213322988,19.98445918641987],[73.44099227570217,19.980741241129166],[73.4507689978716,19.98478556017315],[73.44898956180015,19.966629100679196],[73.45611233368737,19.95935896605562],[73.44921477396088,19.953689977639485],[73.4398029452793,19.95593494660341],[73.4392510686622,19.93465092498428],[73.4300255784007,19.920527593827693],[73.42270669822653,19.916648668734418],[73.42671978646563,19.905951277767524],[73.42572989686516,19.899562677363882],[73.43220083983432,19.89017787539911],[73.43132550204491,19.88298097158199],[73.43625520781804,19.872418880853886],[73.4239951108723,19.871460073210525],[73.41761924448414,19.867681891168893],[73.41489714970011,19.859982122942245],[73.4198827704761,19.85006336012699],[73.41789695855888,19.84882925167107],[73.420517862875,19.834803965644923],[73.42252814094445,19.831770507198517],[73.42943759439748,19.8335090332252],[73.44186897370093,19.827343377422217],[73.44239755534993,19.814983457243574],[73.43928739065078,19.807226965042666],[73.44381155145001,19.80480455195897],[73.4424904854768,19.78644746006035],[73.4476161193057,19.768797767687857],[73.47835788954751,19.759877515746968],[73.49594827056998,19.762019901036954],[73.50379737502375,19.74790213485172],[73.49931169672162,19.737086125835972],[73.50279627495662,19.73258314382167],[73.48501435472284,19.728970802877132],[73.48536028154743,19.72561701963227],[73.47567289157912,19.731483266255434],[73.47544631354252,19.723724522523877],[73.4644991571531,19.718221191734138],[73.45659137827779,19.723510086656837],[73.45509199536299,19.714411006373304],[73.44598695186568,19.717193884601098],[73.43921275094871,19.70864188669734],[73.43341951318484,19.71076443429936],[73.42985158479286,19.702144917785553],[73.42389949280934,19.70706898764737],[73.418106840577,19.705891325243527],[73.41464765201759,19.708726031122158],[73.41485310961502,19.69744492727544],[73.40396933073201,19.70109848422655],[73.3862744354672,19.69549743658019],[73.382563558396,19.700077285704236],[73.37987514726382,19.698255495587865],[73.37998817652756,19.689394737006698],[73.36830730526803,19.690470669314067],[73.36752639364857,19.686800704996347],[73.35883113761186,19.68688405421145],[73.34903557371662,19.69525168864044],[73.3308142847196,19.695138107920148],[73.31932513690309,19.673553756128165],[73.31084015560171,19.67361221091284],[73.30136173612178,19.689464259044207],[73.28871425247965,19.693237535947176],[73.28373760675147,19.691086585927447],[73.27539897114796,19.668480464398225],[73.27104099935933,19.667149991213172],[73.27242773086533,19.654476328441824],[73.26747094374926,19.65190156316047],[73.279451700579,19.639467065899495],[73.28366313292887,19.62626649056969],[73.2768414924066,19.62431118016201],[73.25610971447672,19.63179607009112],[73.25730539559838,19.628555329269773],[73.24966461198574,19.620537275311445],[73.2473075584693,19.610278096119398],[73.23870979659382,19.611928836914853],[73.23403005480688,19.61657287822403],[73.2299259112786,19.614289171903245],[73.22706243134482,19.603097028001294],[73.19448314908063,19.600017300212283],[73.19452155280044,19.594185323904725],[73.20432908455193,19.579095811674833],[73.20405956457758,19.569715124773868],[73.21106028612876,19.562386379179124],[73.20790182228366,19.556499583765447],[73.1979843997124,19.553470198304314],[73.18635149080357,19.540861322405068],[73.17941617926589,19.537836189830287],[73.16801198268647,19.522471071903443],[73.13337522602781,19.51667879120869],[73.12956592248165,19.51089296697358],[73.13310630785364,19.501168073034982],[73.10859728805053,19.494054845709357],[73.10046334085987,19.495618588736036],[73.09632407834248,19.490779815038405],[73.0772168983132,19.484088241222647],[73.07261637273989,19.47917993163465],[73.05708606416718,19.478980082658072],[73.04811817876546,19.49317178599776],[73.03627608862655,19.497286723277053],[73.02749710843679,19.491166480151076],[73.02280014694892,19.494411577793425],[73.01715265279144,19.507013791195803],[73.01076465013655,19.502613088840572],[73.00358082360471,19.5036266878201],[72.9999361633542,19.495944857213495],[72.98845645801123,19.48985090570852],[72.99548421173473,19.478808291825768],[72.99393392673473,19.466761146628087],[73.02045285675707,19.446847927407976],[72.98699812781395,19.412115710186416],[72.98102138497369,19.41374439967472],[72.97697177281296,19.398675527915774],[72.959900850577,19.39877096519522],[72.96220504133692,19.385593645134293],[72.95908349198479,19.381647881751192],[72.94927230740606,19.379270457619],[72.94742083842449,19.353889167404656],[72.9418951297469,19.332238531681355],[72.94492993469474,19.31287564071647],[72.95521446301781,19.300333793568647],[72.9431370483791,19.297095153739523],[72.93232006361842,19.287193243388046],[72.92238207006513,19.29009441101757],[72.90224346776358,19.289686226949843],[72.87161007659445,19.322015511432884],[72.86028827747002,19.326162376746773],[72.8308494796232,19.32852098506218],[72.82995145097347,19.334621363733355],[72.8271000146662,19.335719635929237],[72.82046058350868,19.329059590600075],[72.800190670347,19.323847116664187],[72.76567808245954,19.361644556639526],[72.76844362619619,19.36333316753978],[72.76610400141755,19.365837571904677],[72.75945859691438,19.369332110134767],[72.75684274391038,19.363994570168174],[72.74789038917082,19.370239482823056],[72.7444386316547,19.378819458587262],[72.75255738232107,19.378754458020587],[72.75992691706469,19.392709666806457],[72.75362982085426,19.430051936839696],[72.74313773926431,19.458378223597318],[72.74870527280075,19.47064723907293],[72.74954767814275,19.489269328779123],[72.74413173584495,19.49938484361917],[72.71973195273338,19.500766466289555],[72.72035203811635,19.511707629670124],[72.71605812438105,19.51995517967057],[72.7223836891754,19.52339779982511],[72.72182528689254,19.533328591431456],[72.72013288582012,19.537277319070704],[72.71481110757706,19.53653955885287],[72.71109041686508,19.540783503494005],[72.71758637058451,19.56457307306301],[72.71011918192359,19.57168017575471],[72.71472337164768,19.5816125698143],[72.70890928815635,19.59876418571928],[72.71822832192282,19.597762228304358],[72.72534332214332,19.609571404796913],[72.72288343960919,19.61758070992942],[72.71030258693493,19.622709442313177],[72.71120105592011,19.625931674062937],[72.71792067014395,19.62635108204639],[72.71900254833615,19.629986885561074],[72.71070915032243,19.639263765534892],[72.70732743985559,19.63832851353898],[72.70571261123844,19.649567800163275],[72.69913400971237,19.66147880870986],[72.70281458147319,19.670593668549312],[72.7009976868697,19.68484277019814],[72.70770517969297,19.693068146428658],[72.70814365730068,19.70381072967887],[72.69707436667491,19.719244716741414],[72.68518932748094,19.717619598753178],[72.68046383648218,19.713774628839253],[72.67552362003809,19.7157132714221],[72.67257160143245,19.722553114058204],[72.67532260405795,19.726883232976835],[72.6740772787745,19.741610349282904],[72.67792009395282,19.750071457067698],[72.67185483296703,19.761479771458347],[72.67586910910946,19.765025872093528],[72.68293605208925,19.760543203688425],[72.68284783872112,19.793488519628863],[72.67131674623032,19.813643073543577],[72.66569593726084,19.81387012295668],[72.66768322881622,19.8013242573014],[72.65692615068737,19.808346407130095],[72.65783269680972,19.811097642228507],[72.65398062751346,19.81093767758475],[72.6511608192008,19.816909122337037],[72.65352594959516,19.820845512191255],[72.64961800282944,19.8295673987421],[72.65140431018165,19.831629453879646],[72.64199056980553,19.84398236432616],[72.6471581879119,19.847369720127695],[72.64551223760725,19.857068928095533],[72.64805583425917,19.870054681944595],[72.65548620746127,19.861907936242066],[72.67156630703072,19.866590877491845],[72.6802716776335,19.864896242226713],[72.6806206653243,19.9006381810438],[72.67470383119283,19.903393859991024],[72.67880257181433,19.920742148137226],[72.66436551225372,19.92970855447985],[72.66421602373936,19.93348883916094],[72.68156393951367,19.94224028258523],[72.68944675783233,19.95735606825054],[72.71518605611361,19.97050298335281],[72.72197582684618,19.97062377348851],[72.71664218258918,19.973177149671976],[72.72105936979442,19.996397402184403],[72.71767586877748,20.014126319135666],[72.71276180447073,20.02249026961516],[72.71509550506008,20.037122546565097],[72.70788379712803,20.070025490456093],[72.71046523781015,20.078186442524668],[72.72601308882948,20.079904610866656],[72.73876584430191,20.117675184478927],[72.74658519423882,20.116141611976825],[72.7440744684499,20.12413440681225],[72.73714325698565,20.127208140917386],[72.73767114197962,20.134335789911173],[72.76269305978481,20.129821233210457],[72.77480538002231,20.13214576168589],[72.79411363328744,20.123340564395544],[72.7852709601943,20.14512186839139],[72.78862388746388,20.14932377094507],[72.80016131676412,20.15010214889346],[72.80584694844306,20.154469728593824],[72.81515532305826,20.144685927544966],[72.82446987721094,20.142021714544008],[72.82236936347101,20.154983988926002],[72.81632210690519,20.15668510656058],[72.82009028656901,20.17541953016798],[72.81603607031721,20.18444440795034],[72.82526212955175,20.18899307731089],[72.83695244839873,20.18845690255849],[72.8308899345649,20.196767056760756],[72.83903163350288,20.209126542634518],[72.86118475058248,20.207610563652143],[72.85873660058643,20.224742458571637],[72.87329702956812,20.22695687161746],[72.87442917170245,20.226386521188513]]]]}},{"type":"Feature","properties":{"OBJECTID":552,"STATE_UT":"MAHARASHTRA","STATE_LGD":"27","DISTRICT":"PUNE","DIST_LGD":"521","REMARKS":null,"Shape_Leng":1018913.49143,"Shape_Area":15182370586.9,"sourceDistrict":"PUNE","district":"Pune","labelPoint":[74.06797834158543,18.571079949809626]},"geometry":{"type":"Polygon","coordinates":[[[73.80779336246866,19.392938051146096],[73.81247358410079,19.38791483567677],[73.82115212449278,19.386748920728248],[73.83772362981315,19.376037734573167],[73.84298177543201,19.371098655008552],[73.84076449161901,19.366314054233822],[73.85347731675861,19.355551612164216],[73.86644944294133,19.355170085821165],[73.87396773968672,19.358681726749765],[73.88549665140609,19.373620781982325],[73.9037966901662,19.36219806247213],[73.91280999086618,19.362369996846773],[73.92686729947461,19.33871260474558],[73.93320392211513,19.34123505561532],[73.93765759122277,19.338999298103268],[73.93821193973488,19.342995613684376],[73.94351328663686,19.344537363433936],[73.94503237623591,19.339700347074494],[73.94683345483296,19.342688732431654],[73.94991153104777,19.340009155259796],[73.95509152413744,19.341734711689952],[73.95353069855595,19.347527358411348],[73.96597744171768,19.35034277757352],[73.96906948253941,19.35403856730519],[73.97235444662793,19.34897859892587],[73.99503822857343,19.35243153939654],[73.99941876966665,19.359437142456947],[74.00173393463477,19.3414038225717],[74.01152566833393,19.3353019769527],[74.01212639814665,19.329095836437297],[74.01930957748883,19.321469008351986],[74.0177062026132,19.315233175975397],[74.02487170901533,19.3142530168264],[74.02418755467146,19.309474019345803],[74.01967020562606,19.30971187400477],[74.02509468634494,19.298926442773602],[74.02239887127186,19.300236154900354],[74.01877574250956,19.295595314421032],[74.01212058911574,19.29953143866457],[74.01157927189168,19.295248195082856],[74.01593045583931,19.293946323892676],[74.01960829535962,19.283767488685058],[74.02347905191714,19.288651846319578],[74.02981988254028,19.28290760588286],[74.02305572997695,19.266717410439696],[74.03281791365094,19.258178596930797],[74.03083722286235,19.249733975834175],[74.04494799051481,19.261923067188945],[74.04963910328397,19.24355330081213],[74.05403631858286,19.241578564593638],[74.06027217390088,19.245862552258423],[74.07151487777227,19.23544958148409],[74.07722411962504,19.235901229192564],[74.08925779263733,19.22820876988383],[74.09309132635563,19.227958929320945],[74.08515102679162,19.23286523641716],[74.0837222262232,19.239069095639465],[74.11384035163964,19.22609080445698],[74.11547387591898,19.229927579407796],[74.12598671205045,19.222388036751312],[74.15129641174732,19.225729605997337],[74.15519736600194,19.22034800161472],[74.15323560385924,19.21971478571526],[74.15712014012423,19.204229319984762],[74.16520754374376,19.208065908765395],[74.163725169069,19.21508211464796],[74.16847451241327,19.224150410370047],[74.17855286524147,19.21984637726693],[74.18873646585314,19.209537708600998],[74.21986144544594,19.202865195430437],[74.23045802306174,19.20527371445838],[74.23299554686356,19.210638229387754],[74.24369168062975,19.214032628595593],[74.2468542610597,19.219285939560034],[74.25649733504464,19.21986498382804],[74.26158472405584,19.224065117490216],[74.26034872585389,19.226463193857246],[74.27368833480273,19.219439949798087],[74.29283644497318,19.21769620662257],[74.31616295458907,19.207837058841914],[74.30979613389876,19.204620358168075],[74.3086274924666,19.19845161793839],[74.29986380259854,19.1890259522761],[74.27361404034946,19.18576277957885],[74.26438792548649,19.179417760811642],[74.26714727764022,19.17653950180747],[74.26368220158517,19.16979561299064],[74.26684118356077,19.163095183154343],[74.25794205667927,19.158763109568465],[74.25634162421576,19.152060416749883],[74.24395622762495,19.144491510235245],[74.23466607312433,19.122741302102117],[74.22820134710004,19.122069579438346],[74.2256189058919,19.129554905645513],[74.2115944899061,19.128781797394264],[74.19682324583357,19.100741323071837],[74.20216386884461,19.088973848423336],[74.1912528886932,19.078720538839114],[74.19114329528135,19.059821085419728],[74.18777947059361,19.059645505815972],[74.17219203591833,19.041034686218186],[74.17645521664994,19.03435831841677],[74.17394094646045,19.03142677489346],[74.17839799041329,19.026767323264494],[74.18805418266385,19.023926789064667],[74.18963157296395,19.01570501236484],[74.19872105530959,19.014857686281523],[74.20018943097944,19.005417746820264],[74.21273085848325,19.008770521560496],[74.21465059954298,19.001806777449563],[74.21082104116233,18.99475406496748],[74.22164533789889,18.995187264313106],[74.22567230195968,18.985647883476112],[74.22083154046605,18.977791605949985],[74.22223972543077,18.970551442882716],[74.23687063338497,18.968787075938266],[74.23549675826342,18.961502472061298],[74.23907669076551,18.957509606820903],[74.23607572503191,18.953104925971513],[74.24914877783239,18.954873105336624],[74.25334463746353,18.943370472481458],[74.26042030906113,18.93778819106321],[74.27085329837313,18.918685525204268],[74.28079917758907,18.914547972592093],[74.28395589623702,18.906976635568725],[74.29475851340142,18.903511966965652],[74.29442141253757,18.890824557475725],[74.30168889145703,18.879971030475268],[74.30187635585942,18.87310186243107],[74.30814797735634,18.868122021819037],[74.30560954206044,18.86356528867719],[74.30849810697251,18.852962773981563],[74.32789925090093,18.83696052366959],[74.33954672124942,18.836805587931142],[74.34709128600848,18.84565060478527],[74.37787686202756,18.832068952480387],[74.38915852255899,18.832939363440524],[74.39728822782791,18.828348487459337],[74.39864633372551,18.821786652477],[74.38438726332362,18.8049483073922],[74.38824496018333,18.78482268589907],[74.40046979057914,18.775689039287425],[74.39362962259071,18.76753593423387],[74.39802396220753,18.742154818261987],[74.4095619006829,18.741370869066646],[74.42514404646833,18.746645343620585],[74.43687448520309,18.738032459061195],[74.43685140021371,18.735112643318725],[74.43102193697644,18.73350403160612],[74.43792852186242,18.72954231300615],[74.44008858723453,18.722172258633158],[74.44881210857025,18.720396176189187],[74.47033918986217,18.72678179821798],[74.47742751534727,18.720365923404383],[74.48149255760623,18.70359378248265],[74.47393326628655,18.69601312664071],[74.47597793488,18.68687039576125],[74.48676231246344,18.67710984756205],[74.49442935841563,18.679725168726595],[74.50359358984207,18.677763264103877],[74.50962393772666,18.668795057841507],[74.501034166275,18.659152642640784],[74.48977798052914,18.655971767050257],[74.48640640214823,18.647190623330697],[74.4726576035832,18.64900221564322],[74.47136445578826,18.641731206067615],[74.48156630339946,18.630743981468104],[74.50471777197491,18.624060513865462],[74.50910191294001,18.613421990708666],[74.5347106999431,18.61826684609576],[74.54883017964733,18.612822667116713],[74.55258386590732,18.607628558941926],[74.54313281949847,18.59952811306946],[74.54141034221294,18.58099742517842],[74.55301619032568,18.574728630647286],[74.56581052021315,18.55615632045084],[74.57695000625854,18.549728503565504],[74.57661664955114,18.544607678196623],[74.56852130324614,18.543526837494934],[74.57065125707527,18.53928237132261],[74.56583812736446,18.524718634366234],[74.54757270480721,18.508977594136464],[74.55557298068379,18.4952261643289],[74.57034907095338,18.484955440354916],[74.58113988944284,18.47252023101063],[74.61371738277167,18.468134507200023],[74.63152128555316,18.453843802703812],[74.64285279603719,18.45024041341003],[74.65084291808022,18.45114823687393],[74.6591921074275,18.457328702727352],[74.67176199797144,18.459066612705875],[74.67469476948978,18.462776080775306],[74.67224439711752,18.468767237074736],[74.66294472166918,18.468409027123457],[74.65604156007079,18.473322690869466],[74.65605634855044,18.482564139633812],[74.66151058981958,18.491256473323837],[74.68201950704224,18.496583693547677],[74.70263781074665,18.50657324492372],[74.71038406707962,18.502385661001586],[74.72571006935438,18.485966522153824],[74.72767558060474,18.482151396127477],[74.72334870520933,18.44841656125996],[74.71608708545962,18.43209969658209],[74.71705558593851,18.422658896230196],[74.72618635821479,18.41412649374683],[74.73075724454067,18.401311498740917],[74.7383834136175,18.397298740604857],[74.75219362326888,18.396540742588716],[74.77746882422501,18.409980098396154],[74.79339460489874,18.401981896141926],[74.80958114186004,18.383699503433153],[74.80344226724216,18.374044730567203],[74.79805710538312,18.353335903078857],[74.81558569155492,18.34171326302318],[74.82774756858592,18.344444240382487],[74.83419429790881,18.340727667969247],[74.8341327959922,18.32050658049293],[74.84441714420471,18.308213605786893],[74.84337106493687,18.29967032265717],[74.83293010318782,18.295318346669855],[74.8006890716551,18.301421459358178],[74.79657970705107,18.29576109783431],[74.79521106034336,18.285639225114128],[74.80027719043385,18.27656435612996],[74.81703336361868,18.267882653463882],[74.8325069852769,18.249140789291697],[74.84248332347481,18.245334380082756],[74.87641551592124,18.24918955646688],[74.89210423522645,18.25948825090343],[74.92523357612995,18.259864317405647],[74.94876780895152,18.26646050603268],[74.96310113895149,18.251652530775267],[74.99137098548132,18.240571110744195],[75.0418219375974,18.26234111018509],[75.04407252813603,18.25420508865503],[75.0235490066029,18.236052575474933],[75.00843036226973,18.209325222883898],[75.0183387098316,18.1924753943182],[75.02316963645255,18.189630302908828],[75.03800380537638,18.196302977064143],[75.05808823702581,18.199576449941382],[75.0825149183125,18.218413186576207],[75.10611423803685,18.219994375431213],[75.11193076120408,18.205034718111815],[75.11033719937781,18.187046586787694],[75.09188272279917,18.14890942243503],[75.09215630533544,18.122815755980294],[75.09584175632847,18.11864462427263],[75.11030634047304,18.11727435777944],[75.15205255479526,18.12191890974797],[75.16092364243119,18.117290502170263],[75.1623625745387,18.108538100902095],[75.15574758917242,18.10164281390375],[75.13582423167064,18.092741532010344],[75.12872633445608,18.074572154438762],[75.11329948581543,18.07482764446859],[75.09472531572091,18.069630603417338],[75.08539449462043,18.056989636698436],[75.08062366435291,18.039091039961015],[75.05158600318825,18.024158181072796],[75.04687583560278,18.012724029424234],[75.02776587087418,17.989491252592476],[75.0201415023039,17.966695042220195],[75.03846938266935,17.949754341550644],[75.05312563047801,17.95210381900877],[75.06337752908814,17.96433256908241],[75.06894585505631,17.979613235193124],[75.08093810054619,17.98214294259926],[75.1003590949776,17.976057913436126],[75.10528044331612,17.982807254826632],[75.10863612134509,17.998948794274437],[75.118821551244,18.001073723163106],[75.12473920364307,17.996164233254856],[75.12914049989632,17.978638687031104],[75.13605991522167,17.97189915845426],[75.11974508435668,17.973509256812115],[75.11604818849723,17.970976369147433],[75.11702310646587,17.96517761195156],[75.12781391075073,17.961496475997425],[75.12955041675636,17.956448373170858],[75.11671633320496,17.947094035656956],[75.11205552354525,17.93840692257216],[75.10696885616694,17.93779970599214],[75.09611233290852,17.946623868207457],[75.08192247270281,17.94081187327488],[75.08014581033976,17.935647746368417],[75.08785809078213,17.926855585385262],[75.07397993717576,17.91730251159138],[75.06717139546072,17.918780844085465],[75.05593784066397,17.92802945454159],[75.05100126141703,17.927266492760722],[75.04500686776198,17.919084928074046],[75.05410520058393,17.905040530448634],[75.03859688480931,17.906125599538832],[75.02403301892163,17.895037064427008],[75.02019673082265,17.897340203199683],[75.01899200412454,17.90899010967089],[74.98304553627939,17.91798475360261],[74.96349894097612,17.91736243675921],[74.95257004032455,17.923309819644498],[74.94120228871923,17.924261793245662],[74.94283465519364,17.936717980639482],[74.93710448663857,17.9415738594244],[74.91287572575287,17.94549034724714],[74.90293906596007,17.94366201119706],[74.89379805941138,17.936498328712105],[74.88364151436798,17.94229963925854],[74.8735041828653,17.9432168631753],[74.87124210629527,17.950122586175798],[74.86577800595622,17.952396298276273],[74.8543474399183,17.946374318896563],[74.84587633064679,17.94585076306362],[74.84311788743513,17.95252014897874],[74.85851927133116,17.970246778586727],[74.86208728418809,17.99253797314697],[74.84507529891457,17.99658372432133],[74.836051950565,17.992085952377764],[74.83223691247031,17.99317718739927],[74.82306011530346,18.01171703902218],[74.81809546506607,18.015338760288074],[74.81172475073699,18.009672330305985],[74.8124503198804,18.000286269233023],[74.80262389870917,17.996664134838003],[74.79031443203186,18.0084064697811],[74.77420316370524,18.0107614233451],[74.76810227571528,18.023318091753087],[74.75790779283946,18.021837248486467],[74.74941795248745,18.016119304483528],[74.74537327478143,18.018198190305448],[74.74188704040843,18.026733201331993],[74.72414312764404,18.031090253096146],[74.7152458721612,18.02834601163159],[74.70795564416724,18.03050863586361],[74.70199425898426,18.038128270301883],[74.69094304473408,18.038810781931033],[74.68408753455456,18.060094955290744],[74.67475352454696,18.061426128250535],[74.66472193044005,18.069907288438138],[74.65419220726878,18.068192164233803],[74.65371524092777,18.05868915994207],[74.64105154522399,18.04416430067992],[74.62949275717006,18.05691969255119],[74.61985401556099,18.048416615326296],[74.61028643908182,18.046399667356482],[74.59043375311796,18.055958495569204],[74.58248525919123,18.046024642981827],[74.57841000428712,18.05395844933244],[74.56941230342413,18.055210891901094],[74.56265661354662,18.067312670040817],[74.55774865425035,18.07016403124449],[74.54740760993512,18.06837559221224],[74.54226309602316,18.061885006615025],[74.5335015081511,18.057923246082215],[74.50060809221709,18.06013788516127],[74.47358086085109,18.048661964064895],[74.45984116332978,18.046412255837147],[74.43625969672603,18.064772024886313],[74.39551504206746,18.0737226699166],[74.38380218743676,18.06956275702104],[74.3724545486482,18.07412720505441],[74.36844819680458,18.08463246527527],[74.36018970168217,18.08720230317533],[74.35907018795879,18.094894366961682],[74.35503928108923,18.096981237601458],[74.32748062473193,18.085232769493626],[74.31878434326971,18.07251335742082],[74.31034227070701,18.07207916994763],[74.30228773781732,18.067248687588002],[74.29472792810343,18.07407358686508],[74.27963533230887,18.074767288725795],[74.26282594359341,18.081032240361736],[74.23578714976523,18.099597530804974],[74.21014415326857,18.097249447423952],[74.20437315337482,18.10368417613999],[74.19595827443527,18.105055626459208],[74.18519932803746,18.112906566462268],[74.16251998395553,18.10804090457347],[74.14593206130724,18.122265446257234],[74.13749242617803,18.116833052433545],[74.11799948933691,18.13332087831051],[74.10087116510091,18.123120993456766],[74.08033619591424,18.12082210818308],[74.07572014046558,18.122419407024427],[74.06797433143007,18.13660733463342],[74.05311847225528,18.141622501990565],[74.04724104810343,18.14057840919467],[74.04333770219446,18.13552104803101],[74.02813073493742,18.132277683343993],[74.00893188761323,18.14857861289364],[74.00577870456118,18.160397920867926],[73.99321351363399,18.154682339991655],[73.99347148041025,18.15092206540425],[73.98134004021243,18.15149076386235],[73.98099799087771,18.154355705448246],[73.96182339643633,18.161679128637317],[73.96127063579159,18.16554868946242],[73.94518912743247,18.179052636368887],[73.93498241041137,18.172053212226622],[73.92210274863292,18.171739101840263],[73.90488133304568,18.159153624711063],[73.90047761014347,18.16220739201704],[73.89463095886,18.182314647199906],[73.88288941293251,18.172711846198084],[73.87320927380502,18.174667683671014],[73.8728342780465,18.166369021021605],[73.88863997079982,18.154191709659862],[73.89599708051979,18.139494536415405],[73.90168445365013,18.13694310181919],[73.90154508557619,18.128800427333022],[73.89173192120995,18.125470055624664],[73.88771986884164,18.116258415488815],[73.87732373522084,18.115446926761017],[73.86076848717425,18.119593496224937],[73.87351284505637,18.09322546127737],[73.88015572746343,18.08655188797458],[73.86926960578816,18.07548819089094],[73.87017909021904,18.047987535867843],[73.86434667997595,18.04676189925437],[73.86501724762802,18.041710259957373],[73.85761451976693,18.030618789999362],[73.85430375946324,18.030332191757434],[73.84604169780332,18.03983409322776],[73.84054631504922,18.03100309681978],[73.82890354040117,18.029418095894933],[73.82422404598094,18.030194821305706],[73.82342796123382,18.034317103895255],[73.81355035565308,18.035110841943574],[73.81336097120871,18.03798704904314],[73.79264731932946,18.020571449689676],[73.77533249127517,18.027863373650366],[73.76598502566551,18.023442124921267],[73.75567365972647,18.028146810441815],[73.75364836545263,18.032436314277337],[73.75618912646127,18.038615495291005],[73.73757552246298,18.03697935863334],[73.72022821618818,18.042780061201707],[73.70229078457182,18.044345112683008],[73.6661375032775,18.024722556052005],[73.6580939266197,18.029316975771714],[73.65954592771178,18.03274500097573],[73.65103818358806,18.036730929029293],[73.64489769847843,18.044263251381892],[73.63014209391545,18.045102368161793],[73.62999445206161,18.049153310491988],[73.61375437034434,18.05860359228108],[73.61471263561039,18.068683820431108],[73.62090774131141,18.077119188443543],[73.60552411824713,18.082738085843253],[73.60269818817648,18.081001777490645],[73.60060260759703,18.08452793967429],[73.60664423557924,18.088880175266723],[73.60939304140531,18.096784397616116],[73.59511079202741,18.10825328597766],[73.60873047262184,18.131885025061194],[73.60643291022869,18.138876320253257],[73.60922395723863,18.14093639444723],[73.60749418905027,18.122529848822545],[73.62679243327295,18.123025548758026],[73.61923612015454,18.126700391451447],[73.62805538645883,18.133684155000086],[73.62845235238132,18.141239789470493],[73.63371544403152,18.143864069384644],[73.63369866709643,18.14690825806212],[73.64117035346716,18.140713924180552],[73.65082001372171,18.15211545002346],[73.64954898729762,18.156880310457602],[73.65417135097582,18.158423519255475],[73.66163548192692,18.154602399480154],[73.66105085793369,18.15161995896429],[73.66613302581061,18.155829283633647],[73.66606813455014,18.160229470420607],[73.66215995449848,18.161101061496616],[73.6626267441839,18.165922758197073],[73.65242710275416,18.172960782591307],[73.63040832596856,18.174499349131235],[73.59739197181942,18.188841917100078],[73.59391762392154,18.176807322109884],[73.58225359473035,18.178156734580707],[73.57793713923785,18.18369448381762],[73.5683315496162,18.18702458325157],[73.56578555915203,18.19346485973494],[73.56330916613254,18.19260827457021],[73.5596138365836,18.21456649729942],[73.55741279899671,18.198225330918095],[73.54237420315587,18.206091827665478],[73.53716401385702,18.189390555942023],[73.52050726713426,18.187720609925282],[73.53413421694533,18.208255904632924],[73.52206095231064,18.211605748609518],[73.53461065861445,18.220663518938295],[73.5310794908047,18.227993057389345],[73.54651684799484,18.242537936588743],[73.54477033125843,18.248807020078587],[73.5312840212635,18.256843803333172],[73.52331472930665,18.24623429516849],[73.51626705028141,18.247338909459554],[73.51536063806374,18.25178057723644],[73.5079016577033,18.252848144097396],[73.50846124710509,18.256251792722537],[73.50528091912271,18.254184256991937],[73.50076506689722,18.256844649692805],[73.50529609884066,18.25671032155912],[73.50333000166694,18.2594679518368],[73.50752014780247,18.260676103672633],[73.5148997917091,18.27199363519761],[73.50462451097732,18.271848328833823],[73.50345627290112,18.279702911495843],[73.49898363546215,18.282196836424422],[73.49321794312021,18.275861482400217],[73.48484015467014,18.276402429799123],[73.48195009466112,18.271224867178987],[73.47765899582848,18.273826729103558],[73.47361052036716,18.281560593472438],[73.47582732080356,18.299998019731905],[73.46960765071408,18.301524764488416],[73.45430004154979,18.297312475269866],[73.44595097614136,18.304308730596038],[73.4391771172171,18.304957407007976],[73.42532572149462,18.299239317375072],[73.42592154337977,18.304823661128665],[73.42038318077086,18.311337042045228],[73.42636166161456,18.319332436417366],[73.4204449751242,18.31966863517616],[73.42191074517966,18.328428062756057],[73.42731055508901,18.330226517915758],[73.43314522290245,18.350075201362742],[73.44061680874836,18.357931423062475],[73.42262236448097,18.37306595840426],[73.42449671946699,18.386929580777867],[73.42048054207619,18.403235013744087],[73.41268547877749,18.405547255416707],[73.41027326076363,18.39885243966772],[73.40481570396136,18.400818671835946],[73.40419548585521,18.397579797902264],[73.39876747512469,18.40061625283138],[73.39382443078208,18.444529107164357],[73.39598518463663,18.447893551623736],[73.40186918266643,18.445802849947505],[73.40228538957426,18.462719696910607],[73.4065146191608,18.46431074389327],[73.40380449709082,18.476699276951962],[73.40941663319956,18.47687880943603],[73.40840678317805,18.499533458912342],[73.40219206381701,18.499405832580678],[73.39704634838604,18.489729760181337],[73.39358513781146,18.492882682307414],[73.38986443248962,18.489536038711922],[73.38990444680631,18.48254853320332],[73.37975677193891,18.4817683221442],[73.38243822704906,18.47658834995978],[73.37709624943027,18.48016487628361],[73.37429830531444,18.464531180418692],[73.36130427771354,18.47224886123682],[73.36143507371771,18.486165588970938],[73.36649569759084,18.482242611811188],[73.37877678539174,18.48201473041977],[73.37524025173221,18.494092835924466],[73.38028517407525,18.494233536195036],[73.39732635547165,18.505464187030505],[73.38922726731343,18.502246474474887],[73.38177911781268,18.50583879559049],[73.3556742406517,18.533764356124255],[73.34302886306092,18.532576528731035],[73.34144015487696,18.54129930158783],[73.3489468401405,18.545847388457904],[73.34661799337242,18.549156071420665],[73.35681922546893,18.557728948874484],[73.33833456221315,18.5533826419689],[73.33572317432805,18.550326783795203],[73.32352960006598,18.55687631827834],[73.3228386450762,18.572132131427615],[73.33201457909551,18.58306794691472],[73.32846274858589,18.593805106042296],[73.33086716946968,18.59293348866038],[73.3322489387946,18.597391355350783],[73.33462439262632,18.596147270174246],[73.33451181239906,18.60995831135143],[73.33853419576153,18.604220884021924],[73.34170673844672,18.60541685341313],[73.34341038794491,18.61117369967868],[73.34679437679998,18.610086266131827],[73.36822211158251,18.63813168787121],[73.3686698231219,18.642928018836784],[73.37539679704511,18.645271328438366],[73.37758093096171,18.651818462085803],[73.38628059576045,18.655200834896583],[73.38831823878759,18.66585647937189],[73.38265552756147,18.675324339556695],[73.38761271164138,18.677181524884375],[73.3831697977615,18.68318653633533],[73.38564124137935,18.69460510540489],[73.3822425333413,18.693338867690482],[73.36833336977607,18.702713707812148],[73.36551565713795,18.699459081199937],[73.35787439882871,18.69964394548986],[73.35831690648142,18.71343261899659],[73.34712422548564,18.69303680197633],[73.34614048670123,18.69665214861325],[73.34117301363518,18.69454070422938],[73.3385858939584,18.698431815843914],[73.33311367237908,18.694308501412532],[73.32955048978802,18.70125683243776],[73.34562238020006,18.710925748358257],[73.34262594529861,18.715448727848067],[73.34502899641925,18.718286695965816],[73.35461789803146,18.72133806174467],[73.35319308291913,18.73260254787997],[73.35805799428171,18.73778992167166],[73.35543213809193,18.74293037589874],[73.35721088929611,18.753043571834294],[73.35090077243133,18.757633835246352],[73.36231170422312,18.770894071425055],[73.36888498736631,18.7948297757246],[73.37374773123427,18.788288211097576],[73.37851404977961,18.792899351422797],[73.38151719119311,18.803964719120373],[73.37849239298006,18.81864492780287],[73.38390757472132,18.81859518665238],[73.38296138758642,18.82720232972535],[73.38904595904731,18.853449083188487],[73.40161610316531,18.84215928743959],[73.41234146503501,18.85683690443383],[73.42494139523153,18.861101423379942],[73.43596438290749,18.880230519174727],[73.43501792256681,18.9009680006932],[73.44003364979915,18.904608579324254],[73.43660649025294,18.905516536378524],[73.43162477573476,18.91551176370772],[73.43626294224238,18.91799824577351],[73.44152110119008,18.929000156067268],[73.44796437663423,18.92402295132133],[73.4621014664383,18.92723544379385],[73.45610258866273,18.94559117230865],[73.45911726253314,18.96407008130298],[73.46209460130129,18.96714739147536],[73.4794047631976,18.96987337385906],[73.48041979361338,18.979909681876062],[73.48475742247645,18.98064428007391],[73.49428188162605,18.972991662075188],[73.49326286652739,18.968792154132185],[73.5095909181053,18.967743874640792],[73.51244800248496,18.9719341578504],[73.51054660694382,18.97344723672194],[73.51519491166202,18.975126797471408],[73.51726365189656,18.980136723445284],[73.52199006572626,18.97784914086563],[73.52395745896119,18.985949283970395],[73.53362689312922,18.991185744890608],[73.53382499241116,18.99570687913107],[73.54146815765446,18.996175336823086],[73.54301421319136,19.001684944717987],[73.55477763210168,19.009855061130605],[73.55432979068418,19.012780179831488],[73.54854213460659,19.01072116945236],[73.53901672626523,19.015729676567993],[73.54367678856069,19.02386915684003],[73.53354793485883,19.029729509331936],[73.53952943064101,19.0483351032052],[73.5146193587626,19.0476769931378],[73.51690118900518,19.057837275457466],[73.52488822800981,19.054874761331863],[73.5206551420337,19.07066422500189],[73.52818963794796,19.08580801907208],[73.5133479401024,19.08488124730723],[73.51224055583572,19.096180074741067],[73.51931534710764,19.09968526010389],[73.51843603353134,19.106881567860572],[73.52461074825402,19.118576186037334],[73.52193303402532,19.122069071421297],[73.52468147122133,19.1289272473588],[73.54243596028809,19.120255549005552],[73.5425501653127,19.14053855915456],[73.53418836928543,19.14564345236331],[73.53284118022749,19.153549763861722],[73.54009859785677,19.160743120927798],[73.54258226834742,19.15882754889804],[73.53777123520177,19.16706460570408],[73.53653421569048,19.178841035963003],[73.54450742564963,19.177127379795266],[73.54582911072882,19.187092982644916],[73.55611145030838,19.183933338165524],[73.56025658345226,19.187534300877264],[73.56614639124201,19.184601286436482],[73.56698176821776,19.19006062642719],[73.57584952036353,19.194365153406686],[73.58384141322303,19.190284635584764],[73.5969167634031,19.19565965757179],[73.60637404121046,19.190495842415302],[73.60568483019993,19.1949382472216],[73.60814301130759,19.19361704178341],[73.61053251191146,19.20193837014216],[73.6086533541524,19.210608893685052],[73.62269250680968,19.216458083480912],[73.62997340307683,19.205712106148283],[73.64472370772178,19.219890038483324],[73.65834242741444,19.23933488215736],[73.66266685252555,19.242073681100354],[73.67205875106602,19.23946628820053],[73.68539283480379,19.24232239236182],[73.69501207236097,19.25818233383477],[73.68723217214786,19.272441834676865],[73.68052170313202,19.273885849393505],[73.67348027732756,19.290244153095664],[73.6674733405486,19.291430640293253],[73.67293348979615,19.301107400042174],[73.66926445825877,19.305167415138918],[73.68167123303077,19.307471792275162],[73.68686261635352,19.31513139280343],[73.70186334146356,19.312702480081935],[73.7094204638869,19.32490780920687],[73.74686674287473,19.337233820037458],[73.74339629555263,19.324232017346834],[73.7460434701867,19.32421842623693],[73.74715701758353,19.31814770610877],[73.75045313012785,19.32740484271521],[73.75837192646087,19.331146266255473],[73.76114822058584,19.327516826677044],[73.77015392777747,19.331554061390857],[73.77170814856122,19.342375600523948],[73.77906472757155,19.33585695073771],[73.78745965646664,19.338204476343854],[73.7932510600938,19.333787103911693],[73.79474431853343,19.342740611812147],[73.77798186856342,19.387241859433058],[73.8009236843025,19.39512433279342],[73.8076804282373,19.393035365453756],[73.80779336246866,19.392938051146096]],[[73.84905016321554,18.167721456972668],[73.85837786880121,18.162628760750703],[73.86317568216151,18.165610970312613],[73.86673295473753,18.17546521971747],[73.85126467368461,18.17776624916759],[73.84713880614383,18.17498302701129],[73.84893970164482,18.16776814081059],[73.84905016321554,18.167721456972668]]]}},{"type":"Feature","properties":{"OBJECTID":553,"STATE_UT":"MAHARASHTRA","STATE_LGD":"27","DISTRICT":"RAIGAD","DIST_LGD":"520","REMARKS":null,"Shape_Leng":724536.555265,"Shape_Area":6774592482.88,"sourceDistrict":"RAIGAD","district":"Raigad","labelPoint":[73.2215291006158,18.510056703549726]},"geometry":{"type":"MultiPolygon","coordinates":[[[[72.97779330868181,18.102961775782678],[72.97765735946075,18.102904790614687],[72.97755371890476,18.102889068066535],[72.97745877930677,18.1029053264607],[72.9773825322589,18.10293090559206],[72.97732596785536,18.10292073634127],[72.97727958913333,18.1028790547325],[72.97719095941622,18.102823017686873],[72.97709194541987,18.10280743383642],[72.97696414809499,18.102813951379293],[72.97688243851483,18.102871091674167],[72.9768336796664,18.102937973287215],[72.97683577364808,18.103060134428315],[72.97686645152301,18.103169225895186],[72.97687942800991,18.10322383652184],[72.97686387361371,18.103286821157017],[72.9768344021106,18.1033359273292],[72.97683222042639,18.103435458978634],[72.97686781943243,18.103535657733595],[72.97691340480412,18.1036134667691],[72.97692593459975,18.103690567990636],[72.97691962546742,18.103762863391104],[72.9769025364978,18.103893676719665],[72.97689583194521,18.10398394589926],[72.9769463384993,18.104052863108777],[72.97703934641781,18.10412258811085],[72.97713309641448,18.104160611724687],[72.97728768446268,18.10423161485719],[72.9774129047567,18.104342691533223],[72.9775704854882,18.104490515065997],[72.97767169720612,18.104619227314473],[72.97771355180441,18.104651737146053],[72.97778826567014,18.104693986502735],[72.97788713573138,18.104713995074764],[72.97796785435729,18.104702104056017],[72.97806786141219,18.10467243827347],[72.97815912084978,18.10460645436038],[72.97821811648978,18.104503543736165],[72.9782251127118,18.104404243416734],[72.97819434029135,18.10429506129362],[72.97814875399698,18.104217251651555],[72.9781357237727,18.104167247721694],[72.97815068398484,18.104131359300855],[72.97819850236483,18.104105210269235],[72.97833742471963,18.10402653679763],[72.9784344914983,18.10391544353212],[72.97849462442659,18.103762857881595],[72.97850763622417,18.103600292289137],[72.97845419030345,18.103449948509667],[72.97833374272636,18.103334495915608],[72.97821663197564,18.10328240590802],[72.9780281427794,18.103251429287415],[72.97794870640246,18.103209130155573],[72.97792126999958,18.10316331080114],[72.97790376654275,18.103099709251286],[72.97785812853489,18.103026416434094],[72.97779330868181,18.102961775782678]]],[[[72.96470359997643,18.301051499556813],[72.96584729979047,18.29883990032798],[72.96309829993635,18.299663399687162],[72.96469980017702,18.301066900167733],[72.96470359997643,18.301051499556813]]],[[[72.93298809985608,18.322598599871185],[72.93312090020947,18.322399399553454],[72.93315409972492,18.322391100120218],[72.9331540997168,18.322308100140624],[72.93312090003134,18.32230809956617],[72.93302130003028,18.322183599634666],[72.93303789960312,18.32210890042057],[72.93307939986755,18.322083999604164],[72.9330710995182,18.32203420015838],[72.93288849956197,18.321967799965325],[72.93283869970118,18.321926300398555],[72.93278060014573,18.321951200379686],[72.9326079546029,18.32172401487028],[72.9326478004837,18.321644099765788],[72.93269759961201,18.32161090035882],[72.93270589957045,18.32155279991805],[72.93264780014238,18.321527899898012],[72.93255649990593,18.32153619996343],[72.93238219987288,18.32146149957104],[72.93229090043654,18.3214615004375],[72.93222450046412,18.321519599687498],[72.93211660003763,18.321536200436825],[72.93201700015067,18.321577699713934],[72.93193400025761,18.32174369971473],[72.93194230012008,18.321793500117437],[72.9320252997392,18.32180179993607],[72.93210830007129,18.32179349975413],[72.9321996002196,18.321826699916805],[72.93244029956698,18.3222583000475],[72.93238219979446,18.322283199884808],[72.93235730016441,18.322332999558483],[72.93240709989927,18.322424300231155],[72.93247350017701,18.322465799904307],[72.93253160001146,18.32244090002387],[72.93258140045508,18.32245749974785],[72.93261459985577,18.322490700432912],[72.93258970027333,18.322540500162194],[72.93261459989793,18.32259029954107],[72.93269759967295,18.322581999887102],[72.9327059002304,18.322698200357248],[72.93298809985608,18.322598599871185]]],[[[72.84168579983833,18.705775399866987],[72.84276770021087,18.707807200210762],[72.84182189955358,18.70591849991289],[72.84168579983833,18.705775399866987]]],[[[72.81325190012929,18.70688069980883],[72.81429639989571,18.702492700348945],[72.81313649998742,18.706874300321203],[72.81325190012929,18.70688069980883]]],[[[72.89974518134663,18.83198546503166],[72.8995546493476,18.829905634999744],[72.8996969306853,18.832020692294694],[72.89974518134663,18.83198546503166]]],[[[72.897100799614,18.834087599662368],[72.89706629978988,18.83407649999159],[72.89701249959076,18.834076000177486],[72.89698730012681,18.83407050027635],[72.89697030010434,18.834055700315997],[72.8969610000519,18.834036400323164],[72.89696359981875,18.834007899951754],[72.89698299981778,18.83396590005604],[72.89702899955715,18.83391350029012],[72.89702680031887,18.833840200029897],[72.89699950022896,18.833785600051034],[72.89697870031301,18.833763000183435],[72.89695909963426,18.833754100250736],[72.89694389973396,18.833754500193706],[72.89691500047327,18.83376040017133],[72.89687410015483,18.833759000262884],[72.89685329990742,18.833749099932927],[72.89683219983789,18.83372569999811],[72.89681640009559,18.833696300028244],[72.89681089978643,18.833670399561935],[72.89682569974039,18.833630399586127],[72.89682639970576,18.833617500255464],[72.89681459953971,18.833600400269177],[72.89677379972913,18.833576799980218],[72.89673670036464,18.83356630031973],[72.89659090015928,18.833515699954507],[72.89655680047815,18.833515699926952],[72.8965398004746,18.83352309958997],[72.89652720043895,18.833537100408805],[72.89652089978742,18.83357150028606],[72.89652339960642,18.833623699566527],[72.89653449973875,18.83368359954716],[72.89657840038377,18.83382779957681],[72.89659579985884,18.833854800110053],[72.89661660029738,18.83386669992805],[72.89666680029785,18.833877299780788],[72.89675569958837,18.833873599832902],[72.89678719999996,18.833878400023213],[72.89681459982269,18.833897700374376],[72.89681790026782,18.833909899693463],[72.8968141996674,18.833918399621858],[72.89679290033628,18.83393009977389],[72.89673810042126,18.833940799601898],[72.89671929985775,18.83395079953368],[72.89671520016768,18.833964900039305],[72.89671590027096,18.83397640014076],[72.89672330022641,18.833990800460057],[72.89672279986853,18.834025500175123],[72.89668949959882,18.83408990021138],[72.89667440005074,18.83413709978878],[72.89667660003221,18.834175200395535],[72.89669510029394,18.83420330039782],[72.89664410023704,18.83423420015737],[72.89655699963924,18.834275100199058],[72.89644009977903,18.834352299647822],[72.89643190018403,18.8343662996491],[72.8964307999276,18.83438300038724],[72.89644040016418,18.83439739985794],[72.89649330025789,18.83443530023536],[72.89657150020427,18.834472000461304],[72.89662330016185,18.834490799934976],[72.89668349997409,18.834490600280454],[72.89673159976762,18.834482800076582],[72.89676010019,18.834471700417534],[72.89678350040508,18.834453299779668],[72.89680430042318,18.83441299995469],[72.89681740033186,18.8343468997774],[72.89683630042974,18.834315100028252],[72.89685890006875,18.83429660027671],[72.89690369970064,18.834274699588654],[72.89699730036595,18.834249100093896],[72.89708799975146,18.834235400076427],[72.89716430010681,18.834204999851657],[72.8971657000557,18.83419609994294],[72.89714669999786,18.834130899952775],[72.89712739979645,18.834104600223892],[72.897100799614,18.834087599662368]]],[[[72.93843689973697,18.971661799746627],[72.94248940008491,18.966641899923815],[72.93403539992475,18.95272060015017],[72.92498349976677,18.962557399539143],[72.93836850013692,18.971677200016348],[72.93843689973697,18.971661799746627]]],[[[73.14481427907502,19.126041284775226],[73.15267602287713,19.113533227816067],[73.18214590190654,19.105824356268098],[73.17940784998714,19.1159383558306],[73.19407776392747,19.127455793387515],[73.21282696919796,19.09939099993124],[73.23050639905209,19.087959230048124],[73.23486248809256,19.068556713659397],[73.23807881509092,19.07014672683112],[73.25073923682974,19.061772575608586],[73.26407274811073,19.06626698178642],[73.2642242114336,19.072226536446127],[73.27937885785458,19.086775325476445],[73.2977828226997,19.0834405214247],[73.29763001574167,19.072318059669232],[73.30587915861852,19.07844019543511],[73.31395527955354,19.076904798822117],[73.31878936929392,19.080095397128144],[73.32200667030595,19.086989044813137],[73.3092824809482,19.099602182067354],[73.30742831700407,19.10693411618393],[73.31622955745304,19.10763360345044],[73.32144733496959,19.116721163416102],[73.34859112093967,19.128693808543108],[73.35838565690774,19.1307723558577],[73.3722909936754,19.126691131976276],[73.3856551675628,19.13280419238665],[73.39553045333787,19.131602321257134],[73.40454906449791,19.13469099647488],[73.43063477720835,19.126380679183146],[73.44617091626006,19.13403657028026],[73.45725721965728,19.13139732195349],[73.46744477758618,19.135482634595608],[73.47775387557289,19.133148344034836],[73.48652057641058,19.12325829833075],[73.49051030570945,19.127946243760793],[73.52501766697227,19.12985893297025],[73.52193303402532,19.122069071421297],[73.52461074825402,19.118576186037334],[73.51758743298907,19.102917017592947],[73.51931534710764,19.09968526010389],[73.51224055583572,19.096180074741067],[73.51222273863912,19.092640034434304],[73.5133479401024,19.08488124730723],[73.52818963794796,19.08580801907208],[73.5206551420337,19.07066422500189],[73.52488822800981,19.054874761331863],[73.51690118900518,19.057837275457466],[73.5146193587626,19.0476769931378],[73.53952943064101,19.0483351032052],[73.53354793485883,19.029729509331936],[73.54367678856069,19.02386915684003],[73.53901672626523,19.015729676567993],[73.54854213460659,19.01072116945236],[73.55432979068418,19.012780179831488],[73.55477763210168,19.009855061130605],[73.54301421319136,19.001684944717987],[73.54146815765446,18.996175336823086],[73.53382499241116,18.99570687913107],[73.53362689312922,18.991185744890608],[73.52395745896119,18.985949283970395],[73.52199006572626,18.97784914086563],[73.51726365189656,18.980136723445284],[73.51519491166202,18.975126797471408],[73.51054660694382,18.97344723672194],[73.51244800248496,18.9719341578504],[73.5095909181053,18.967743874640792],[73.49326286652739,18.968792154132185],[73.49428188162605,18.972991662075188],[73.48475742247645,18.98064428007391],[73.48041979361338,18.979909681876062],[73.4794047631976,18.96987337385906],[73.46209460130129,18.96714739147536],[73.45911726253314,18.96407008130298],[73.45610258866273,18.94559117230865],[73.4621014664383,18.92723544379385],[73.44796437663423,18.92402295132133],[73.44152110119008,18.929000156067268],[73.43626294224238,18.91799824577351],[73.43162477573476,18.91551176370772],[73.43660649025294,18.905516536378524],[73.44003364979915,18.904608579324254],[73.43501792256681,18.9009680006932],[73.43668892163168,18.884837752038884],[73.43025302114853,18.869094490075973],[73.42494139523153,18.861101423379942],[73.41234146503501,18.85683690443383],[73.40161610316531,18.84215928743959],[73.38904595904731,18.853449083188487],[73.38296138758642,18.82720232972535],[73.38390757472132,18.81859518665238],[73.37849239298006,18.81864492780287],[73.38151719119311,18.803964719120373],[73.37851404977961,18.792899351422797],[73.37374773123427,18.788288211097576],[73.36888498736631,18.7948297757246],[73.36231170422312,18.770894071425055],[73.35090077243133,18.757633835246352],[73.35721088929611,18.753043571834294],[73.35543213809193,18.74293037589874],[73.35805799428171,18.73778992167166],[73.35319308291913,18.73260254787997],[73.35461789803146,18.72133806174467],[73.34502899641925,18.718286695965816],[73.34262594529861,18.715448727848067],[73.34562238020006,18.710925748358257],[73.32955048978802,18.70125683243776],[73.33311367237908,18.694308501412532],[73.3385858939584,18.698431815843914],[73.34117301363518,18.69454070422938],[73.34614048670123,18.69665214861325],[73.34712422548564,18.69303680197633],[73.35831690648142,18.71343261899659],[73.35787439882871,18.69964394548986],[73.36551565713795,18.699459081199937],[73.36833336977607,18.702713707812148],[73.3822425333413,18.693338867690482],[73.38564124137935,18.69460510540489],[73.3831697977615,18.68318653633533],[73.38761271164138,18.677181524884375],[73.38265552756147,18.675324339556695],[73.38831823878759,18.66585647937189],[73.38628059576045,18.655200834896583],[73.37758093096171,18.651818462085803],[73.37539679704511,18.645271328438366],[73.3686698231219,18.642928018836784],[73.36822211158251,18.63813168787121],[73.34679437679998,18.610086266131827],[73.34341038794491,18.61117369967868],[73.34170673844672,18.60541685341313],[73.33853419576153,18.604220884021924],[73.33451181239906,18.60995831135143],[73.33462439262632,18.596147270174246],[73.3322489387946,18.597391355350783],[73.33086716946968,18.59293348866038],[73.32846274858589,18.593805106042296],[73.33201457909551,18.58306794691472],[73.3228386450762,18.572132131427615],[73.32352960006598,18.55687631827834],[73.33572317432805,18.550326783795203],[73.33833456221315,18.5533826419689],[73.35681922546893,18.557728948874484],[73.34661799337242,18.549156071420665],[73.3489468401405,18.545847388457904],[73.34144015487696,18.54129930158783],[73.34302886306092,18.532576528731035],[73.3556742406517,18.533764356124255],[73.38177911781268,18.50583879559049],[73.38922726731343,18.502246474474887],[73.39732635547165,18.505464187030505],[73.38028517407525,18.494233536195036],[73.37524025173221,18.494092835924466],[73.37877678539174,18.48201473041977],[73.36649569759084,18.482242611811188],[73.36143507371771,18.486165588970938],[73.36130427771354,18.47224886123682],[73.37429830531444,18.464531180418692],[73.37709624943027,18.48016487628361],[73.38243822704906,18.47658834995978],[73.37975677193891,18.4817683221442],[73.38990444680631,18.48254853320332],[73.38986443248962,18.489536038711922],[73.39358513781146,18.492882682307414],[73.39704634838604,18.489729760181337],[73.40219206381701,18.499405832580678],[73.40840678317805,18.499533458912342],[73.40941663319956,18.47687880943603],[73.40380449709082,18.476699276951962],[73.4065146191608,18.46431074389327],[73.40228538957426,18.462719696910607],[73.40186918266643,18.445802849947505],[73.39598518463663,18.447893551623736],[73.39382443078208,18.444529107164357],[73.39876747512469,18.40061625283138],[73.40419548585521,18.397579797902264],[73.40481570396136,18.400818671835946],[73.41027326076363,18.39885243966772],[73.41268547877749,18.405547255416707],[73.42048054207619,18.403235013744087],[73.42449671946699,18.386929580777867],[73.42262236448097,18.37306595840426],[73.44061680874836,18.357931423062475],[73.43314522290245,18.350075201362742],[73.42731055508901,18.330226517915758],[73.42191074517966,18.328428062756057],[73.4204449751242,18.31966863517616],[73.42636166161456,18.319332436417366],[73.42038318077086,18.311337042045228],[73.42592154337977,18.304823661128665],[73.42532572149462,18.299239317375072],[73.4391771172171,18.304957407007976],[73.44595097614136,18.304308730596038],[73.45430004154979,18.297312475269866],[73.46960765071408,18.301524764488416],[73.47582732080356,18.299998019731905],[73.47361052036716,18.281560593472438],[73.47765899582848,18.273826729103558],[73.48195009466112,18.271224867178987],[73.48484015467014,18.276402429799123],[73.49321794312021,18.275861482400217],[73.49898363546215,18.282196836424422],[73.50345627290112,18.279702911495843],[73.50462451097732,18.271848328833823],[73.5148997917091,18.27199363519761],[73.50752014780247,18.260676103672633],[73.50333000166694,18.2594679518368],[73.50529609884066,18.25671032155912],[73.50076506689722,18.256844649692805],[73.50528091912271,18.254184256991937],[73.50846124710509,18.256251792722537],[73.5079016577033,18.252848144097396],[73.51536063806374,18.25178057723644],[73.51626705028141,18.247338909459554],[73.52331472930665,18.24623429516849],[73.5312840212635,18.256843803333172],[73.54477033125843,18.248807020078587],[73.54651684799484,18.242537936588743],[73.5310794908047,18.227993057389345],[73.53461065861445,18.220663518938295],[73.52206095231064,18.211605748609518],[73.53413421694533,18.208255904632924],[73.52050726713426,18.187720609925282],[73.53716401385702,18.189390555942023],[73.54237420315587,18.206091827665478],[73.55741279899671,18.198225330918095],[73.5596138365836,18.21456649729942],[73.56330916613254,18.19260827457021],[73.56578555915203,18.19346485973494],[73.5683315496162,18.18702458325157],[73.57793713923785,18.18369448381762],[73.58225359473035,18.178156734580707],[73.59391762392154,18.176807322109884],[73.59739197181942,18.188841917100078],[73.63040832596856,18.174499349131235],[73.65242710275416,18.172960782591307],[73.6626267441839,18.165922758197073],[73.66215995449848,18.161101061496616],[73.66606813455014,18.160229470420607],[73.66613302581061,18.155829283633647],[73.66105085793369,18.15161995896429],[73.66163548192692,18.154602399480154],[73.65417135097582,18.158423519255475],[73.64954898729762,18.156880310457602],[73.65082001372171,18.15211545002346],[73.64117035346716,18.140713924180552],[73.63369866709643,18.14690825806212],[73.63371544403152,18.143864069384644],[73.62845235238132,18.141239789470493],[73.62805538645883,18.133684155000086],[73.61923612015454,18.126700391451447],[73.62679243327295,18.123025548758026],[73.60749418905027,18.122529848822545],[73.61001227470278,18.133455339157344],[73.60823904744929,18.141248642584575],[73.60785660160207,18.12953136640885],[73.60113194727309,18.121594677042076],[73.600808219582,18.11496526324532],[73.59588655336053,18.1119914334392],[73.59511079202741,18.10825328597766],[73.59967804616242,18.10271763990049],[73.60939304140531,18.096784397616116],[73.60664423557924,18.088880175266723],[73.60060260759703,18.08452793967429],[73.60269818817648,18.081001777490645],[73.60552411824713,18.082738085843253],[73.62090774131141,18.077119188443543],[73.61471263561039,18.068683820431108],[73.61375437034434,18.05860359228108],[73.62999445206161,18.049153310491988],[73.63014209391545,18.045102368161793],[73.64489769847843,18.044263251381892],[73.65103818358806,18.036730929029293],[73.65954592771178,18.03274500097573],[73.65044049546054,18.022149531736133],[73.657541574886,18.012595191695993],[73.64242308576345,18.001551994750333],[73.63786527975695,17.992150297706665],[73.63422385146178,17.993261528182536],[73.62737131278068,17.988684343161367],[73.62669287266166,17.98533175567781],[73.63766604596094,17.9802177574347],[73.63856610564363,17.971700982072164],[73.61755744791402,17.95804614005505],[73.61072407170035,17.947771979873764],[73.59762275882217,17.940340745798267],[73.59039489790477,17.939652849647107],[73.584273471953,17.947300183577102],[73.57922049625442,17.947034824916734],[73.57606758840792,17.9410927094732],[73.57783761386429,17.93403652321325],[73.5633883682561,17.917039934951987],[73.55190698609356,17.90917480881831],[73.54033362520177,17.906890194307934],[73.53250643844716,17.899480832856295],[73.53534447938108,17.892378746013712],[73.56041931776208,17.893691191397533],[73.56999506780362,17.880404857576305],[73.57078285454882,17.878307853620477],[73.55397229296226,17.86539226430396],[73.54066229022935,17.87173156800766],[73.5331108876756,17.883113010322887],[73.53265790983642,17.879256339851903],[73.52242928176304,17.872053434457595],[73.522215189962,17.865611514431063],[73.51025082463663,17.852200806549234],[73.49973215900984,17.852222115580204],[73.48912105112755,17.867047366742366],[73.4611926290415,17.867014237266233],[73.45662354452469,17.859113883463273],[73.45021701654815,17.855763370334333],[73.45043881300752,17.851751411917288],[73.4446811622363,17.85062087005808],[73.43835094674075,17.85934015296862],[73.44305910200902,17.870636513682015],[73.442343002238,17.876696509999444],[73.43815589068015,17.878351613366764],[73.43706725938421,17.90270565229313],[73.42621163054675,17.909172737084326],[73.42285484328886,17.896953166690395],[73.4138183534656,17.893733535286064],[73.40500279820127,17.882814538165885],[73.38049954327256,17.882304846457387],[73.37082971114081,17.887887984176412],[73.36846162374701,17.90796112153595],[73.37594086072887,17.91300013714507],[73.37398179752356,17.925271551477593],[73.36911984541074,17.933544144073107],[73.3640008609649,17.933597647720294],[73.36075348795114,17.937524982792066],[73.359034165,17.94751489015522],[73.36133993568903,17.954427143535863],[73.35060857963254,17.95911843065525],[73.34077541227833,17.97230364622408],[73.34219519106571,17.980958935014833],[73.34807622421881,17.989707986128842],[73.35579198528067,17.992868568965704],[73.35863875380538,18.00729653999714],[73.35425313810529,18.0152077598736],[73.34855557817944,18.017987657351714],[73.345400841402,18.026197655487408],[73.3401526536057,18.01593824306358],[73.33430308046796,18.01159077408999],[73.3267592153914,18.02524494768097],[73.31747496309477,18.025857771558588],[73.31503389041873,18.028846521283384],[73.30684531509434,18.02239438920898],[73.30056550962635,18.024268901381898],[73.29007687421127,18.03616221546837],[73.29062980546261,18.05102382882789],[73.29461141598674,18.058364019580452],[73.28685738310071,18.071302987254214],[73.27559155834716,18.06706686639495],[73.26144628449418,18.070775297773015],[73.25419216456804,18.063126389487103],[73.2445171603343,18.063708524459944],[73.2301948396195,18.056476577596406],[73.21531034397867,18.058851970764543],[73.2053197977954,18.06940550274212],[73.20157102432802,18.06905415448988],[73.19137844679953,18.058347736123796],[73.17413022846216,18.059764227020008],[73.15132876161715,18.033282683179824],[73.14937337174275,18.02179709680353],[73.13220186988498,18.014022757183316],[73.11773177227332,17.98110855284958],[73.11441814313326,17.979501575934474],[73.10258479825913,17.982114715445],[73.09225777497538,17.989709863427542],[73.0724211045583,17.990109003916967],[73.04137198529416,17.98598576141744],[73.03668302573827,17.98271258111954],[73.03065893902553,17.989797639151355],[73.01938867878351,17.98983819323999],[73.01815617110665,17.992848244856418],[73.02111176851993,17.993316103123796],[73.0152812188472,18.007668880826632],[73.00849708430619,18.010658601650498],[73.0052061397107,18.021189021618362],[73.0212949946083,18.027453316676777],[73.01444076591501,18.033601598671495],[73.00606309466328,18.052059748720175],[73.00086114875461,18.05502294787474],[72.99542338419198,18.050125784150016],[72.99037561694252,18.05576622907763],[72.99479352084636,18.06762617248794],[72.99916008099024,18.06954966117118],[72.99683319829992,18.08421386162538],[72.98791102708378,18.102623299227268],[72.97978962234055,18.10806851058219],[72.97102844421221,18.13288962210927],[72.98134299290503,18.13703353376116],[72.98865887015437,18.157899983380208],[72.98062441267989,18.187198700426677],[72.98093260752985,18.196286015340892],[72.95639543553692,18.21963639850668],[72.94508255961715,18.224073972156305],[72.93872739268454,18.217324921086274],[72.93177840615748,18.2204203159968],[72.93500911070777,18.228614261303346],[72.94256369425548,18.234075169717862],[72.94019062214042,18.264070495616632],[72.93528328474403,18.27257182753104],[72.93804808099465,18.283722080417977],[72.94830899073929,18.284998751371262],[72.95447443584824,18.277958094573055],[72.9643053049825,18.280167355430365],[72.97145971431252,18.273094383223143],[72.97302078567964,18.266164202452693],[72.98115237888557,18.270529962661755],[72.98064528965469,18.27664883184863],[72.98648136649905,18.282278812440858],[72.97938885834598,18.297884456795792],[72.97006898892575,18.299848451260395],[72.96841009194668,18.309412810854578],[72.96419459485351,18.314489956963367],[72.96044925988214,18.31184199247122],[72.95591078943026,18.315859297949267],[72.9600008401376,18.320966314975376],[72.9538670857371,18.33496367312067],[72.94230661987555,18.34438718317721],[72.93514972469023,18.34415965723174],[72.93660184360472,18.349552876757723],[72.93353045612118,18.351634179070395],[72.91882876809862,18.348611222873917],[72.91191961442473,18.365447713607658],[72.91476107246625,18.370874884437015],[72.92507762547595,18.377368775216315],[72.9259459299557,18.383438515329534],[72.92292673370763,18.393082012541193],[72.91325520099588,18.394012206252114],[72.90935146524541,18.40375962747965],[72.90703551862693,18.40298927014633],[72.90617345185859,18.411327046531863],[72.90975983532695,18.422306493358743],[72.9047312968669,18.429180646400223],[72.90709891586187,18.437259797216004],[72.90176044683936,18.451441691835065],[72.89728479490533,18.45821999321021],[72.89482398070506,18.457517409568766],[72.8937324531413,18.47179121095439],[72.90188913527686,18.47577263451381],[72.90188988552885,18.492660342832693],[72.90565302848037,18.502685892588563],[72.91109224507717,18.502559148186403],[72.91162264306388,18.51868247812099],[72.90531621009403,18.53855597855724],[72.92173935297704,18.54717728384093],[72.89151060074025,18.606215745577927],[72.88353426736039,18.617122137353036],[72.87905550508462,18.61619074210989],[72.87812835956153,18.624662060124823],[72.8755745696734,18.622397788910725],[72.87410403187623,18.62913751382844],[72.87813915040368,18.630814334181437],[72.87014153577555,18.633156564683933],[72.86062486186674,18.63110970714806],[72.86405650129274,18.64542771287714],[72.86070594250991,18.64943042802729],[72.8612976575817,18.66955739660578],[72.85782791914095,18.69008925857013],[72.85105234872151,18.698832381570874],[72.85779975646933,18.706202314525537],[72.86224645447278,18.720779053026572],[72.86043133953645,18.742229813823577],[72.86430243042717,18.75847167429534],[72.85864662493381,18.770700595356605],[72.86167546493117,18.779556041419603],[72.8607991136598,18.791762531844654],[72.86580722033204,18.807621140612078],[72.8703677266605,18.8113419557364],[72.87436689912363,18.804567758830736],[72.88642322557074,18.804986831877457],[72.88955482161796,18.800528245604674],[72.89632590905192,18.80192162811885],[72.89903585791602,18.805901503022483],[72.90856344564088,18.80013571709605],[72.91448933548304,18.80032464629854],[72.91554597278432,18.806329385985592],[72.9239855014384,18.81265967705884],[72.9273886134577,18.820894317633762],[72.9451516278966,18.82638246990201],[72.94610770750988,18.812728986897884],[72.94950323909858,18.815420686343504],[72.95713253487406,18.799230218234747],[72.98772559224854,18.783355354196008],[72.99594317606906,18.773017809619645],[72.9940018810596,18.787112693065467],[72.97827223920957,18.80759590914897],[72.9978299718544,18.80260325854205],[72.99929189499866,18.809200509825935],[72.9849293136428,18.814985012287366],[72.97508759728966,18.83950144956022],[72.98135304835733,18.856746625497316],[72.9953865856626,18.871510671452498],[72.97340941657139,18.862800823445838],[72.96920284553589,18.8480803647039],[72.96387760996558,18.84183923125394],[72.9564695575093,18.84129909207844],[72.95034394189857,18.844902261889384],[72.94248382247291,18.84236719087937],[72.93483967753754,18.844049274012423],[72.92008437704311,18.853292964958943],[72.91590360355708,18.860678169604814],[72.91987792167635,18.865224520961796],[72.91384394876043,18.875810876831796],[72.90218574115033,18.882884197653116],[72.90407301254945,18.904435194396584],[72.91542206148304,18.907588302925493],[72.9210105904758,18.913638536183228],[72.92776513222658,18.91443218681829],[72.93706077814345,18.909331963760366],[72.9418571840732,18.923093366924714],[72.93865637631437,18.92867147468497],[72.94447512980501,18.935550644605044],[72.9408106000988,18.94448968247422],[72.95917130454015,18.95716226276238],[72.95064643472374,18.959506947419136],[72.94714877031987,18.9867732148166],[72.99814830362213,18.987000695095706],[73.04369348487974,19.00739385639918],[73.04963395844489,19.015972891052943],[73.04654711362811,19.02057137518381],[73.04934916483249,19.043488403120815],[73.04323155849329,19.054534264194288],[73.0461683510221,19.059480370991718],[73.04349455917371,19.069284883290976],[73.04857557758494,19.08787346753601],[73.04752583032239,19.09981812706199],[73.05715965989779,19.102242493658885],[73.06495909901292,19.110701042315682],[73.07481607323291,19.11025770611594],[73.07782080763526,19.114449872902917],[73.0814724392908,19.111774606927234],[73.08397112925483,19.115692787370925],[73.09595322723813,19.113907320122802],[73.09966483071953,19.10616580291796],[73.11103121526037,19.111119264681758],[73.11787421701489,19.106735728044345],[73.12274586057168,19.11051399242532],[73.13034687533175,19.10866918425028],[73.13479162280173,19.118846366761183],[73.14055795390048,19.125748395668545],[73.14476633293603,19.12621187931061],[73.14481427907502,19.126041284775226]]]]}},{"type":"Feature","properties":{"OBJECTID":554,"STATE_UT":"MAHARASHTRA","STATE_LGD":"27","DISTRICT":"RATNAGIRI","DIST_LGD":"528","REMARKS":null,"Shape_Leng":735314.015871,"Shape_Area":8081810896.95,"sourceDistrict":"RATNAGIRI","district":"Ratnagiri","labelPoint":[73.45471810225578,17.274550208651803]},"geometry":{"type":"MultiPolygon","coordinates":[[[[73.69481184645278,16.58559021781608],[73.70542623867865,16.58747199355424],[73.70681895725744,16.583652422882174],[73.698925905849,16.577810593098366],[73.6930536897732,16.582798366346996],[73.67846354774393,16.583957198628234],[73.6880335468473,16.592544706285988],[73.69209257195665,16.59218168114966],[73.69303031662913,16.586368653423538],[73.69481184645278,16.58559021781608]]],[[[73.28317679987518,16.95739660008176],[73.28310209974143,16.957386200017776],[73.28306210025201,16.957401899954593],[73.28303780009018,16.957429700425745],[73.28303279994061,16.957501599843077],[73.2830482001809,16.957587800205207],[73.28306390021042,16.957657300145662],[73.28310389988494,16.957730299663332],[73.28317339987736,16.957789400205176],[73.28326369966865,16.957827700082014],[73.28334539962356,16.95785199997128],[73.28339230012872,16.9578572002378],[73.28345489985352,16.957845000435103],[73.28351049999671,16.957799799949576],[73.2835417997876,16.9577390004221],[73.28355570007146,16.957681699861915],[73.28353310024461,16.957603499992103],[73.28348619961945,16.957525299830838],[73.28339580045166,16.957450500163084],[73.28330019966816,16.957417500303585],[73.28317679987518,16.95739660008176]]],[[[73.28559506149843,16.989427186545612],[73.28554276389868,16.989324605012044],[73.2854262109864,16.98935323704295],[73.28548236009208,16.989505733546505],[73.28558813725586,16.98947586876487],[73.28559506149843,16.989427186545612]]],[[[73.12016890541716,17.76655021557302],[73.11976409083094,17.766163791966115],[73.11968777557642,17.766160903650324],[73.11967037339272,17.766085195917096],[73.11961054624979,17.765912059106277],[73.11947519048408,17.765520371073112],[73.11922153261153,17.765985366651893],[73.11959259156977,17.766294065253383],[73.1197590268237,17.76643247525248],[73.11993944707353,17.76644297242324],[73.12016890541716,17.76655021557302]]],[[[73.1015684981118,17.804117009946477],[73.10136224748116,17.804056476354724],[73.10111675322693,17.80463874640685],[73.10127211947888,17.804713143604076],[73.1015684981118,17.804117009946477]]],[[[73.08760290016706,17.80728309983796],[73.08758520045208,17.80728170046404],[73.08756730005202,17.80728189968891],[73.08754919978087,17.807283700302843],[73.08753090011487,17.807286999589653],[73.08751250044632,17.807292100349088],[73.08749539977596,17.807298499651314],[73.08747949966728,17.80730610021894],[73.08746469967141,17.8073149000797],[73.08745099974116,17.807324900149112],[73.08743830034305,17.807335800373032],[73.08742640005569,17.80734770043761],[73.08741529988802,17.807360300431004],[73.08740489991658,17.807373700226574],[73.08739509993532,17.80738779971139],[73.08738580002748,17.807402399716853],[73.08737759978138,17.807416900088832],[73.08737050014591,17.807431599914473],[73.0873645001191,17.8074465000641],[73.08735940019048,17.807461700313496],[73.08735530033091,17.807477099874504],[73.08735209990417,17.80749270043494],[73.08734979995987,17.807508500209554],[73.08734819970245,17.807524399857954],[73.08734749954466,17.807540599606455],[73.08734740039543,17.807556900091217],[73.08734799962188,17.807571999645322],[73.087349099651,17.80758709982238],[73.08735089975843,17.80760189994519],[73.08735329968431,17.80761659985765],[73.08735660043783,17.80763109997152],[73.08736059997867,17.807645399956712],[73.08736549972882,17.80765940012746],[73.08737130001792,17.807673299554953],[73.08737800046981,17.80768690008285],[73.08738580001716,17.807700300046584],[73.08739750016076,17.807717600405997],[73.0874102003115,17.80773370026064],[73.0874238998504,17.807748499594368],[73.08743849971525,17.8077621001553],[73.08745420012988,17.807774500352675],[73.0874708000087,17.807785699901345],[73.08748840018355,17.807795599887633],[73.0875068997751,17.807804300139523],[73.08752649991554,17.807811800026172],[73.0875469998083,17.807818000206773],[73.08755760012043,17.80782270004903],[73.08756830012742,17.807826800073382],[73.08757910044834,17.807830400295497],[73.08759009976211,17.80783349985266],[73.08760120006188,17.807835899665907],[73.08761229974924,17.80783790042042],[73.0876237003104,17.80783929981124],[73.08763509997583,17.807840100156707],[73.08764660000134,17.807840399784677],[73.08765830026351,17.807840099736744],[73.08766670024552,17.80783960043579],[73.08767500012078,17.807838700148924],[73.08768329971285,17.80783759987504],[73.08769140013591,17.807836200363855],[73.08769960024624,17.807834500077135],[73.08770760027912,17.807832499593133],[73.08771550039413,17.80783029993995],[73.08772339994266,17.807827700313354],[73.08773129959079,17.80782479981393],[73.08773899973353,17.807821700048123],[73.08775289980741,17.80781539968603],[73.08776630009076,17.80780849974698],[73.08777900045314,17.8078009999917],[73.08779109990967,17.80779279958685],[73.08780249973421,17.80778390031049],[73.08781309981393,17.807774200219697],[73.08782279989508,17.80776360011676],[73.08783169956509,17.807752100099208],[73.08783959998517,17.807739600002],[73.08784650020009,17.807726099780414],[73.08785180000321,17.807712099575493],[73.0878551998611,17.80769809990965],[73.08785700015818,17.807684200220155],[73.08785750037602,17.80767019994207],[73.08785679971939,17.8076562000585],[73.08785530040645,17.807642200222812],[73.08785330029106,17.80762819976667],[73.08784859965432,17.807600299840928],[73.08784400013631,17.80756939957173],[73.08784120022007,17.807552600404772],[73.0878379997557,17.807535899815072],[73.08783429968139,17.807519399551378],[73.08782990015665,17.807503000318587],[73.08782490019077,17.807486900325053],[73.0878191998665,17.807470900402215],[73.08781260029285,17.80745520034194],[73.08780509989549,17.807439700083457],[73.0877965997068,17.807424499544982],[73.0877882996218,17.807410999932753],[73.08777979969197,17.8073977000673],[73.08777079986449,17.807384699582556],[73.08776140025188,17.80737210042154],[73.08775140014633,17.807360100455842],[73.08774070029666,17.807348599617338],[73.08772929993705,17.807337799677413],[73.08771689996996,17.80732780031472],[73.08770350015304,17.807318699669466],[73.08768910039242,17.807310499571543],[73.08767210033622,17.807302400078555],[73.08765509973337,17.807295600382535],[73.08763779982203,17.807290100191388],[73.08762039977606,17.80728589969962],[73.08760290016706,17.80728309983796]]],[[[73.08410040032138,17.81817819997657],[73.08365759979317,17.814538400196568],[73.08404210010511,17.818200599673986],[73.08410040032138,17.81817819997657]]],[[[73.21115208790924,18.06183438791098],[73.21763203070857,18.057766420028205],[73.2301948396195,18.056476577596406],[73.2445171603343,18.063708524459944],[73.25419216456804,18.063126389487103],[73.26144628449418,18.070775297773015],[73.27559155834716,18.06706686639495],[73.28685738310071,18.071302987254214],[73.29461141598674,18.058364019580452],[73.29062980546261,18.05102382882789],[73.29007687421127,18.03616221546837],[73.30056550962635,18.024268901381898],[73.30684531509434,18.02239438920898],[73.31503389041873,18.028846521283384],[73.31747496309477,18.025857771558588],[73.3267592153914,18.02524494768097],[73.33430308046796,18.01159077408999],[73.34589556514035,18.025831955325096],[73.34855557817944,18.017987657351714],[73.35425313810529,18.0152077598736],[73.35921827493416,18.00547374544351],[73.35579198528067,17.992868568965704],[73.34807622421881,17.989707986128842],[73.34219519106571,17.980958935014833],[73.34077541227833,17.97230364622408],[73.35060857963254,17.95911843065525],[73.36133993568903,17.954427143535863],[73.359034165,17.94751489015522],[73.36075348795114,17.937524982792066],[73.3640008609649,17.933597647720294],[73.36911984541074,17.933544144073107],[73.37590335845962,17.916462075158478],[73.37532021184082,17.91194241457772],[73.36846162374701,17.90796112153595],[73.36882864399742,17.893785345878246],[73.37082971114081,17.887887984176412],[73.38049954327256,17.882304846457387],[73.40500279820127,17.882814538165885],[73.4138183534656,17.893733535286064],[73.42285484328886,17.896953166690395],[73.42621163054675,17.909172737084326],[73.43706725938421,17.90270565229313],[73.43815589068015,17.878351613366764],[73.442343002238,17.876696509999444],[73.44305910200902,17.870636513682015],[73.43835094674075,17.85934015296862],[73.4446811622363,17.85062087005808],[73.45043881300752,17.851751411917288],[73.45021701654815,17.855763370334333],[73.45662354452469,17.859113883463273],[73.4611926290415,17.867014237266233],[73.48912105112755,17.867047366742366],[73.49973215900984,17.852222115580204],[73.51025082463663,17.852200806549234],[73.522215189962,17.865611514431063],[73.52242928176304,17.872053434457595],[73.53265790983642,17.879256339851903],[73.5331108876756,17.883113010322887],[73.54066229022935,17.87173156800766],[73.5497614771037,17.86533397703536],[73.55397229296226,17.86539226430396],[73.569658044456,17.87810163121529],[73.57724058378099,17.87607689167597],[73.57427602473378,17.8651784423762],[73.58891725016983,17.85181794940208],[73.59726320338159,17.85007052448168],[73.59646589086805,17.84618692281311],[73.58619493745925,17.841703300607836],[73.58444252033054,17.83383551203695],[73.59693304133458,17.823232291918984],[73.5936175053257,17.817641065803944],[73.59455095740923,17.8033055503519],[73.596359559555,17.798060141062575],[73.60204910717832,17.79503414167092],[73.59316342470889,17.789454982089833],[73.58183921208536,17.789194382366393],[73.5915755385648,17.779145875007554],[73.59185376330882,17.772955543391515],[73.5783222052122,17.750986864280847],[73.57768326909628,17.74374459689724],[73.57297155974427,17.740044062114006],[73.5732398241818,17.731580348239877],[73.56594211815012,17.724185089560642],[73.58262079785443,17.71414080482706],[73.57942408290147,17.70955890769438],[73.5933344032001,17.701727268606152],[73.60394210074664,17.70446352059494],[73.61555095823968,17.714163145219192],[73.62382223838661,17.70629246202637],[73.63448602051204,17.701671537341365],[73.63529052691135,17.698059495847435],[73.6510640430343,17.708567191324168],[73.65759431527889,17.696254617589158],[73.66279086880267,17.69723316207189],[73.68683140515932,17.685730720034723],[73.68138445406731,17.68201661506036],[73.6808656548968,17.678081511100967],[73.69256627598617,17.673628038429918],[73.69320400768332,17.66852660237536],[73.69724969481828,17.666456427683947],[73.69528746374296,17.66311269890988],[73.70138027563685,17.658943143317604],[73.6968186247482,17.65158811547943],[73.69891682920043,17.643304529773157],[73.69046666864986,17.628670245593838],[73.715502808022,17.62452600939562],[73.72069807216437,17.617852308311512],[73.7127563115545,17.607574864077332],[73.72377306995745,17.59940776368467],[73.72776180915355,17.588993393048355],[73.71741188296309,17.579222787854096],[73.71547662646222,17.573556756273213],[73.74652577642699,17.55688603141372],[73.73852136316762,17.535734516281405],[73.74111091478386,17.53416597647686],[73.72779762889573,17.52517351317998],[73.72097117192654,17.524916316773492],[73.72049720676765,17.51756734904658],[73.71484749703076,17.517127086773208],[73.70432217215988,17.504836960448475],[73.70970410382239,17.499472136751972],[73.70824521209985,17.49415621072128],[73.69373878669053,17.487431719772502],[73.69540484283435,17.4782880855476],[73.70595494791303,17.465922129959704],[73.69990755213381,17.453433613409786],[73.70658676890291,17.44489082703333],[73.70335999311693,17.437971799071136],[73.7081238461976,17.433829966374553],[73.7040759202108,17.423439029727316],[73.70167250784327,17.42064965533041],[73.6899751169192,17.422197447952904],[73.68081392373477,17.41499661549413],[73.6731393051143,17.406034298760613],[73.66836323070079,17.39334453611023],[73.66006308041133,17.395380390432376],[73.6541680048535,17.387400774646036],[73.64888398962604,17.397835840389618],[73.64429919543392,17.397638232356986],[73.64078171755513,17.391196267711482],[73.64538469159355,17.38177600807833],[73.64962930413868,17.384290176935583],[73.6575014237669,17.375252116769364],[73.6580985983738,17.37717719685179],[73.66756593074957,17.372402778731825],[73.67397860940245,17.376555472390464],[73.68025685247402,17.37483701358175],[73.69136175901858,17.35937737717995],[73.67384813994249,17.34766625585524],[73.6833699007164,17.348691488569003],[73.68569372116744,17.34519297616654],[73.67954918006349,17.330588932158825],[73.68498132338622,17.314654462240924],[73.67814294195382,17.294777434460006],[73.6881035047567,17.29026691167837],[73.68981397080381,17.285637583993456],[73.68691550223554,17.283155832928202],[73.6912747364985,17.277652807106318],[73.68827620172318,17.267722919947868],[73.69464066080118,17.260517640971667],[73.69108482761118,17.24347216780759],[73.6928191018337,17.230646909358807],[73.70562023273874,17.224760686064997],[73.7105647843236,17.212150434846684],[73.71518844267355,17.20921786770559],[73.71496156662029,17.20353094027996],[73.7057794024735,17.18986525536373],[73.69806195970915,17.180672309116225],[73.69338530616142,17.18024966135629],[73.70867427023309,17.170245356590232],[73.70708084896985,17.163481211613664],[73.68861545285012,17.15679750010269],[73.68931498061737,17.141809410498524],[73.69448239218418,17.138888858489324],[73.70980473604087,17.141075284231203],[73.71678283284157,17.131246580828627],[73.73648608225739,17.12143898490111],[73.74473926642054,17.131255109898753],[73.74980593226144,17.129492782630468],[73.76866832397117,17.1092909462366],[73.77831741470843,17.108345268785076],[73.7844946266075,17.09821124980534],[73.78997986803967,17.09488587275075],[73.79332996399083,17.09928420497877],[73.80711046873243,17.086221851883543],[73.8036023174123,17.062521786597774],[73.81724945541013,17.065507042049887],[73.83254894973112,17.058229035489802],[73.83396509017273,17.053516310940292],[73.8248406391354,17.03768413834204],[73.83156009812427,17.023120715793684],[73.82742389091452,17.011646464207878],[73.83412763533232,17.00134889734695],[73.83121712827881,16.989487147967285],[73.80923447305251,16.987949329570938],[73.79717623145545,16.99267439283583],[73.78596211259976,16.993065563989422],[73.77585688516695,16.97267999186493],[73.77212044121492,16.975039632182888],[73.76216500994576,16.96173689476897],[73.78956802234053,16.939647396252386],[73.78995047607714,16.93487118195199],[73.79515996351667,16.929917279458184],[73.79104684163705,16.930636431945786],[73.78776237120894,16.924075840817373],[73.79221117100869,16.92328197533301],[73.78837476889932,16.90689397700594],[73.77703470288017,16.910693449109953],[73.77051516873236,16.908010570107187],[73.76477862990474,16.90981622402802],[73.75925728293869,16.90359079192612],[73.7540722893287,16.906617160381796],[73.74763980219542,16.905170832294676],[73.74242591308946,16.917813152915617],[73.73652507054072,16.914723580879805],[73.73871499176221,16.90737927455592],[73.73576470897804,16.90175008267314],[73.7396430352255,16.896195337279437],[73.74737579843902,16.90425685113721],[73.74667230338713,16.88440097672604],[73.76714252036999,16.865929007166734],[73.76418942733612,16.862059053023824],[73.76667553267167,16.85468013737027],[73.76183619165263,16.851498471671274],[73.76583786144813,16.844191645695705],[73.7663424140223,16.836888802886737],[73.76272938285332,16.834696353440275],[73.76492528056993,16.829024531292276],[73.73782324455364,16.84509381771858],[73.72752445267874,16.834603608117504],[73.7237957068921,16.839085453098388],[73.71694811144604,16.83671391326039],[73.71141988209743,16.82791973688526],[73.72904547753924,16.8208096568686],[73.72755150642854,16.816826725466882],[73.73297925489501,16.816163401928797],[73.73546881219552,16.822459299002343],[73.75170270787439,16.810368404265333],[73.75033273548516,16.805720727690627],[73.76045040185689,16.80253800561141],[73.75997073861349,16.791564277826694],[73.75429545314863,16.783351409377328],[73.76083977253016,16.770013404476636],[73.7704717173037,16.770521554733733],[73.7741849011221,16.777550683959436],[73.7797968279934,16.77940962257155],[73.78494267077387,16.775866062339013],[73.7861366546589,16.76781612946841],[73.79080962871922,16.762632600057376],[73.79757701535492,16.76090813305553],[73.8123279219653,16.76898347184391],[73.82872257431218,16.75400295657216],[73.8274177511855,16.74316421895873],[73.83483133520971,16.74240003062378],[73.83758914904931,16.736489733094164],[73.82947171608176,16.727995445830068],[73.82588786356166,16.715224217582126],[73.81790091287017,16.714761668790423],[73.81087639693904,16.70823062495868],[73.81671254376525,16.709079973250905],[73.82530003727497,16.697261726006836],[73.84231244192738,16.69414305628536],[73.85958179408455,16.681176138638545],[73.85029084273783,16.673443683575787],[73.86307783963171,16.670601124557038],[73.85680922908082,16.659253318674942],[73.85320554540847,16.658929127872977],[73.85647087817202,16.655900262613237],[73.84905665266099,16.65006015908467],[73.83987269450859,16.65312845442152],[73.83026617306186,16.649056716007046],[73.7957635909997,16.663057619304144],[73.78409960162502,16.65930382153567],[73.77935296920745,16.664378161728855],[73.77175956501975,16.665212140963437],[73.76833955539831,16.661606295947557],[73.76987808456516,16.658877858401578],[73.76486603309601,16.643745057991264],[73.76097571619852,16.644804178599184],[73.76011063523944,16.641582601906784],[73.75641917384299,16.644386327056665],[73.75354207641664,16.641796029588086],[73.76068404248475,16.635176847338002],[73.76094451041027,16.629563336093803],[73.76986022955974,16.624792186308166],[73.76576711870234,16.612511582953324],[73.76769170640159,16.603263342942657],[73.74181184814044,16.599832426577247],[73.73190096621799,16.607996767341373],[73.72400782326838,16.603694619185372],[73.71999141357583,16.607601961133856],[73.70945586201042,16.603112054552213],[73.70007678609798,16.624264977081943],[73.69056901052217,16.623865032268917],[73.67555125622133,16.607939996201978],[73.67356744395705,16.594444358776848],[73.66896967471794,16.58864369755455],[73.67067158649687,16.584068292097566],[73.66131601638003,16.589085334005702],[73.66592833746867,16.581226971072375],[73.65657182338875,16.575055249094454],[73.64849780913714,16.57561816435707],[73.65006432973286,16.5672864607262],[73.64600338742696,16.561953169827728],[73.64127703494242,16.56066580491078],[73.63612227563287,16.563509258320117],[73.63234590912654,16.559192638160447],[73.63528960189905,16.57213008093789],[73.62731359593845,16.582793314376115],[73.62207680067802,16.58312077491618],[73.61479562897692,16.573904183711605],[73.6121122904941,16.55702919501642],[73.60056168236105,16.544461161689725],[73.59167466845963,16.540638374113374],[73.57875663771671,16.54540270582634],[73.5655808364781,16.52968820583732],[73.54034586755901,16.514221991329],[73.52543180515359,16.525140541015364],[73.51978562353933,16.524276275394335],[73.51054159889313,16.51671648408216],[73.49797700628481,16.520389673929756],[73.48032175657286,16.506701202344],[73.4743872643773,16.496964193900578],[73.46659585893465,16.493680139478393],[73.43392291572596,16.503710697043942],[73.41570421461076,16.51468787157754],[73.39447054135401,16.510435968632134],[73.35875103598889,16.523707120679155],[73.34993590536659,16.53125433900686],[73.34976285860442,16.53879883626624],[73.34422577155024,16.54876767468025],[73.34944601037441,16.55115164445531],[73.34650370349239,16.55630494561101],[73.35680281687843,16.55328864143035],[73.35556057374018,16.56594835028709],[73.34626602510987,16.565094634452905],[73.3430210904641,16.579109940049957],[73.33005564296566,16.57746957288543],[73.32190647587078,16.58400331155925],[73.32217547651003,16.58973510823707],[73.31864768560526,16.59302345340768],[73.31993718156876,16.598525491401887],[73.31742066184128,16.601666994333243],[73.32069450835627,16.606870855328097],[73.32545614156153,16.60508097017347],[73.33073590941869,16.608630081802595],[73.33940308467959,16.604684025746344],[73.34780120160312,16.612584285993123],[73.35345357460179,16.607757378726948],[73.35231607696241,16.6159275082454],[73.35519457553598,16.61895063052192],[73.35214774542736,16.624889509716994],[73.34569602597668,16.62072583554332],[73.33744948046517,16.623601281134544],[73.33353953698128,16.61863420776933],[73.33045054967066,16.61985885186976],[73.33401298110327,16.62629378221817],[73.33991909230369,16.626265281068058],[73.34222369685607,16.62929677542905],[73.3391063170518,16.637805438345808],[73.32943950464936,16.641792952573475],[73.32745312480597,16.63710936393917],[73.32301832281524,16.638616683027355],[73.32378467346554,16.646778409739195],[73.32822939097008,16.645690405313136],[73.33305481316376,16.65057375221801],[73.32971591035307,16.68739489128029],[73.31910802430183,16.69774285660679],[73.31921090493717,16.70638601886041],[73.30538960092478,16.730277129455157],[73.30709939010494,16.747948622034823],[73.30444198882238,16.76587181860616],[73.31031358795272,16.784502955580788],[73.3191381124357,16.795338389087622],[73.31619186206524,16.80610457603849],[73.30310716178255,16.809477724422894],[73.29635455843643,16.81638118164709],[73.29504683965301,16.83913218663921],[73.28913856723291,16.84429213612248],[73.29418739528334,16.850171295838717],[73.29158649976398,16.85220997409014],[73.29353665983635,16.856034216803643],[73.28938577291441,16.8583687867421],[73.2955751958214,16.857917036829654],[73.29580177992044,16.860357161030446],[73.29380438492024,16.870500727421682],[73.28760262264849,16.874915928511836],[73.28743007909401,16.880895917835126],[73.30300254990068,16.891410532766567],[73.29387002457331,16.898444463298688],[73.28754943743898,16.89729046670443],[73.28794695437598,16.89408627627376],[73.27857608472885,16.893036716690975],[73.28165230203165,16.898087558503313],[73.2807280592199,16.90475236385967],[73.28527367883596,16.908180765714693],[73.28757860901274,16.916408561508543],[73.28329543800324,16.930798532077375],[73.28753820868029,16.93125566308857],[73.2879079614543,16.936909399239106],[73.28318352857805,16.950367978851187],[73.29250068881416,16.95501169228698],[73.29650306174678,16.9672777072733],[73.29541658779586,16.978934985462587],[73.29971793557071,16.981884014495932],[73.27928005690099,16.993400051271376],[73.27618465617545,16.98480622335558],[73.27123598944306,16.985092183738118],[73.26725929176858,16.99095172137062],[73.26781394535294,16.997471990259196],[73.27023675140934,16.999973969494775],[73.27401771121981,16.997724269603122],[73.27695628024422,17.00149755997482],[73.27915106856402,16.997602617745823],[73.2818086349734,16.998495073711506],[73.28405330033584,17.01109622819269],[73.27604076988047,17.023449956790333],[73.26774035989881,17.024985419696787],[73.26568863422715,17.02092683311315],[73.25863989927173,17.019859344057824],[73.25536795360067,17.02771270089921],[73.25867586356598,17.031755543731702],[73.25821254838993,17.04877497806356],[73.26886719548546,17.04486465758625],[73.26770052210587,17.038393801266547],[73.27914133901747,17.037559826586328],[73.28670819987465,17.054251232927157],[73.28905186477024,17.07440969364478],[73.28773646916166,17.07802954165424],[73.28347795334132,17.07882811623657],[73.28630954957416,17.084474194489964],[73.28204241358695,17.1085689490556],[73.27777643866901,17.113415737165283],[73.26764734753571,17.11474359269329],[73.27231325143411,17.121217081142625],[73.2651530757281,17.15512903137335],[73.25344647300595,17.1883080742279],[73.24873169638279,17.192202765525014],[73.24493025301247,17.190549723456353],[73.23640331323827,17.193889474848806],[73.23162620474139,17.1991438019709],[73.23328264720256,17.201522556840253],[73.24252848426235,17.1981619500731],[73.24663998538526,17.204306932640222],[73.2446905268116,17.222389729379852],[73.24155386608375,17.227586981121753],[73.23542788048864,17.227616964369496],[73.2312562805436,17.24672697032253],[73.22410069460705,17.248418958361672],[73.22850174181181,17.25105971329194],[73.22665743139467,17.256483809100754],[73.22272438638038,17.25580077093362],[73.21977567773814,17.270354983756118],[73.2102211736455,17.278039872214197],[73.21004336658872,17.270841255810474],[73.20561144916827,17.269571334539027],[73.2016059378976,17.282004980496108],[73.20298826980233,17.289217134529906],[73.19063850518101,17.299308883163196],[73.19690175737267,17.306796998201815],[73.20541526822014,17.299156906153705],[73.2116730713979,17.30336658408544],[73.21150909752708,17.3070145310082],[73.22265123036745,17.30632511672496],[73.22614180739893,17.301850868587785],[73.22510392620651,17.295629779461066],[73.22924747933396,17.28247770391506],[73.23315523962506,17.28577237146331],[73.24060233486115,17.28534975319073],[73.24943699876658,17.279926138202498],[73.25759712258272,17.279764992299093],[73.25877070709026,17.2860301337298],[73.25540993889345,17.2907764488974],[73.23555637841618,17.28810799742578],[73.23496282165898,17.303694326641395],[73.2392827268603,17.3098662457325],[73.23876281028758,17.317041471434838],[73.22461232445116,17.32229514221897],[73.21890237105445,17.32855015309373],[73.21989955984574,17.3331049353621],[73.22944738200155,17.335161182739853],[73.22610744892248,17.33434447003963],[73.21480608323678,17.346314299717122],[73.21910416059703,17.35307259723228],[73.21131716769705,17.36072834523232],[73.21359465811975,17.370163151324466],[73.20895615721108,17.371883080040508],[73.21067080419587,17.376296832169192],[73.2055811315619,17.387330290485774],[73.20204621096458,17.38974210662841],[73.19641580600397,17.38566227668375],[73.19281384910974,17.387618637944268],[73.19109204793041,17.3841891540143],[73.18333128689221,17.384076696209448],[73.17521204608275,17.389625243638662],[73.16769643293622,17.403052709296396],[73.16884576346418,17.40971192397616],[73.17674894653159,17.407814303734543],[73.1861024973046,17.415011414852373],[73.18600191536272,17.430211633449275],[73.1986512903594,17.439085603127864],[73.196981147142,17.441960368672774],[73.18452756789692,17.443138181226924],[73.18449742392426,17.455705210755724],[73.19231356305546,17.46385988343349],[73.19218043706515,17.46995737362097],[73.17392559260318,17.516907269265914],[73.16103828405836,17.528735368598568],[73.15383485911579,17.5281968063103],[73.15100269797249,17.537674313866212],[73.14114194270796,17.54674030095939],[73.13710165945221,17.555890981552174],[73.13999851287585,17.570202296571647],[73.15018435860101,17.574128467543204],[73.15273313897691,17.598709331269895],[73.14820849057875,17.59869346294744],[73.13831542142495,17.609597178254475],[73.13511606351284,17.628228768644842],[73.12754995758964,17.638028771302167],[73.13480072802237,17.647613618135814],[73.13170460562274,17.656218660538453],[73.12090933067884,17.667460795539704],[73.11427790962833,17.685733029481888],[73.11434684800089,17.69517183876174],[73.12532059346792,17.69944153314261],[73.1293174507511,17.706127144815714],[73.13515102782807,17.708645639135913],[73.13309584113077,17.72441721869797],[73.12516010694954,17.741823382484625],[73.12591516796668,17.752745147493457],[73.11933605817529,17.759658864589323],[73.12122005875085,17.766698838712166],[73.11790290160752,17.76682037238546],[73.11081033122277,17.79018690597114],[73.10659325052427,17.793018650586404],[73.10314949717959,17.802982060059453],[73.09404042849313,17.811710310013556],[73.08935798019385,17.81234051931663],[73.09627049968933,17.82584942787628],[73.0887073645985,17.835188454174318],[73.08516680081378,17.85685413066651],[73.0755656580974,17.87546150411125],[73.07500240440204,17.88252567976585],[73.07019029057084,17.88211861425354],[73.06682388496864,17.88681939262029],[73.06795571544889,17.891319511833416],[73.06145334469383,17.892111697970137],[73.05120810958935,17.906341252816684],[73.05470183266013,17.909616698130506],[73.05088323988669,17.93074656442457],[73.04643328354376,17.93450828331691],[73.03856742944623,17.93523513224678],[73.03178056964563,17.941054065985327],[73.02885051225638,17.949555038065935],[73.03132956925668,17.955414584038106],[73.03026170884245,17.96802746793202],[73.03833229001062,17.97482656133902],[73.04026450721025,17.978437789700994],[73.03668302573827,17.98271258111954],[73.04137198529416,17.98598576141744],[73.09225777497538,17.989709863427542],[73.10258479825913,17.982114715445],[73.11462133624765,17.979593869241416],[73.11773177227332,17.98110855284958],[73.13220186988498,18.014022757183316],[73.14937337174275,18.02179709680353],[73.15132876161715,18.033282683179824],[73.17245706169726,18.05836739379519],[73.17808795011196,18.061094910092436],[73.19137844679953,18.058347736123796],[73.20157102432802,18.06905415448988],[73.20889985766044,18.067389359878874],[73.21060863464173,18.063429599440443],[73.21115208790924,18.06183438791098]]]]}},{"type":"Feature","properties":{"OBJECTID":555,"STATE_UT":"MAHARASHTRA","STATE_LGD":"27","DISTRICT":"SANGLI","DIST_LGD":"531","REMARKS":null,"Shape_Leng":947268.376009,"Shape_Area":8391930254.75,"sourceDistrict":"SANGLI","district":"Sangli","labelPoint":[74.76784401930288,17.11387573608341]},"geometry":{"type":"Polygon","coordinates":[[[74.90903434289929,17.62089865867772],[74.92371629497083,17.619281762274692],[74.91492227054562,17.601455757077026],[74.91744670249001,17.598201469470986],[74.91543996361028,17.580034845040448],[74.92047612201003,17.576797299314833],[74.94434557782206,17.590788333748236],[74.95307760825428,17.587845480585365],[74.96186059426216,17.59146401560273],[74.96246856230209,17.56207449529976],[74.98512081514107,17.54489336014755],[74.98409843320262,17.538206607202273],[74.95896880803957,17.522329983739535],[74.94314972549448,17.521889083920122],[74.9367943946685,17.510315333106593],[74.9430919885912,17.507399389578893],[74.94785383613413,17.498436012314095],[74.96057742699702,17.4919984015974],[74.97340443892372,17.466130751077145],[74.98025828628784,17.465788416603942],[74.99007013111806,17.475691100905735],[75.02711965039927,17.495259200423288],[75.03173359503651,17.495685472194413],[75.03807369424042,17.48896371227787],[75.04179438622138,17.470113378045966],[75.03258672045521,17.444946136937865],[75.03514191951541,17.418083371414376],[75.02326094117326,17.407935290181342],[75.00474426261076,17.41347700830352],[75.00310933543648,17.408770158421692],[74.9977695140132,17.406639337424554],[74.99950475693693,17.404203995189302],[74.99442794477291,17.39262272698455],[75.00145893402237,17.389179248192765],[75.00831956458768,17.368205125637193],[74.98335865141769,17.35549214221653],[74.96797484954767,17.341420138655412],[74.96748861382972,17.33077672023972],[74.97043840020852,17.326917599854358],[74.95977433199548,17.29308698017607],[74.93668279444158,17.28538930949067],[74.93524456041334,17.275520220398473],[74.90902449017574,17.27597354719222],[74.8995116447975,17.263672522445734],[74.89806442189058,17.241525968709574],[74.89272559089376,17.239715742090088],[74.89446947882038,17.236610434884163],[74.89159339115095,17.234835397454244],[74.88554600446841,17.23516322779095],[74.88522480829016,17.22080333343216],[74.882429248372,17.218238833354093],[74.87777983421363,17.2219709203667],[74.87233275188223,17.21988621993434],[74.8762938611202,17.217694115990952],[74.87705711198365,17.212100237769015],[74.8670776046407,17.217653306384413],[74.85734429283339,17.215417761793347],[74.84833021126322,17.203700242191275],[74.85735478628871,17.21169035874933],[74.85836001399421,17.2082608153097],[74.85411616855725,17.20285187669257],[74.86245634866688,17.211292605925074],[74.86519152512861,17.210440862477892],[74.86218219397476,17.208282708266804],[74.86505755001834,17.20548968645796],[74.86753130802207,17.20513886446299],[74.8688241440994,17.21008827939074],[74.87106583394825,17.208870547396078],[74.86939341423246,17.202417907435777],[74.86249205281841,17.1964528756921],[74.87097907870029,17.197887162936958],[74.87127016597326,17.19017001519777],[74.87459361170838,17.194497670436114],[74.87996903260228,17.188688063903403],[74.88573987002661,17.19580174312992],[74.89454459100591,17.195268348057606],[74.89476045804037,17.19114786212902],[74.88603794302152,17.18979257967542],[74.89355073817352,17.18329518807055],[74.88653389737654,17.181261925049444],[74.89558714761186,17.176371402894755],[74.8994341517673,17.18396196359277],[74.90038920133324,17.176817315124875],[74.91860703590446,17.17369062710942],[74.92092497152093,17.16590541324155],[74.9409769869512,17.169048779842125],[74.95001312048376,17.17388021563186],[74.94647322102462,17.184970481347534],[74.95190550337891,17.185804152846604],[74.9495851927531,17.192930814747104],[74.94595806276759,17.189298480626757],[74.94390324954998,17.194409209056083],[74.93966557990541,17.19228605033381],[74.9418754562918,17.198814230977774],[74.94727273582274,17.197005061086127],[74.94754950398158,17.20123049866365],[74.94362969186085,17.20469962141408],[74.95238148429797,17.202870974927297],[74.95351226240497,17.198809563041113],[74.95829229177173,17.201361273169],[74.96496265133919,17.19803651367726],[74.96401873724145,17.195129873769808],[74.97671495461596,17.19286369767426],[74.98513873829256,17.204860978618793],[75.00881026878618,17.209281026431587],[75.01616904304488,17.224704850730845],[75.0777055878683,17.221591923186864],[75.07513791419046,17.233967746326833],[75.07959686110328,17.247600140986798],[75.09378072209014,17.251609082322307],[75.09480902600508,17.24814017322262],[75.1000243471648,17.247132366604323],[75.09918463935847,17.24405134707885],[75.11276630744904,17.242869558733517],[75.11418709378059,17.23966200297893],[75.12476435939597,17.243444804453016],[75.13372607263314,17.240638702792946],[75.14297761219461,17.244013888340003],[75.1765710456788,17.240155025845034],[75.17973206020503,17.235698880468508],[75.18997396022696,17.250965157631235],[75.19364608547276,17.26820902972063],[75.20450596202797,17.27036365354674],[75.20384367682631,17.264035850392204],[75.22527009279685,17.254358047730495],[75.24729448735529,17.255459208793738],[75.23934918455568,17.23983701829122],[75.24018633752324,17.218233582012026],[75.23191129483203,17.212816787163696],[75.22762664131389,17.213601991787915],[75.21684381391529,17.204672852789543],[75.21629700201484,17.195345873046932],[75.22223697271234,17.183646149806023],[75.23538751148575,17.178749289773215],[75.26825062253626,17.183337146226066],[75.2663227176996,17.17909359625935],[75.26994946735488,17.17957342320386],[75.2702741583695,17.148375219947877],[75.29622534846881,17.14598091914123],[75.30459278567601,17.169370246409255],[75.29988496736536,17.17869753479345],[75.28282860740224,17.19587515870642],[75.28276841905203,17.207006028618217],[75.28718157545967,17.215657578053982],[75.31701508951777,17.22041839736645],[75.33024403876152,17.218103116200194],[75.33477822049272,17.23955083514956],[75.36564933583844,17.236193821666284],[75.37055143788129,17.21718663105953],[75.36995009539346,17.190502550948302],[75.38908881165918,17.190649055778835],[75.40675883045832,17.18472420755743],[75.40631541683999,17.190621462201005],[75.40884974621076,17.190803812914147],[75.40222806404113,17.211510665774966],[75.40957428345136,17.22974675103767],[75.40833083828316,17.23934197785623],[75.42091149942314,17.265883864243715],[75.4285047209463,17.26799222856152],[75.44430934737518,17.254791360235078],[75.46579116098893,17.25184269801527],[75.46720993819031,17.244434244114018],[75.51544714648905,17.240362873468573],[75.54236750849978,17.276934889021717],[75.5795920982804,17.29272714429547],[75.59300430309354,17.303288959120007],[75.60383885486145,17.305388218876207],[75.62240761750174,17.295103209952327],[75.62547273973678,17.285319676005177],[75.63021923444175,17.280839363468626],[75.62784893563398,17.27433959248248],[75.65416859993219,17.273815180632266],[75.65771605219102,17.263207729582838],[75.66191164739169,17.214577575106528],[75.65539022274551,17.205533057314682],[75.64259142765725,17.197648115387583],[75.63993016963123,17.18886507578817],[75.62843445876932,17.188657929343595],[75.62537655371713,17.174000319047767],[75.62825991546279,17.16269410920174],[75.64520254810247,17.144214792830237],[75.64953162528082,17.13437647715506],[75.6503469434203,17.115692335250326],[75.67228865061014,17.11599583882964],[75.67234391803053,17.10140275517092],[75.6757860171738,17.095291365136937],[75.67336557628572,17.091198656929965],[75.6787383999238,17.077150878677525],[75.67671537207126,17.065415865997085],[75.66039525801267,17.06450266286838],[75.65030724980335,17.05725501192551],[75.64099845053467,17.037581447374492],[75.64999395908163,17.03223808025545],[75.66969398973228,17.038160278812473],[75.66607515299137,16.979771604078575],[75.67183737375176,16.975925529216216],[75.67255201470931,16.970128763829987],[75.67708215106933,16.969002697607976],[75.6751339565761,16.965545780200678],[75.66990533188725,16.961823945436745],[75.65539851243375,16.961525944287985],[75.64853670117131,16.95870962738357],[75.64598001676532,16.954010956640158],[75.64205773100741,16.95455112857617],[75.63393196771591,16.97025916245292],[75.60786302980082,16.97099707593649],[75.60688752270026,17.0045658153388],[75.57309716202593,17.009606460158597],[75.56721895274987,17.009046270625564],[75.56765208586155,16.965745872864755],[75.56413248007887,16.9679112858739],[75.53917311200745,16.965480292132945],[75.52931415993646,16.96939982867332],[75.50966132414617,16.950250228393134],[75.48907765897383,16.944422722651318],[75.48916794044429,16.959114583623816],[75.48323647609578,16.975994583779247],[75.46618254738411,16.98131170116648],[75.46555223206789,16.988365009898253],[75.44160345725483,16.98223109528469],[75.42787797625371,16.966494552590238],[75.39213506510168,16.980090668293187],[75.36854320050931,16.971951365076272],[75.35005086461487,16.95781647280881],[75.27960265609993,16.956556358500837],[75.27938271422883,16.92332832983789],[75.28290142943969,16.909716320721742],[75.28993556474498,16.904025804357474],[75.28202992495272,16.88029047648767],[75.26471971792044,16.8627998148636],[75.23766094201224,16.86794085127334],[75.22763972183712,16.84317550458755],[75.21420223843339,16.841699216049225],[75.1818474893659,16.84340231732591],[75.18898739984249,16.87528025723939],[75.17657597633706,16.86770702713447],[75.15555354796287,16.868555718462982],[75.13648321186113,16.87448789752551],[75.13245907198643,16.88942262917726],[75.13484248226455,16.894703917748405],[75.12032278832658,16.90253045324755],[75.11748241444224,16.91344466911224],[75.09630858521491,16.913743264812126],[75.09179758885902,16.926046319533338],[75.08933369997567,16.951582160156207],[75.07435231786978,16.9500154081904],[75.06203577243801,16.9415214795522],[75.04453926144673,16.941729555619425],[75.0357666154389,16.93284006591108],[75.02643459787431,16.931924993141777],[75.02523483967842,16.92800233721301],[75.02658570255244,16.944136297798995],[75.0044957469887,16.94626982089238],[74.99290892777563,16.952070429808895],[74.96435506351163,16.947633234109325],[74.96751294901583,16.941607576968416],[74.96063632203175,16.939951351172244],[74.96015563973987,16.937255693719166],[74.96567586716193,16.929858323034527],[74.9645443823122,16.926776346974208],[74.95041761718471,16.932947073345996],[74.94760297441819,16.93934880939311],[74.93170715757086,16.944755208923386],[74.92316465032138,16.939306557546],[74.92177566053029,16.92986165984607],[74.93421549064108,16.92422837196333],[74.93265599030664,16.918905677600776],[74.94435477723181,16.9108368153763],[74.95485771427602,16.910169849246163],[74.95534990963404,16.905343065557986],[74.9635785539934,16.909711327082373],[74.96036076715126,16.88094723355524],[74.94438212612184,16.882700749711045],[74.93592363067418,16.879236356429075],[74.93522135515616,16.87106513718807],[74.92554829311185,16.87202984828316],[74.92401808443697,16.867134493606613],[74.92649718969827,16.863538296273493],[74.90151566246004,16.862550215845623],[74.9076070489765,16.850173604186224],[74.9102930555847,16.83514164686108],[74.91081672807357,16.789542335747196],[74.92014360852946,16.77249920213703],[74.88986584439262,16.771257398736786],[74.86935895820827,16.774065899495028],[74.86568192598043,16.763360269658143],[74.849820434773,16.77275560312271],[74.84451276172237,16.76181545366581],[74.79874428009462,16.753655271863103],[74.79574934227173,16.74774693544956],[74.78336551486643,16.751320862252143],[74.7719695844538,16.750682255273407],[74.7693717969963,16.744814148909693],[74.76034773883627,16.74127291189951],[74.75276436826314,16.730857299890502],[74.73209174467391,16.718324017031723],[74.69223379388242,16.715333312302047],[74.70045993659545,16.730548969194125],[74.69856928253839,16.737171615330602],[74.64583311569888,16.752363001353128],[74.64257805454507,16.756770569358054],[74.64154240007356,16.77279436158078],[74.62943318240224,16.787951267351932],[74.60465700563235,16.79939874818625],[74.56059510324417,16.806218643312594],[74.55443341446049,16.824604884904808],[74.53457814763381,16.846178320350006],[74.52870611858275,16.845796314420895],[74.51793175609578,16.85238861884579],[74.51694370210924,16.85813793388632],[74.51295484505874,16.851349304022403],[74.51456289425386,16.84086239714335],[74.50226892242031,16.83388146530763],[74.50057313306654,16.829630541181885],[74.49542438165957,16.835120033930526],[74.49503355931812,16.85781432046619],[74.4725566798553,16.86847744986071],[74.4584267203134,16.852974153461812],[74.43879083213513,16.85160571768353],[74.42209113290339,16.843849554629195],[74.41464015496497,16.84395120454691],[74.40405545827538,16.851384553033228],[74.41441062354575,16.864902226472008],[74.41567646379434,16.877674625310377],[74.41294121358031,16.879626015748826],[74.40360274226788,16.876410066361252],[74.40152897081484,16.883007212761832],[74.38805507168222,16.870190549383555],[74.3785325972437,16.868680050369544],[74.36202953901608,16.853442261676122],[74.35537144582919,16.86253464430826],[74.35419965320523,16.872776335705108],[74.3455540654707,16.873555211404376],[74.33708589862628,16.881303858653716],[74.32577775218478,16.877841058469198],[74.31438295392255,16.891315564800102],[74.30441168591243,16.890524739080252],[74.29554820813922,16.894641142359973],[74.28181621767581,16.91851584064579],[74.25722998118815,16.906509241609644],[74.24695325383574,16.88641952941646],[74.23641110467938,16.88612373249587],[74.23218655359389,16.890378424026142],[74.230858460027,16.903333904398448],[74.22316543869115,16.913686547261072],[74.21627335563917,16.91165038441184],[74.20973385708257,16.893019421039433],[74.19183557225941,16.893889846153293],[74.17519633362845,16.902536574117022],[74.1636188914235,16.89866141384691],[74.14558992276665,16.882731441694904],[74.1350860542016,16.888102516316078],[74.12073139306403,16.913177327938556],[74.10052770138675,16.910195314414548],[74.0914744316448,16.91826092596783],[74.08035840929759,16.907204783845682],[74.06570684437678,16.90237983371756],[74.06472390617974,16.910184515694354],[74.05316882880678,16.914333907914994],[74.04901329049997,16.921591410360698],[74.03841964004465,16.923875890089036],[74.03714749999037,16.938295744826572],[74.02296192158099,16.942304377269068],[74.02813383790794,16.951242069548925],[74.01981290263747,16.959368750460143],[74.02619030681805,16.963988603195954],[74.02074466202524,16.969967707602347],[74.0233538706637,16.98515173546378],[74.0103669535544,16.98787131758265],[74.00470395219554,16.992924630946003],[73.9985399454536,16.991445541576226],[73.99641397609405,16.995828245764898],[73.9908134751804,16.997172426402525],[73.98475040330148,16.986678780219496],[73.97504692128061,16.988618230327784],[73.96910342124262,17.006940093228696],[73.97887552673885,17.009610141410942],[73.97819443945407,17.036448070017606],[73.97367328056158,17.03573099838948],[73.95791765411775,17.05749597044871],[73.94810510846118,17.058711150876317],[73.94689987134979,17.06349696073139],[73.94025704394647,17.062946289674503],[73.93822337381351,17.06901026592236],[73.93043910069849,17.07481589767432],[73.92063947995706,17.075024252195874],[73.91381549452791,17.071433289319817],[73.91465644417599,17.075965448461574],[73.90425396837988,17.084779767261004],[73.90354934496358,17.097256714472547],[73.89988830420755,17.10238592375059],[73.87347018274872,17.117071403165802],[73.87116986031799,17.123378791272746],[73.8755330294434,17.12854242235036],[73.86410499295626,17.133502753822],[73.86252561443091,17.137570969362827],[73.85813313932076,17.137302872895926],[73.8533706274538,17.14881212744382],[73.84650450023783,17.154225504568007],[73.83892967339928,17.15646499746896],[73.82021767527017,17.170257073199384],[73.79918812310115,17.17123953292307],[73.79237721562895,17.178262636002618],[73.77587389004717,17.182077534947346],[73.76780585046858,17.174328808105194],[73.77709527187088,17.154073792343066],[73.77318791972877,17.14962895185047],[73.74723572647834,17.155085476861284],[73.74236318855164,17.160068948875008],[73.74472397608587,17.163610210660426],[73.74257173697906,17.17647975270648],[73.72912221764321,17.16901828490368],[73.71997193070747,17.169096919536514],[73.71317698832756,17.173687716463668],[73.70868215588543,17.170600291729297],[73.69338530616142,17.18024966135629],[73.69806195970915,17.180672309116225],[73.7057794024735,17.18986525536373],[73.71496156662029,17.20353094027996],[73.71518844267355,17.20921786770559],[73.7105647843236,17.212150434846684],[73.70562023273874,17.224760686064997],[73.6928191018337,17.230646909358807],[73.69108482761118,17.24347216780759],[73.69468563681698,17.261616221119716],[73.70135842932869,17.26488954289253],[73.70722137996569,17.26015629827069],[73.72037932676493,17.261554056489036],[73.73436526454942,17.277063092789792],[73.74535553945525,17.27856242311565],[73.75534282943737,17.267767173085346],[73.75939795644,17.25511964644644],[73.76554536945372,17.254296325230605],[73.76560767155517,17.250963387112726],[73.78444643824014,17.245221473061967],[73.7987049224856,17.244939899859066],[73.8091253487015,17.231850248895586],[73.81753916636306,17.23343616367886],[73.83467433327125,17.22603301533503],[73.85050221835213,17.198808825154092],[73.87002045088381,17.19196065486929],[73.8750350808419,17.17924947235052],[73.88194261684097,17.171314317630998],[73.88399864570967,17.155295841102504],[73.9012578316942,17.15954912332929],[73.91761318839504,17.148545459160736],[73.91823789531763,17.144909491352518],[73.9379674501607,17.134296278701186],[73.95649283420188,17.135308289739754],[73.97938838027656,17.131940152958677],[73.98462643769382,17.126029027709542],[73.98387158096627,17.11690401546429],[74.00855713644115,17.110254417411266],[74.02900567758454,17.09526813227812],[74.03042015654441,17.090380032250245],[74.04425289870045,17.099764166707452],[74.04912530549896,17.09704410125579],[74.05127000961033,17.105191236637424],[74.07430340298555,17.097827014972157],[74.07781608435559,17.10203429635254],[74.09634595294874,17.10188934532181],[74.10038491792523,17.11721276413873],[74.11115943665888,17.123941305552215],[74.11953372201279,17.122244085413016],[74.12898596481158,17.11453563465517],[74.13420485461239,17.11871708230603],[74.1420621221634,17.119312071150706],[74.15921539619585,17.128418352558157],[74.16282318510231,17.141020455454633],[74.17474151515678,17.142513487399818],[74.17740093284883,17.149172964450052],[74.19914110510503,17.15187628441683],[74.22112887182381,17.13978043908827],[74.24690593423085,17.14153940741802],[74.24701525165865,17.154879850851536],[74.23887803170577,17.153250468571304],[74.23275224951173,17.15583397737411],[74.2376749584638,17.15729168182215],[74.23860109799794,17.16071846200571],[74.24725101260391,17.160457259999305],[74.24651242336826,17.169315639304774],[74.25303894442487,17.170932213994256],[74.24794712232656,17.182935166922903],[74.26637009762852,17.187393362327477],[74.27747695311439,17.185821872435145],[74.27795660016305,17.17869519841644],[74.28712019660605,17.197787168308658],[74.28391776631074,17.207937530114584],[74.27654745831605,17.21320639690716],[74.26876485278038,17.21405997975864],[74.26606013732096,17.222307119758923],[74.28459472044024,17.233977198353077],[74.28781593040276,17.24744112614317],[74.28034428577402,17.249416849726863],[74.2745605327859,17.24679328909667],[74.27689483548592,17.24937733993832],[74.27514014219494,17.252922592451434],[74.26522409483246,17.25745348904144],[74.2570893386439,17.285328723566145],[74.26308770011737,17.28944052130951],[74.2562233014761,17.293390378695033],[74.26107256534655,17.299920104257573],[74.26152203909326,17.306649071700768],[74.29378643196327,17.312772220774576],[74.28722369429137,17.326084025723134],[74.29037038868927,17.326756645747814],[74.27902505184427,17.3365507571415],[74.28812277899365,17.35545603980067],[74.28666104397861,17.35860792454832],[74.27902088847459,17.36058860691003],[74.26029598616714,17.354989911706912],[74.25583939270277,17.35761251823729],[74.25428818846878,17.363344400820797],[74.25952023596606,17.36309822298617],[74.25666044379975,17.370351817573987],[74.26205543199389,17.37730787109743],[74.26043361868774,17.385653519018813],[74.27220750672572,17.396516966990212],[74.28393379399601,17.419395110064936],[74.29643844172125,17.425852468549923],[74.32920623673552,17.419149468317368],[74.34431419339523,17.41971928341221],[74.34394621298681,17.410592267336803],[74.39305506818476,17.40915174988312],[74.41734612538018,17.401926142749065],[74.43148739201733,17.39071779203661],[74.4683198187354,17.393919408184665],[74.47511478194293,17.388113746966148],[74.497954603372,17.383442128475043],[74.50449083444005,17.392493941157387],[74.52168813589762,17.405832945856474],[74.5224449260011,17.412717504894218],[74.52713234277309,17.414989448892133],[74.52749210469818,17.41918050767693],[74.54507010096714,17.422383178289078],[74.556176038078,17.417495389160155],[74.5643284796521,17.41907067544222],[74.58370719469613,17.41363886874891],[74.58352509684323,17.42793681042049],[74.58800328428761,17.436839171386357],[74.58841618791911,17.44621797664322],[74.59508444538402,17.449085401415026],[74.6055025091445,17.44595469971258],[74.60637016369549,17.438746229651265],[74.62405527703743,17.413900964947914],[74.62529974846993,17.404367317070477],[74.62249069698905,17.399350846157045],[74.63135212833598,17.401234132141965],[74.63766303945945,17.397294730882255],[74.64275272314956,17.400685490422447],[74.65293034667499,17.399784350658543],[74.66186144440394,17.39722946900594],[74.66972968449323,17.389511151897324],[74.68086052591998,17.39261810442421],[74.68492389825965,17.394131050650103],[74.68835216374708,17.402178003371066],[74.69245738138478,17.40164089741084],[74.68742298013922,17.40650268942661],[74.68949437257697,17.408349964842838],[74.68677577099942,17.409048871036195],[74.68252088603805,17.42303562928226],[74.69259407961806,17.429552156145025],[74.69192927393692,17.43564508991819],[74.69603579959661,17.43882276304459],[74.69461881483812,17.478284269179568],[74.68467703070081,17.48786450866183],[74.69557572915335,17.488994149208327],[74.71679860137851,17.485223741416224],[74.72535106959732,17.47863521527942],[74.7252412512936,17.474060600022156],[74.73135212691867,17.479653039928337],[74.75517128767054,17.476161351782277],[74.77654989180591,17.46392255840035],[74.80693513690662,17.452826519214444],[74.81670660904676,17.467668526148078],[74.82175216481089,17.46735936202241],[74.83431593734561,17.489365692359787],[74.84339939709862,17.49366876783439],[74.84909703493393,17.502950199494407],[74.86040416071889,17.51162126701548],[74.86000002542289,17.525516774985338],[74.86356745869855,17.52814138324018],[74.85654764389918,17.55975124983332],[74.86916483446217,17.563656495676717],[74.87635307646677,17.569901339753788],[74.88143966437733,17.583443834387175],[74.87962246183987,17.604275506221736],[74.88803737688825,17.611120165745753],[74.89055279311076,17.61767325790237],[74.90903515581859,17.62985173425468],[74.90837973713188,17.6219437431309],[74.90903434289929,17.62089865867772]]]}},{"type":"Feature","properties":{"OBJECTID":556,"STATE_UT":"MAHARASHTRA","STATE_LGD":"27","DISTRICT":"SATARA","DIST_LGD":"527","REMARKS":null,"Shape_Leng":725488.713588,"Shape_Area":10194658859.5,"sourceDistrict":"SATARA","district":"Satara","labelPoint":[74.17265230336174,17.66993383884762]},"geometry":{"type":"MultiPolygon","coordinates":[[[[73.85629773934879,18.1772758659203],[73.86673295473753,18.17546521971747],[73.86317568216151,18.165610970312613],[73.85837786880121,18.162628760750703],[73.84704101325089,18.16880062342807],[73.84733041204453,18.17562801010179],[73.85271068725906,18.178159457236898],[73.85629773934879,18.1772758659203]]],[[[73.89739848654199,18.175407467497323],[73.90047761014347,18.16220739201704],[73.90488133304568,18.159153624711063],[73.92210274863292,18.171739101840263],[73.93498241041137,18.172053212226622],[73.94518912743247,18.179052636368887],[73.96127063579159,18.16554868946242],[73.96182339643633,18.161679128637317],[73.98099799087771,18.154355705448246],[73.98134004021243,18.15149076386235],[73.99347148041025,18.15092206540425],[73.99321351363399,18.154682339991655],[74.00432848959511,18.161190981269463],[74.00893188761323,18.14857861289364],[74.02813073493742,18.132277683343993],[74.04333770219446,18.13552104803101],[74.04724104810343,18.14057840919467],[74.05311847225528,18.141622501990565],[74.06797433143007,18.13660733463342],[74.07572014046558,18.122419407024427],[74.08033619591424,18.12082210818308],[74.10087116510091,18.123120993456766],[74.11799948933691,18.13332087831051],[74.13749242617803,18.116833052433545],[74.14593206130724,18.122265446257234],[74.16251998395553,18.10804090457347],[74.18519932803746,18.112906566462268],[74.19595827443527,18.105055626459208],[74.20437315337482,18.10368417613999],[74.21014415326857,18.097249447423952],[74.23578714976523,18.099597530804974],[74.26282594359341,18.081032240361736],[74.27963533230887,18.074767288725795],[74.29472792810343,18.07407358686508],[74.30228773781732,18.067248687588002],[74.31034227070701,18.07207916994763],[74.31878434326971,18.07251335742082],[74.32748062473193,18.085232769493626],[74.35503928108923,18.096981237601458],[74.35907018795879,18.094894366961682],[74.36018970168217,18.08720230317533],[74.36844819680458,18.08463246527527],[74.3724545486482,18.07412720505441],[74.38380218743676,18.06956275702104],[74.39551504206746,18.0737226699166],[74.43625969672603,18.064772024886313],[74.45984116332978,18.046412255837147],[74.47358086085109,18.048661964064895],[74.50060809221709,18.06013788516127],[74.5335015081511,18.057923246082215],[74.54226309602316,18.061885006615025],[74.54740760993512,18.06837559221224],[74.55774865425035,18.07016403124449],[74.56265661354662,18.067312670040817],[74.56941230342413,18.055210891901094],[74.57841000428712,18.05395844933244],[74.58248525919123,18.046024642981827],[74.59043375311796,18.055958495569204],[74.61028643908182,18.046399667356482],[74.61985401556099,18.048416615326296],[74.62949275717006,18.05691969255119],[74.63585808480208,18.051620016595194],[74.63815925553455,18.044964573483252],[74.64180424776742,18.044301020609847],[74.65374702261532,18.058748463424635],[74.65401215631341,18.06796047207138],[74.6579578907423,18.069535527928405],[74.66651882427168,18.069306138180977],[74.67341668648497,18.06211172173816],[74.68408753455456,18.060094955290744],[74.69094304473408,18.038810781931033],[74.70199425898426,18.038128270301883],[74.71123830283302,18.02929941105313],[74.68681177200048,18.020523963717082],[74.66232705705167,18.003848959779308],[74.66743231491085,17.989934092272097],[74.66736233681766,17.97888158534954],[74.65559336273192,17.93689788542711],[74.65543308055346,17.925592813331143],[74.64903746754743,17.91565723460968],[74.64272138382287,17.915244507730737],[74.63224371182548,17.894387907902782],[74.63607202719281,17.873544633428228],[74.62868694386596,17.87028685446036],[74.62619631887527,17.8652752467397],[74.61191285130458,17.86218476941673],[74.60859924206007,17.85682567296859],[74.61227679495735,17.85333455998768],[74.60706300319706,17.845236499489015],[74.6105351836908,17.84322841088554],[74.61154375107247,17.84577655539599],[74.62114725772955,17.845204252686752],[74.61837355339364,17.8440001817329],[74.62076431349855,17.839630379866595],[74.61540959637928,17.83970470025733],[74.61802379142804,17.837109008676887],[74.6127019355605,17.833207716888165],[74.61744825282479,17.834486277771237],[74.61563623284397,17.830898071931486],[74.61887429107638,17.829142786101166],[74.62403164961634,17.837489155157932],[74.62516995379772,17.832337779545494],[74.63006867017147,17.834184510221316],[74.6293136237474,17.840092847167284],[74.63562562487242,17.829557140735844],[74.6431478821528,17.83097124720726],[74.63605817819122,17.83714591475594],[74.64849452449839,17.838775898384846],[74.63651949191646,17.84111283643538],[74.65196210063893,17.844396518709832],[74.64399578473362,17.845735006887647],[74.64359024156836,17.84864293009206],[74.64858369736072,17.850510814610015],[74.64740651667196,17.85525870104397],[74.652702988026,17.85793750911764],[74.65353678022414,17.863602321894934],[74.66275739214471,17.861795795999946],[74.66548769639662,17.864223204293097],[74.66667671922363,17.856987549961012],[74.67296139225328,17.85679206011141],[74.6727770259272,17.85360050077918],[74.67942745320299,17.850395855120336],[74.67790961456909,17.84043924890585],[74.68267677917817,17.837981325895882],[74.67762055878632,17.83514246302828],[74.68274207581398,17.834877180202717],[74.68402885807849,17.82899382869291],[74.68973301718472,17.830346886040875],[74.69112223505905,17.8282399620757],[74.68350495961538,17.826825069440684],[74.69471638606711,17.82141888728263],[74.6897464661654,17.823374813982866],[74.68974633906561,17.820234641138345],[74.68247069411822,17.81883276792667],[74.69006232558979,17.81674151080085],[74.68453664325031,17.812766809184275],[74.68799058884494,17.80893787183026],[74.68879898628632,17.811725230473986],[74.69231420387794,17.809446441339055],[74.69068185185252,17.80707025243979],[74.6932165064019,17.80569262404582],[74.69471478463431,17.812070378409675],[74.69836375060504,17.81374563472135],[74.69697258167021,17.80477858264478],[74.70387223091356,17.81057621023507],[74.69776761815196,17.804170901664758],[74.70020736303876,17.802942194244164],[74.69750034388379,17.800372189397915],[74.70278725949957,17.798885299440716],[74.69411311667402,17.797331221881112],[74.69960599078313,17.793441487207424],[74.70657821739269,17.796697358379387],[74.69940509247704,17.790165606763072],[74.70583529325789,17.792262169351027],[74.70555463183781,17.78891036425173],[74.7081868077881,17.788828755533725],[74.71328249876423,17.796224529123457],[74.71228391514528,17.7888028636076],[74.7149544343089,17.78683937548324],[74.71941691542533,17.79228720117007],[74.72135999496658,17.790569989309788],[74.72397637405618,17.794483238058366],[74.72681357029586,17.793615719231305],[74.72579996525307,17.797771819487334],[74.72840873455569,17.792474154973164],[74.73358202879265,17.795023002679198],[74.73542502277415,17.790765709874652],[74.74093580288026,17.788914833050686],[74.74838717246668,17.791550868715902],[74.75591346390212,17.781072032433023],[74.7561368977627,17.774225437637114],[74.75011288712527,17.781143083007088],[74.7507057148422,17.786366521382206],[74.74591358967675,17.78412938732201],[74.74831530904306,17.779767834387194],[74.74615275696904,17.778645499203375],[74.7514079822311,17.772395645598905],[74.74066783672204,17.775428271442774],[74.74367295235135,17.77124885109609],[74.73761431599124,17.76738180768498],[74.74501873624416,17.76905541728594],[74.74516134683101,17.766017843846488],[74.74813504568321,17.76784927716194],[74.74920747691876,17.76556986593414],[74.7544174011341,17.770197561683748],[74.75681108531252,17.76210953857679],[74.76077501828821,17.76894878367678],[74.75960188910929,17.76257963076297],[74.76330308140697,17.765279817448594],[74.76432380958303,17.76102906709786],[74.76754897945204,17.76948874109593],[74.77223767378067,17.768348806468577],[74.77149695927463,17.772653121836218],[74.77510820178175,17.770450944535227],[74.77392313626379,17.774205374366755],[74.77916958917605,17.776499865163913],[74.7858115016863,17.767292788272407],[74.78638919699571,17.761367242576796],[74.79944448022447,17.76156619297018],[74.80708281028123,17.755033691423076],[74.81472363046758,17.753539482319617],[74.8385241052575,17.727204622768756],[74.84761715515786,17.732145935720485],[74.84889478254051,17.724632713002997],[74.85960861488864,17.731052545756775],[74.86751204548652,17.73105995317675],[74.87183749328105,17.72702239764231],[74.86460403698732,17.705092769016062],[74.86410144036395,17.694197209426562],[74.8706874295241,17.69193929317371],[74.8742519418406,17.681725843180768],[74.88016941640043,17.68090376028038],[74.88351102682863,17.684799730458185],[74.88573890803615,17.682704869284677],[74.89100183362449,17.659038158698124],[74.89860753958405,17.64879859057],[74.8991058885624,17.640300582141833],[74.90610814986228,17.629282171962625],[74.89055279311076,17.61767325790237],[74.88803737688825,17.611120165745753],[74.87962246183987,17.604275506221736],[74.88143966437733,17.583443834387175],[74.87635307646677,17.569901339753788],[74.86916483446217,17.563656495676717],[74.85654764389918,17.55975124983332],[74.86356745869855,17.52814138324018],[74.86000002542289,17.525516774985338],[74.86040416071889,17.51162126701548],[74.84909703493393,17.502950199494407],[74.84339939709862,17.49366876783439],[74.83431593734561,17.489365692359787],[74.82175216481089,17.46735936202241],[74.81670660904676,17.467668526148078],[74.80693513690662,17.452826519214444],[74.77654989180591,17.46392255840035],[74.75517128767054,17.476161351782277],[74.73135212691867,17.479653039928337],[74.7252412512936,17.474060600022156],[74.72535106959732,17.47863521527942],[74.71679860137851,17.485223741416224],[74.69557572915335,17.488994149208327],[74.68467703070081,17.48786450866183],[74.68661644697694,17.483461552152665],[74.69395423939896,17.479893762918675],[74.69626627524994,17.468611794485255],[74.69377246624327,17.468091571860263],[74.69603579959661,17.43882276304459],[74.69192927393692,17.43564508991819],[74.69259407961806,17.429552156145025],[74.68252088603805,17.42303562928226],[74.68677577099942,17.409048871036195],[74.68949437257697,17.408349964842838],[74.68742298013922,17.40650268942661],[74.69245738138478,17.40164089741084],[74.68835216374708,17.402178003371066],[74.68492389825965,17.394131050650103],[74.66972968449323,17.389511151897324],[74.66186144440394,17.39722946900594],[74.65293034667499,17.399784350658543],[74.64275272314956,17.400685490422447],[74.63766303945945,17.397294730882255],[74.63135212833598,17.401234132141965],[74.62249069698905,17.399350846157045],[74.62529974846993,17.404367317070477],[74.62405527703743,17.413900964947914],[74.60637016369549,17.438746229651265],[74.6055025091445,17.44595469971258],[74.59508444538402,17.449085401415026],[74.58841618791911,17.44621797664322],[74.58800328428761,17.436839171386357],[74.58352509684323,17.42793681042049],[74.58370719469613,17.41363886874891],[74.5643284796521,17.41907067544222],[74.556176038078,17.417495389160155],[74.54507010096714,17.422383178289078],[74.52749210469818,17.41918050767693],[74.52713234277309,17.414989448892133],[74.5224449260011,17.412717504894218],[74.52168813589762,17.405832945856474],[74.50449083444005,17.392493941157387],[74.497954603372,17.383442128475043],[74.47511478194293,17.388113746966148],[74.4683198187354,17.393919408184665],[74.43148739201733,17.39071779203661],[74.41734612538018,17.401926142749065],[74.4045917216047,17.40691896509839],[74.34484246938736,17.410426780227866],[74.34431419339523,17.41971928341221],[74.32920623673552,17.419149468317368],[74.29233330165843,17.425020299453713],[74.29105880891245,17.421361663541564],[74.28183630995757,17.417289015316065],[74.27220750672572,17.396516966990212],[74.26043361868774,17.385653519018813],[74.26205543199389,17.37730787109743],[74.25666044379975,17.370351817573987],[74.25952023596606,17.36309822298617],[74.25428818846878,17.363344400820797],[74.25583939270277,17.35761251823729],[74.26066891536851,17.354925537429633],[74.27902088847459,17.36058860691003],[74.28666104397861,17.35860792454832],[74.28832937058655,17.353881065289134],[74.27915808142023,17.341430852572447],[74.27902505184427,17.3365507571415],[74.29037038868927,17.326756645747814],[74.28722369429137,17.326084025723134],[74.29378643196327,17.312772220774576],[74.26152203909326,17.306649071700768],[74.26107256534655,17.299920104257573],[74.2562233014761,17.293390378695033],[74.26308770011737,17.28944052130951],[74.2570893386439,17.285328723566145],[74.26522409483246,17.25745348904144],[74.27514014219494,17.252922592451434],[74.27689483548592,17.24937733993832],[74.2745605327859,17.24679328909667],[74.28034428577402,17.249416849726863],[74.28781593040276,17.24744112614317],[74.28459472044024,17.233977198353077],[74.26606013732096,17.222307119758923],[74.26876485278038,17.21405997975864],[74.27654745831605,17.21320639690716],[74.28534865432177,17.205903469770707],[74.28669267644113,17.19504818275051],[74.28227379494759,17.191333743783503],[74.27795660016305,17.17869519841644],[74.27747695311439,17.185821872435145],[74.26637009762852,17.187393362327477],[74.24794712232656,17.182935166922903],[74.25303894442487,17.170932213994256],[74.24651242336826,17.169315639304774],[74.24725101260391,17.160457259999305],[74.23860109799794,17.16071846200571],[74.2376749584638,17.15729168182215],[74.23275224951173,17.15583397737411],[74.23887803170577,17.153250468571304],[74.24701525165865,17.154879850851536],[74.24690593423085,17.14153940741802],[74.22112887182381,17.13978043908827],[74.19914110510503,17.15187628441683],[74.17740093284883,17.149172964450052],[74.17474151515678,17.142513487399818],[74.16282318510231,17.141020455454633],[74.15921539619585,17.128418352558157],[74.1420621221634,17.119312071150706],[74.13420485461239,17.11871708230603],[74.12898596481158,17.11453563465517],[74.11953372201279,17.122244085413016],[74.11007681692429,17.123350379067418],[74.10038491792523,17.11721276413873],[74.09902729087516,17.10544269734917],[74.09397053801835,17.10094496676641],[74.07781608435559,17.10203429635254],[74.07382014519003,17.097866379445684],[74.05127000961033,17.105191236637424],[74.04912530549896,17.09704410125579],[74.04425289870045,17.099764166707452],[74.03042015654441,17.090380032250245],[74.02900567758454,17.09526813227812],[74.00855713644115,17.110254417411266],[73.98387158096627,17.11690401546429],[73.98462643769382,17.126029027709542],[73.97938838027656,17.131940152958677],[73.95649283420188,17.135308289739754],[73.9379674501607,17.134296278701186],[73.91823789531763,17.144909491352518],[73.91761318839504,17.148545459160736],[73.9012578316942,17.15954912332929],[73.88411810794047,17.15522489181319],[73.88194261684097,17.171314317630998],[73.8750350808419,17.17924947235052],[73.87002045088381,17.19196065486929],[73.85050221835213,17.198808825154092],[73.83467433327125,17.22603301533503],[73.81753916636306,17.23343616367886],[73.8091253487015,17.231850248895586],[73.7987049224856,17.244939899859066],[73.78444643824014,17.245221473061967],[73.76560767155517,17.250963387112726],[73.76554536945372,17.254296325230605],[73.75939795644,17.25511964644644],[73.75534282943737,17.267767173085346],[73.74535553945525,17.27856242311565],[73.73436526454942,17.277063092789792],[73.72037932676493,17.261554056489036],[73.70722137996569,17.26015629827069],[73.70135842932869,17.26488954289253],[73.69464066080118,17.260517640971667],[73.68827620172318,17.267722919947868],[73.6912747364985,17.277652807106318],[73.68691550223554,17.283155832928202],[73.68995653111273,17.28439079030817],[73.6881035047567,17.29026691167837],[73.67814294195382,17.294777434460006],[73.68498132338622,17.314654462240924],[73.67954918006349,17.330588932158825],[73.68569372116744,17.34519297616654],[73.6833699007164,17.348691488569003],[73.67384813994249,17.34766625585524],[73.69136175901858,17.35937737717995],[73.68025685247402,17.37483701358175],[73.67397860940245,17.376555472390464],[73.66756593074957,17.372402778731825],[73.6580985983738,17.37717719685179],[73.6575014237669,17.375252116769364],[73.64962930413868,17.384290176935583],[73.64538469159355,17.38177600807833],[73.64078171755513,17.391196267711482],[73.64429919543392,17.397638232356986],[73.64888398962604,17.397835840389618],[73.6541680048535,17.387400774646036],[73.66006308041133,17.395380390432376],[73.66836323070079,17.39334453611023],[73.6731393051143,17.406034298760613],[73.68081392373477,17.41499661549413],[73.6899751169192,17.422197447952904],[73.70167250784327,17.42064965533041],[73.7040759202108,17.423439029727316],[73.7081238461976,17.433829966374553],[73.70335999311693,17.437971799071136],[73.70658676890291,17.44489082703333],[73.69990755213381,17.453433613409786],[73.70595494791303,17.465922129959704],[73.69540484283435,17.4782880855476],[73.69373878669053,17.487431719772502],[73.70824521209985,17.49415621072128],[73.70970410382239,17.499472136751972],[73.70432217215988,17.504836960448475],[73.71484749703076,17.517127086773208],[73.72049720676765,17.51756734904658],[73.72097117192654,17.524916316773492],[73.72779762889573,17.52517351317998],[73.74111091478386,17.53416597647686],[73.73852136316762,17.535734516281405],[73.74652577642699,17.55688603141372],[73.71547662646222,17.573556756273213],[73.71741188296309,17.579222787854096],[73.72776180915355,17.588993393048355],[73.72377306995745,17.59940776368467],[73.7127563115545,17.607574864077332],[73.72069807216437,17.617852308311512],[73.715502808022,17.62452600939562],[73.69046666864986,17.628670245593838],[73.69891682920043,17.643304529773157],[73.6968186247482,17.65158811547943],[73.70138027563685,17.658943143317604],[73.69528746374296,17.66311269890988],[73.69724969481828,17.666456427683947],[73.69320400768332,17.66852660237536],[73.69256627598617,17.673628038429918],[73.6808656548968,17.678081511100967],[73.68138445406731,17.68201661506036],[73.68683140515932,17.685730720034723],[73.66279086880267,17.69723316207189],[73.65759431527889,17.696254617589158],[73.6510640430343,17.708567191324168],[73.63529052691135,17.698059495847435],[73.63448602051204,17.701671537341365],[73.62382223838661,17.70629246202637],[73.61555095823968,17.714163145219192],[73.60394210074664,17.70446352059494],[73.5933344032001,17.701727268606152],[73.57942408290147,17.70955890769438],[73.58262079785443,17.71414080482706],[73.56594211815012,17.724185089560642],[73.5732398241818,17.731580348239877],[73.57297155974427,17.740044062114006],[73.57768326909628,17.74374459689724],[73.5783222052122,17.750986864280847],[73.59185376330882,17.772955543391515],[73.5915755385648,17.779145875007554],[73.58183921208536,17.789194382366393],[73.59316342470889,17.789454982089833],[73.60204910717832,17.79503414167092],[73.596359559555,17.798060141062575],[73.59455095740923,17.8033055503519],[73.5936175053257,17.817641065803944],[73.59693304133458,17.823232291918984],[73.58444252033054,17.83383551203695],[73.58619493745925,17.841703300607836],[73.59646589086805,17.84618692281311],[73.59726320338159,17.85007052448168],[73.58891725016983,17.85181794940208],[73.57427602473378,17.8651784423762],[73.57824135186557,17.875188565718506],[73.57077246641124,17.878193593648355],[73.5616770444992,17.89300783956658],[73.53534447938108,17.892378746013712],[73.53250643844716,17.899480832856295],[73.54033362520177,17.906890194307934],[73.55190698609356,17.90917480881831],[73.5633883682561,17.917039934951987],[73.57783761386429,17.93403652321325],[73.57606758840792,17.9410927094732],[73.57922049625442,17.947034824916734],[73.584273471953,17.947300183577102],[73.59039489790477,17.939652849647107],[73.59762275882217,17.940340745798267],[73.61072407170035,17.947771979873764],[73.61755744791402,17.95804614005505],[73.63856610564363,17.971700982072164],[73.63766604596094,17.9802177574347],[73.62669287266166,17.98533175567781],[73.62737131278068,17.988684343161367],[73.63422385146178,17.993261528182536],[73.63786527975695,17.992150297706665],[73.64242308576345,18.001551994750333],[73.65684146477459,18.010902322657238],[73.65044049546054,18.022149531736133],[73.65848124712846,18.02904698630828],[73.66629248827466,18.024744173610863],[73.70229078457182,18.044345112683008],[73.72022821618818,18.042780061201707],[73.73757552246298,18.03697935863334],[73.75618912646127,18.038615495291005],[73.75364836545263,18.032436314277337],[73.75567365972647,18.028146810441815],[73.76598502566551,18.023442124921267],[73.77533249127517,18.027863373650366],[73.79264731932946,18.020571449689676],[73.81336097120871,18.03798704904314],[73.81355035565308,18.035110841943574],[73.82342796123382,18.034317103895255],[73.82422404598094,18.030194821305706],[73.82890354040117,18.029418095894933],[73.84054631504922,18.03100309681978],[73.84604169780332,18.03983409322776],[73.85430375946324,18.030332191757434],[73.85868644254454,18.031152913787352],[73.86558603290818,18.043210064980443],[73.86434667997595,18.04676189925437],[73.87017909021904,18.047987535867843],[73.86926960578816,18.07548819089094],[73.88015572746343,18.08655188797458],[73.87351284505637,18.09322546127737],[73.86076848717425,18.119593496224937],[73.87732373522084,18.115446926761017],[73.88771986884164,18.116258415488815],[73.89173192120995,18.125470055624664],[73.90154508557619,18.128800427333022],[73.90168445365013,18.13694310181919],[73.89599708051979,18.139494536415405],[73.88863997079982,18.154191709659862],[73.8728342780465,18.166369021021605],[73.87320927380502,18.174667683671014],[73.88288941293251,18.172711846198084],[73.89161818417922,18.18187675418753],[73.89664154618838,18.180044032868153],[73.89739848654199,18.175407467497323]]]]}},{"type":"Feature","properties":{"OBJECTID":557,"STATE_UT":"MAHARASHTRA","STATE_LGD":"27","DISTRICT":"SINDHUDURG","DIST_LGD":"529","REMARKS":null,"Shape_Leng":626040.524797,"Shape_Area":5001385565.06,"sourceDistrict":"SINDHUDURG","district":"Sindhudurg","labelPoint":[73.73765768555731,16.134128206675864]},"geometry":{"type":"MultiPolygon","coordinates":[[[[73.67105440008386,15.728691300114255],[73.67102030015239,15.728685199980994],[73.67098500021805,15.728692299638283],[73.67096410010684,15.728704799733977],[73.67095040017365,15.728725500058585],[73.67094069955841,15.728764899606393],[73.67094110041343,15.728811299680023],[73.67095079986996,15.728849900035659],[73.67097050034037,15.728897300194202],[73.67098809974767,15.728923700209524],[73.67101230012909,15.728951200397464],[73.67104659983782,15.728978799638003],[73.67107390033793,15.728995899629531],[73.6711019996946,15.729009500149642],[73.6711245002107,15.729017899833975],[73.67114899979728,15.729024000245778],[73.67117090004376,15.729025200274211],[73.67119439959205,15.729021500063942],[73.67120860018433,15.729014900035523],[73.67122119965923,15.729004299707071],[73.67123080043079,15.728993300334132],[73.67123760020137,15.728977499566533],[73.671245400448,15.728947799893929],[73.67124879975839,15.728925100403966],[73.67124540014294,15.728891100358375],[73.67123930012207,15.728867299641227],[73.67122410002948,15.728828999558171],[73.67120049968084,15.728794400427766],[73.67116640008624,15.728755500366086],[73.67112790000164,15.728725399577867],[73.67108960036688,15.72870510019355],[73.67105440008386,15.728691300114255]]],[[[73.64841529983866,15.730883399581552],[73.64839509965326,15.730879400053581],[73.64837569958297,15.73087959991367],[73.64835729964602,15.73088430014239],[73.64833999972667,15.730893299622661],[73.64832369978164,15.730906600376853],[73.64830860018212,15.73092320018995],[73.64829500014599,15.730942100252431],[73.64828279968086,15.73096320030457],[73.64827209976256,15.730986599737292],[73.64826299992319,15.731011700153317],[73.64825710039813,15.731035300201116],[73.64825449986503,15.731056799618868],[73.64825520012275,15.73107620031153],[73.64825639964513,15.731081399816842],[73.64825930035127,15.731093599763899],[73.64826670017135,15.731110100452325],[73.64827740039159,15.73112689968629],[73.64829150001538,15.731144199966735],[73.64830880004257,15.731161799901308],[73.64832969980847,15.73118060005286],[73.64835540038389,15.731205199985997],[73.6483860003395,15.731236499907183],[73.6484215996403,15.731274499616008],[73.64846220009953,15.731319099644718],[73.64847169993881,15.731325900179973],[73.64848070003178,15.731331000319884],[73.64848920037815,15.731334400064528],[73.64849710007934,15.731336099571772],[73.6485046999407,15.73133619965669],[73.64851350035963,15.731335100125058],[73.64852360043027,15.731332900284603],[73.64853510010938,15.731329599936137],[73.64854810028777,15.731325300292234],[73.6485618003452,15.731319699702388],[73.6485759003674,15.731312799674903],[73.64859030036106,15.731304499949259],[73.64860489958399,15.731294999779545],[73.64861969983956,15.731284199699893],[73.64863279978108,15.731273000212775],[73.64864420035669,15.731261299988939],[73.64865369992008,15.731249399811567],[73.64866140011878,15.731237000008836],[73.64866720021149,15.731224299835018],[73.64867090017067,15.731211099681083],[73.64867259998971,15.731197499807644],[73.64867219971222,15.731183500413788],[73.64866970036466,15.731169099717901],[73.64866539995909,15.731154600241478],[73.64865899980744,15.731140199895883],[73.64865079958236,15.731125699899005],[73.64864060046797,15.731111299785807],[73.64862850004181,15.731096200156463],[73.6486147997583,15.731079799562192],[73.64859940048176,15.731061999606261],[73.6485823004096,15.731042899754046],[73.64856370043337,15.731022600107613],[73.64854520019203,15.731001900246108],[73.64852689975633,15.730980999977927],[73.64850880002469,15.730959900255776],[73.64849099997731,15.730938500380315],[73.64847300014641,15.730918900014693],[73.64845439995861,15.73090309994492],[73.64843519952618,15.73089130017766],[73.64841529983866,15.730883399581552]]],[[[73.65293440003826,15.745932200163994],[73.65276969979811,15.745911999855595],[73.65255459959252,15.745908700197234],[73.6524134995754,15.745925499557568],[73.652303400319,15.746004499885808],[73.65226970040553,15.746085099811559],[73.6522898997501,15.74621280040443],[73.65239070022301,15.74632700026562],[73.65253859965146,15.746447899599012],[73.65283360006391,15.746503200373967],[73.65303190014373,15.74651669998149],[73.65321339978945,15.746473000228997],[73.65332089984636,15.746432700250995],[73.65340490016162,15.746311799869433],[73.65340160011156,15.74616060045601],[73.65332760039527,15.746073300396832],[73.65322349968807,15.746019499683165],[73.65309910026316,15.745972499827896],[73.65293440003826,15.745932200163994]]],[[[73.6509699997708,15.74628499965312],[73.65112999958122,15.746280000133988],[73.65128000043654,15.746299999685341],[73.65139499956273,15.746315000127701],[73.65148000004643,15.746304999895024],[73.65153500035836,15.746284999677076],[73.65158500008722,15.74624000001428],[73.65158999969627,15.746200000023256],[73.651590000121,15.746150000459647],[73.65157499990421,15.7460900002263],[73.65154000002764,15.746014999984357],[73.65149999970194,15.745950000120457],[73.65142000029525,15.745895000216853],[73.65132999958979,15.74584500030435],[73.65123999975629,15.745824999921497],[73.6511149998068,15.745819999620494],[73.65098500005314,15.745855000057832],[73.65090500034907,15.745894999651973],[73.65085499975099,15.745950000385639],[73.65079999993311,15.745990000362236],[73.650744999981,15.7460250000855],[73.650660000056,15.74605499991663],[73.65056499990901,15.746060000162558],[73.65046499997456,15.746019999990624],[73.65039999983269,15.745940000437786],[73.65034000037916,15.745849999628348],[73.65027999963883,15.745739999662824],[73.65018499981801,15.745649999880552],[73.65009499996134,15.745614999926772],[73.64997999993955,15.745620000236146],[73.64979500023314,15.74564499966643],[73.64970500019908,15.745654999692588],[73.64962499974368,15.74566499990519],[73.649435000126,15.745694999903197],[73.64941500005034,15.745699999584055],[73.64923500025706,15.745760000065255],[73.64910999961286,15.745865000367747],[73.64904500019084,15.745954999924123],[73.64902000014513,15.746044999737906],[73.649020000073,15.74613500031725],[73.64904499986757,15.74619999955859],[73.64911500005604,15.746274999705879],[73.64927499962722,15.746394999938278],[73.64947499975614,15.746495000155855],[73.64964499992547,15.74657500021519],[73.64982500044702,15.746624999810757],[73.65000500037368,15.746634999974635],[73.65012999989192,15.746624999556262],[73.6502700003426,15.746595000260077],[73.65040500000423,15.74656499978491],[73.65052000002298,15.746525000166558],[73.65060499974443,15.74647000008745],[73.65066500037969,15.746419999783829],[73.65082500043472,15.746334999569338],[73.6509699997708,15.74628499965312]]],[[[73.64307300016566,15.74708439989036],[73.64297550020983,15.747013900330932],[73.64284439962188,15.747010500253412],[73.6426863996275,15.747094500029146],[73.6426159001586,15.747171800324002],[73.64262589958885,15.747326300366622],[73.64278050001222,15.747464000012885],[73.64295870021184,15.747460599814403],[73.64306960029245,15.747353099808048],[73.64307300016566,15.74708439989036]]],[[[73.65369499963222,15.748069999915653],[73.65364999959121,15.748044999691936],[73.65358500037608,15.748050000125009],[73.65352499952476,15.748085000131214],[73.65348500006816,15.748120000151365],[73.65345499997746,15.748190000066987],[73.65346500021832,15.748245000109991],[73.65351999958287,15.748279999949524],[73.65356999981815,15.748309999564032],[73.65358500021507,15.74836999986305],[73.6535600003792,15.748404999880377],[73.65352499959032,15.74843499961759],[73.65349500011864,15.748454999800309],[73.6534400004037,15.748480000255723],[73.6533799995671,15.748519999591451],[73.65333500004402,15.748554999614324],[73.65330000006588,15.748585000260503],[73.65326500030919,15.74862000025554],[73.65326000039803,15.748664999845909],[73.65327999958858,15.748699999794637],[73.65331999986977,15.748725000177535],[73.6533799997069,15.748725000131213],[73.65344999989888,15.748714999544426],[73.6535600000676,15.748680000292469],[73.65365000018502,15.74863499958669],[73.65374500016277,15.748550000408324],[73.65381000016262,15.748495000100293],[73.65383999967051,15.748434999637807],[73.65383999973848,15.748375000236836],[73.65382500016997,15.74831500000447],[73.6537850004331,15.748260000113662],[73.65374500041499,15.748240000148087],[73.65371000035397,15.748200000057906],[73.65370500036785,15.74815499962904],[73.65371499978818,15.748104999796826],[73.65369499963222,15.748069999915653]]],[[[73.457957899655,15.887158200310774],[73.45789000027398,15.887127000358987],[73.45784180038017,15.887125899946328],[73.45779900024453,15.887150599637168],[73.45775060037592,15.887221400182282],[73.45772050033995,15.887308999625546],[73.45771990041146,15.88736540007848],[73.45773869960365,15.88743349959057],[73.45776879960373,15.887468200227435],[73.45782269972044,15.887505499680024],[73.4578787001576,15.887522000396032],[73.45792750005977,15.88750749992454],[73.45796479986012,15.887471699672519],[73.45798230006069,15.887417400425925],[73.4579981996658,15.887290200085847],[73.4579864000594,15.88720159990609],[73.457957899655,15.887158200310774]]],[[[73.45902339976816,15.886659399622662],[73.45896170033139,15.886644100384721],[73.4589003002847,15.886644000192224],[73.45883970014428,15.886658799950006],[73.45878669974759,15.88668500009632],[73.45874330040787,15.886721500155687],[73.45870960031026,15.886768299986073],[73.45868550038826,15.886825300124334],[73.45867100042325,15.886892800243237],[73.45861329986813,15.887011299701662],[73.45857510014278,15.887115800126514],[73.45853689990011,15.887258400304473],[73.45853689967929,15.88736539959361],[73.45856489985819,15.887454600295944],[73.45862349973622,15.887523400260447],[73.45871479984334,15.887605800057806],[73.45876259980814,15.887634899941077],[73.45881730021414,15.887642300436728],[73.45887410025514,15.887633199922004],[73.4589330998342,15.887607699734415],[73.45899429993109,15.887565700332246],[73.45905500027162,15.88751000030894],[73.45911019984166,15.88744580002319],[73.45915980034704,15.887373200134519],[73.45924220048434,15.887202799595196],[73.45927210010474,15.887108399800399],[73.45928409968143,15.88702000002934],[73.45927739995236,15.88693840032714],[73.45925199994791,15.886863700229155],[73.45920799982632,15.886795800068965],[73.45914780035103,15.886735799980004],[73.45908540030811,15.886690000311015],[73.45902339976816,15.886659399622662]]],[[[73.46362369988924,15.889179699595013],[73.46390589980942,15.88684740002348],[73.46339959997228,15.889437000416924],[73.46362369988924,15.889179699595013]]],[[[73.45622009954172,15.887693999894502],[73.45518989965424,15.889750899566529],[73.45634460016615,15.8877686997585],[73.45622009954172,15.887693999894502]]],[[[73.46706826768465,15.89371706686781],[73.46696616826732,15.893683626163739],[73.4668728863911,15.89368196988074],[73.46680739557364,15.893685391581744],[73.46670374645409,15.89373327931366],[73.46663676627557,15.893822458021555],[73.46654586315708,15.893938310018362],[73.46648190725901,15.89410885013223],[73.4664708924108,15.894194539488787],[73.46650170004625,15.894294534587312],[73.46659696770539,15.894440808446],[73.46669825870768,15.894519432628421],[73.46679585180381,15.894543713728917],[73.46690822562212,15.894527609850524],[73.46700798172463,15.89443902466174],[73.46711337604172,15.894296343920699],[73.46717597715158,15.894193486391343],[73.46719742848451,15.894049215326119],[73.46718610452714,15.893904441033952],[73.4671414176057,15.893799738005209],[73.46706826768465,15.89371706686781]]],[[[73.46654064790985,15.895217443222874],[73.46647544566721,15.8952073099916],[73.46638628836297,15.895228277139797],[73.4662553656582,15.895239549476209],[73.46614704688865,15.895287313212952],[73.46610405675474,15.89534078200957],[73.46603665812876,15.895448033341113],[73.46605378315687,15.895529675671472],[73.46611260415769,15.8956301407977],[73.46616756504423,15.895685299735565],[73.46627919884882,15.895705342002632],[73.46637740527264,15.895698085943247],[73.4664627045158,15.895631811776322],[73.46655360784825,15.895515960249131],[73.46658284728171,15.89545317486621],[73.46661691733432,15.895381476255249],[73.46660887423319,15.895309027598987],[73.46658655950255,15.895258980442602],[73.46654064790985,15.895217443222874]]],[[[73.46563069990196,15.89471619971157],[73.46560410022606,15.894707300138757],[73.46556509964162,15.894718899664516],[73.46551559976892,15.894749300239086],[73.46546669955436,15.894788299646779],[73.46537630034994,15.894886700218398],[73.46529600025222,15.895012299826131],[73.46526159959699,15.895080800067438],[73.465207699845,15.895221499588871],[73.46517379955593,15.89536730029308],[73.46517009986006,15.895444499806985],[73.46518009989201,15.895526700248015],[73.46520369974323,15.895613800279742],[73.46524100030696,15.895705999951627],[73.46529830035547,15.895733599683002],[73.46534489993252,15.895719999804587],[73.4653858001831,15.895662300258001],[73.4654616000721,15.89553549964235],[73.46551930036,15.895422700107378],[73.4655590003324,15.895323899724692],[73.46558059997496,15.895238999898433],[73.46564639986178,15.894795599806947],[73.46564470032133,15.894745600445773],[73.46563069990196,15.89471619971157]]],[[[73.46703899968836,15.898103999890347],[73.46698389999091,15.898090400008345],[73.46688770026064,15.898105999810205],[73.466749299869,15.898170699602817],[73.46664689965482,15.898257799927906],[73.46655690046471,15.898381399668121],[73.46653719973459,15.898420499564486],[73.46651709986996,15.898490900064672],[73.46651690033737,15.898522999951314],[73.46654019995412,15.898589199575936],[73.46656369995901,15.898623399851248],[73.46660100044753,15.898644500303705],[73.46664510018408,15.898644499871251],[73.46675890020131,15.898607800105797],[73.46681169999769,15.898583599989285],[73.46693930016201,15.89849719983139],[73.46702160013547,15.898417700121282],[73.46707210007392,15.898333499699735],[73.46709819954242,15.898227299935215],[73.46709339968737,15.898162300296663],[73.46706319997753,15.898118200371451],[73.46703899968836,15.898103999890347]]],[[[73.46568880041869,15.898538300290223],[73.46565520041274,15.898535599776011],[73.46558270002274,15.898570400301761],[73.4655296999634,15.89862330011115],[73.46549759952859,15.898677800105412],[73.46548639969632,15.898728899861702],[73.46547489964144,15.898946699619433],[73.4654350998518,15.899111399882043],[73.46542639985044,15.899123800420194],[73.46539849993103,15.899137899589384],[73.46526379998792,15.899140799686469],[73.46522730027266,15.899157000461413],[73.46518030025402,15.89924049974178],[73.46509659998044,15.899354299582699],[73.46504779989701,15.899443299590594],[73.46495390043529,15.89951659990691],[73.46494350015267,15.899536300077015],[73.4649440998189,15.899557300200707],[73.4649759997498,15.89959990011225],[73.46500179976094,15.899614999706392],[73.46507079988346,15.899629099568346],[73.46518740023069,15.899615299785504],[73.46534440018974,15.899546900228296],[73.46543630043747,15.89952539964982],[73.4655284996671,15.899512999757093],[73.46556070018205,15.899495100075814],[73.46562910027497,15.899418200014338],[73.46572709966749,15.89925180011356],[73.46579120008647,15.899124500153343],[73.46581889974081,15.899033800371697],[73.46583939991878,15.898879699743834],[73.46583579997917,15.89878660020451],[73.4658118998553,15.898697000118181],[73.46574700000438,15.898587999849386],[73.46571470027297,15.898552299592364],[73.46568880041869,15.898538300290223]]],[[[73.47207399987913,15.904752999630578],[73.47202800000808,15.904683999932457],[73.47191299972611,15.904684000430546],[73.47179800005578,15.904729999788357],[73.47179800043686,15.904798999569909],[73.47184400018664,15.90486800027063],[73.47193599962611,15.904914000101936],[73.47195900030405,15.90491399966662],[73.47202799972067,15.904868000195988],[73.4720740003562,15.904822000327444],[73.47207399987913,15.904752999630578]]],[[[73.46703699973561,15.904683999543794],[73.46687600014177,15.90459200022361],[73.46678400033917,15.90461499971653],[73.46673799988409,15.904637999850523],[73.46669200024942,15.904683999963996],[73.4666919997183,15.904798999734764],[73.4667610003226,15.904913999750422],[73.46687599961164,15.905029000375842],[73.46692199990562,15.905098000059855],[73.46717500034237,15.905097999799482],[73.46722099992706,15.905029000431375],[73.46719800027616,15.904914000328876],[73.46712900028912,15.90479899965095],[73.46703699973561,15.904683999543794]]],[[[73.5790103001969,15.909838400067965],[73.57894389988033,15.909821799666515],[73.57887749964424,15.90983009993475],[73.5788111000743,15.909846699826357],[73.57867000017191,15.909896499721295],[73.5785787002474,15.909962900197561],[73.57851229996108,15.90999610009904],[73.57849570007373,15.910037600189227],[73.57852889972858,15.910087399534158],[73.57857040044046,15.91013719977336],[73.57864509977937,15.910162099871995],[73.5787198003258,15.910153799637625],[73.5787779002821,15.91015380003419],[73.57883599960567,15.91014549983645],[73.57893560017794,15.910062499860445],[73.57908500013578,15.909987799804508],[73.57910159954439,15.909954600177576],[73.57909329981989,15.909913100331808],[73.5790601004378,15.909879900401998],[73.5790103001969,15.909838400067965]]],[[[73.47281000033244,15.91409099975045],[73.47269499972472,15.914045000394687],[73.47246499951719,15.91404500033708],[73.4724189996756,15.914114000056344],[73.47241900017285,15.914275000243947],[73.47246499964731,15.914390000188016],[73.47258000034671,15.914505000128345],[73.4726950002345,15.914689000361687],[73.47278699999288,15.914735000397517],[73.47287899981792,15.914757999938157],[73.47299400010333,15.914804000093373],[73.47308599980158,15.914734999560407],[73.47313200045735,15.91466599957423],[73.47313200009835,15.914527999712853],[73.47306299966232,15.914412999729242],[73.47292500018145,15.9142749996272],[73.47281000033244,15.91409099975045]]],[[[73.46637930015186,15.925110400258168],[73.4663710004048,15.925068900192649],[73.46632120011917,15.92501910039898],[73.46626310035234,15.924985900233834],[73.46618840000662,15.924919500255616],[73.46611369973385,15.924927800364634],[73.46604730016438,15.924961000120454],[73.46596429992323,15.92503570016129],[73.46590619983192,15.925052300234926],[73.46584809999563,15.92503570033309],[73.46579829979441,15.925002499882725],[73.4657650995934,15.924952699756993],[73.46572360043658,15.924952700134105],[73.46566550003777,15.925002500056397],[73.46561569976156,15.92502740016157],[73.46558250012771,15.925068899691318],[73.4655824996052,15.925118700081354],[73.46559909952464,15.925160200155066],[73.46566550028783,15.925226599648566],[73.46569039954373,15.925284700074936],[73.46569869990812,15.925342799773418],[73.46576509984871,15.925624999671644],[73.46579000016204,15.925683100176396],[73.46583149966006,15.925724600032597],[73.46588129989051,15.925732899817335],[73.46592279978594,15.925724600099134],[73.46596429991709,15.925683100367014],[73.46599749972248,15.925625000237261],[73.46613859972157,15.925517100333458],[73.46621329984568,15.925425799740886],[73.46627140045196,15.925326200043996],[73.46633779987184,15.925251499947002],[73.46637929996409,15.92516019974116],[73.46637930015186,15.925110400258168]]],[[[73.46667689961683,15.92615800034261],[73.46664949994329,15.926146099652584],[73.46658020001055,15.926146100157249],[73.46642040027456,15.926162900000607],[73.46633460037708,15.926187100425773],[73.46624729953548,15.926230900334707],[73.46608109954929,15.926330699929078],[73.46603900015535,15.926380300404599],[73.46603320039412,15.926407900245055],[73.46604250030195,15.926445400325314],[73.46624040003749,15.92680080027801],[73.46628940036055,15.926847800344502],[73.46633880024123,15.926859199617793],[73.46639069967244,15.926841399815052],[73.46643770010424,15.926809499668071],[73.46664229964799,15.926591600072626],[73.46666929971558,15.926554200344578],[73.46669139958593,15.92651450005165],[73.46672110028751,15.9264287998364],[73.466732300071,15.926340499979196],[73.46672540029894,15.926252199766864],[73.46669869990622,15.926179699627511],[73.46667689961683,15.92615800034261]]],[[[73.4631754995258,15.929534300390392],[73.46307589985653,15.929501100157118],[73.46296799975346,15.929509400404958],[73.46290990021767,15.929525999580278],[73.46285180010267,15.929559200248384],[73.46281860013535,15.92962559968213],[73.46281030026319,15.92969200029927],[73.46282690033851,15.929783300307893],[73.4628600997333,15.929866300149689],[73.46287670012565,15.92993270015185],[73.4628767000685,15.929999099978609],[73.46282690015948,15.930090400294665],[73.46275219971855,15.930173400003081],[73.46270239995675,15.93023980025825],[73.46266090016944,15.930314500015722],[73.46264430033034,15.93041410013494],[73.46266920041806,15.930513699826156],[73.46273559957858,15.930580100431948],[73.46281860039896,15.930613299920488],[73.46289330026215,15.9306050003126],[73.46297630020241,15.930571799746755],[73.4630343999662,15.930513699750929],[73.4630676000447,15.930447300132865],[73.46310909964959,15.93037260023672],[73.46325850041688,15.930181700303924],[73.46332490030775,15.930082099622435],[73.46337470025038,15.929974200341372],[73.46340789995278,15.929874600364212],[73.46341620036262,15.929775000283287],[73.46338299999582,15.929700299957245],[73.46333320042737,15.929633899871627],[73.46326680002355,15.929584100244504],[73.4631754995258,15.929534300390392]]],[[[73.46299180012058,15.93141589985983],[73.46298509971376,15.931415000351501],[73.46297859965176,15.93141519992646],[73.46297229973207,15.931416699596936],[73.46296640033472,15.931419200436993],[73.46296100024193,15.931422100165948],[73.46295620045625,15.931425399666415],[73.46295199999159,15.931429099807946],[73.46294829972999,15.931433199792592],[73.46294509957029,15.93143780012654],[73.46294230039467,15.931442900011879],[73.4629400002202,15.931448700304633],[73.46293820019157,15.931455000035015],[73.46293750022028,15.931461400354639],[73.46293869957155,15.931467500406033],[73.4629418001302,15.931473300273902],[73.46294680001185,15.931478799873403],[73.4629533999614,15.931483800272531],[73.46296079955077,15.931487900018864],[73.46296869952454,15.931490900180384],[73.46297730003332,15.931492900208305],[73.46298650013175,15.93149379962562],[73.46299570015094,15.931493500221192],[73.46300459996696,15.931491899879953],[73.46301339970015,15.931489000282495],[73.46302210043741,15.931484700053309],[73.46302959961629,15.931479600238347],[73.4630352000482,15.931474099885424],[73.46303879970093,15.931468199893338],[73.46304039951697,15.931461900304617],[73.46304019959017,15.93145540016485],[73.46303859991932,15.931449199894624],[73.46303550024209,15.931443499665747],[73.4630310999391,15.931438100104168],[73.46302539993927,15.931433099934523],[73.46301909988385,15.931428600031373],[73.463012600189,15.931424600108466],[73.46300590001337,15.931420999617337],[73.46299889989209,15.931418100190028],[73.46299180012058,15.93141589985983]]],[[[73.46338300017771,15.932812800309796],[73.46349919968188,15.932796200127486],[73.46363200034456,15.932763000138136],[73.46380630009389,15.93268830007749],[73.463847799806,15.932663399969112],[73.46388930012785,15.9326302004228],[73.46392250027772,15.932588699563365],[73.46397229965832,15.932505699598455],[73.46399720041538,15.932455900212533],[73.46403039983785,15.932397800414067],[73.46406359956005,15.932348000080124],[73.46409679987028,15.932289900323221],[73.46413830038246,15.932240100028181],[73.46417150002684,15.932190299687596],[73.46421299983247,15.932148799712584],[73.4642462003259,15.932099000319486],[73.46432919981075,15.932016000336384],[73.46437900033958,15.931974500361042],[73.46442050001627,15.931933000347378],[73.46445369979088,15.9318915003449],[73.46446200027444,15.931858299853669],[73.46446199989504,15.931825100253466],[73.46444539981773,15.931791899781562],[73.46442050018575,15.931766999692481],[73.46438730005674,15.931750399938162],[73.46436239980316,15.931733800163574],[73.46429600022415,15.93171720044022],[73.46427110032842,15.931708900103425],[73.46423790023175,15.93169230031726],[73.46420469953752,15.931683999933481],[73.464071900242,15.93161759982093],[73.46403040033263,15.931600999987706],[73.4639307995414,15.931584399993113],[73.46387270021762,15.931576100454587],[73.46359880015852,15.931576100424296],[73.46352410010137,15.931592699862483],[73.46344939982437,15.931634200307656],[73.46339129980359,15.931692299706466],[73.46334149979822,15.931758700411326],[73.46329170030643,15.931841700018397],[73.46325019969063,15.931924699632008],[73.46320040031434,15.93201599960922],[73.46314229976704,15.932099000030718],[73.46307590019677,15.932182000427623],[73.46301780026833,15.932256699587077],[73.46296800013621,15.932331399714041],[73.46292649964265,15.932397799528067],[73.46289330033984,15.93254720042466],[73.46290990039168,15.93265509991896],[73.46292649973175,15.932704900443],[73.46296800036541,15.932738099576133],[73.46300119983941,15.93276300003324],[73.46303440004624,15.932779600142117],[73.46307589996898,15.932787899919402],[73.4631090999648,15.932796199627452],[73.46315889978578,15.932804500350786],[73.46321700029921,15.9328044998549],[73.46326680017361,15.93281279962973],[73.46338300017771,15.932812800309796]]],[[[73.4793480276737,15.97053388994764],[73.47924199166899,15.97045975359996],[73.47911118299743,15.97046190233619],[73.4790119690158,15.970523471552593],[73.47897698714343,15.970640353104415],[73.47899347350527,15.970758139884477],[73.47916969653176,15.97082897605711],[73.47926269106844,15.970848702948773],[73.47931078293988,15.970777283124141],[73.47937401811124,15.970642797129564],[73.4793480276737,15.97053388994764]]],[[[73.47975670722758,15.970911661252103],[73.47970204639999,15.970838431425989],[73.47956164105483,15.970849459630632],[73.47949528308563,15.970902494097315],[73.4795215967401,15.97099332785194],[73.47954291691144,15.971102202236338],[73.47960881521826,15.971320296735398],[73.47969052951377,15.971448214923933],[73.4797207738606,15.971575318572429],[73.47974676479457,15.97168422594638],[73.47985666366918,15.971803667394367],[73.47992189061569,15.971813889039375],[73.47997887307444,15.97176512575686],[73.48002735674639,15.971666595685269],[73.48002874294673,15.971594304006123],[73.4799893193334,15.971458007484712],[73.47998220649491,15.971335857706299],[73.4799051285121,15.971212490769403],[73.47982228283854,15.971147828146625],[73.4797772877446,15.97105659064113],[73.47975670722758,15.970911661252103]]],[[[73.47970079987506,15.97166510035185],[73.47958459958443,15.971482499870726],[73.47952629967615,15.971482499617158],[73.47951819954044,15.971482500413558],[73.47946840003473,15.97152399974831],[73.47948459984315,15.97161570005577],[73.47949330013603,15.971665100315908],[73.47941860016155,15.971773000152794],[73.47906999962825,15.972005400333938],[73.47904509963128,15.97211329982245],[73.47909490032283,15.97227099998034],[73.47930239961678,15.972453599627636],[73.47940199989364,15.97247850034718],[73.47951820003166,15.972453599843456],[73.47965100014262,15.972295900095679],[73.47975060013901,15.971797899612595],[73.47970079987506,15.97166510035185]]],[[[73.4592666996521,15.985239999902795],[73.45869990027659,15.985159999652716],[73.45841319964079,15.985453299700456],[73.45877329973557,15.98594659958178],[73.4592266999015,15.985859899725115],[73.45939350028542,15.985706600242196],[73.45940010010679,15.985506599846254],[73.4592666996521,15.985239999902795]]],[[[73.4597468996362,15.986226500388181],[73.45958680014294,15.986173199929583],[73.45947349968239,15.98622649990013],[73.45936679972796,15.986353100096157],[73.45932679986986,15.98650649970557],[73.45940679966483,15.986646399802204],[73.45952680029998,15.986739699911709],[73.45968020030897,15.986733100015003],[73.45980690033583,15.986666399908641],[73.45986689971794,15.986559799580231],[73.45986690033504,15.986366499614753],[73.4597468996362,15.986226500388181]]],[[[73.46101389983653,15.986366500232862],[73.46064720035659,15.986193200071922],[73.46030039976252,15.986506499662353],[73.46028039957822,15.986819700035253],[73.46066049992402,15.987159700124291],[73.4609005998047,15.987106300161635],[73.46114730023555,15.986799700072666],[73.46101389983653,15.986366500232862]]],[[[73.45886660017823,15.986573099635363],[73.4586998996998,15.986519800339666],[73.4585265004124,15.98658640019221],[73.45843319989503,15.986673100258256],[73.45841980017315,15.98688640007962],[73.45847979986785,15.987019699538237],[73.45863989983232,15.987086299660719],[73.45881990041767,15.987066300109225],[73.4589599999601,15.986912999628364],[73.45896000037398,15.986679799864321],[73.45886660017823,15.986573099635363]]],[[[73.45636949967736,15.987302299721444],[73.4563362999237,15.987293999860842],[73.45630309992896,15.98730230009217],[73.4562865004731,15.987335499739126],[73.45627820034804,15.987377000171783],[73.45626989970944,15.987518100373782],[73.45626160020127,15.98758449966201],[73.45627820023599,15.987642600237153],[73.45633629992541,15.987692399943855],[73.4563861004804,15.987717299644016],[73.45644419971049,15.987733899952492],[73.45650230033912,15.98771730004899],[73.45655210007828,15.987659199947444],[73.45656870001885,15.987584500424008],[73.45656870001172,15.9875098003476],[73.45655209995485,15.987443400226487],[73.45649399970473,15.987368699981815],[73.45640270023931,15.987318900122983],[73.45636949967736,15.987302299721444]]],[[[73.46349269999259,15.988693500085706],[73.46333270000535,15.9886268000727],[73.4631792995525,15.988680099929207],[73.46307260039057,15.988786799807121],[73.46307260019866,15.988986800106998],[73.46313929974558,15.989120100103827],[73.46327929998363,15.989206699676295],[73.46343269962746,15.98918009963627],[73.4635727001006,15.989073399818263],[73.46361269977308,15.988993399877183],[73.4635793997619,15.988773500111888],[73.46349269999259,15.988693500085706]]],[[[73.47605300015566,15.991071999602786],[73.47589199975182,15.990979999632065],[73.4755470001056,15.990979999753614],[73.4754319996016,15.991072000250666],[73.47536300038111,15.991209999915103],[73.47536300004138,15.991302000311471],[73.47543199975716,15.991417000184958],[73.47554700044358,15.991485999690743],[73.47568500013521,15.991577999986518],[73.47586900008675,15.991600999768092],[73.47598399983518,15.991601000143893],[73.47612199973084,15.991486000151403],[73.4761909998681,15.991393999858415],[73.47616800025646,15.991209999956972],[73.47605300015566,15.991071999602786]]],[[[73.46466639967373,15.99070799984461],[73.46450629998058,15.990674600121094],[73.46431959966343,15.99070800034192],[73.46420629962606,15.990841299973216],[73.4641861995427,15.99102120028841],[73.46427960001095,15.991154599860952],[73.46439300038918,15.991221199805107],[73.46459299960985,15.99121449995381],[73.46472639964772,15.991094600290484],[73.46474640037205,15.991021199930051],[73.46475980040967,15.990841300318307],[73.46466639967373,15.99070799984461]]],[[[73.46468769863328,15.992575943160885],[73.46463754757613,15.992511779244195],[73.46460689279446,15.992402747455252],[73.46453383895759,15.992315644502197],[73.46448965931133,15.99217922207919],[73.46454259474314,15.992098893747212],[73.46465645127286,15.99200598721776],[73.46471454616024,15.991898582600784],[73.46472683540412,15.99174512092992],[73.46479070418194,15.991579013490878],[73.46475553987582,15.991460911415839],[73.46463671748518,15.991323232465584],[73.46454375016879,15.991298979873317],[73.4644494247765,15.991342500040203],[73.46437806046599,15.991413568543717],[73.46437618028077,15.991512969402136],[73.46437725364048,15.991702767399676],[73.46431046679535,15.9917738687537],[73.46423450055218,15.991835776649701],[73.46423696587941,15.99195337391813],[73.46417822148257,15.992096923404045],[73.46410241756118,15.992149794112239],[73.46407776290583,15.992221648642476],[73.46407588253422,15.992321048767765],[73.46415282862341,15.992448939576013],[73.46427239513022,15.992550472948384],[73.4644214150043,15.992575758459218],[73.46453400748578,15.99255062455891],[73.46458924821371,15.992596749897425],[73.46458850471763,15.992632895315962],[73.46456375676883,15.992704748552503],[73.4645621327397,15.992795113070073],[73.46474155242842,15.99293837636029],[73.46477891952004,15.992939095446388],[73.46484496476609,15.992904048726688],[73.46489319507388,15.992828115651008],[73.4648854080234,15.992746630779706],[73.46481709495988,15.99265052448893],[73.46468769863328,15.992575943160885]]],[[[73.4713445996912,15.99318229954269],[73.47113779957488,15.993155600124899],[73.47101109967251,15.993235600441045],[73.47087109961328,15.993408900405043],[73.47086440043047,15.993635500360824],[73.4709377997574,15.993775499870987],[73.47110449957164,15.993902099862197],[73.47127789995643,15.993908800125086],[73.47144460028952,15.993842199577388],[73.47160460039524,15.993708800393687],[73.47161129985143,15.993442199885287],[73.47151789989697,15.993275599659231],[73.4713445996912,15.99318229954269]]],[[[73.4722314999645,15.993855499651653],[73.47213809992898,15.99382219990483],[73.47194470004274,15.993842199548839],[73.47188470043668,15.99393549960472],[73.47187800026738,15.994102100222124],[73.47197140041973,15.994208799640779],[73.47211810014858,15.994228700193895],[73.47223149954498,15.994142099999504],[73.47227819963172,15.994002099975718],[73.4722314999645,15.993855499651653]]],[[[73.4568076999826,15.993325800315853],[73.45665930003021,15.993303800049171],[73.45650539989472,15.993380700201039],[73.45648339975824,15.993583900423813],[73.45651640033721,15.993666300272785],[73.45664279967248,15.993743199973675],[73.45681320034464,15.99374869971536],[73.45692859999627,15.993671800259754],[73.45695609965485,15.993583899926527],[73.456939599694,15.993386200409946],[73.4568076999826,15.993325800315853]]],[[[73.47093780011348,15.994015499809992],[73.47081109960232,15.993955500272321],[73.47058430045159,15.993968800082412],[73.47047100029151,15.994108800363643],[73.47047099977682,15.994268699591109],[73.4705310001371,15.99441540020403],[73.4706509996478,15.994468699668335],[73.4708443998594,15.99446869971949],[73.47098440042193,15.9943553998313],[73.47099779976853,15.994122099868157],[73.47093780011348,15.994015499809992]]],[[[73.4702241998928,15.99402209962263],[73.47011749958145,15.993955500285386],[73.46991079952538,15.993962100138788],[73.4697908001785,15.994108799554102],[73.46977739992879,15.99426209998171],[73.4698440999817,15.994402100384004],[73.46995749996219,15.994462000358443],[73.4701375003774,15.994475399655126],[73.47029090044123,15.99434870024442],[73.4702975996698,15.994122099905344],[73.4702241998928,15.99402209962263]]],[[[73.4563020996912,15.993583899757512],[73.45619219995854,15.993540000050292],[73.45599429991474,15.993534499698145],[73.45589539989138,15.99356200012689],[73.45584589954466,15.9937321998695],[73.45590089997135,15.993896999766623],[73.45601080022118,15.993968399778765],[73.45618119969538,15.993962900000772],[73.45630760007631,15.993869600000844],[73.4563020996912,15.993583899757512]]],[[[73.4554283003553,15.993534500399177],[73.45523590034215,15.993518000291939],[73.45513150013306,15.993556499830861],[73.45507650010877,15.993655300357332],[73.45508750000961,15.993792700185328],[73.45513149983711,15.993918999955419],[73.45523040039909,15.993962900339374],[73.45539529990172,15.99396840020889],[73.45552720020412,15.993869599939165],[73.45552720004231,15.993583900149764],[73.4554283003553,15.993534500399177]]],[[[73.4579288002218,15.993704800102359],[73.45787380040231,15.993402700460086],[73.45763199965755,15.993397200375512],[73.45734630046917,15.993550999905377],[73.45730229968247,15.994023400052434],[73.45739570043948,15.99406730029927],[73.45765950038229,15.994083800010921],[73.45790130007641,15.993896999951325],[73.4579288002218,15.993704800102359]]],[[[73.4718713996712,15.994675299762646],[73.47175130041323,15.994628700012175],[73.47161130033653,15.994662000305711],[73.47153130008537,15.994755299866176],[73.47151790008873,15.994928599575605],[73.4716313003791,15.995008599605526],[73.47177129959123,15.995035299784538],[73.47190470035518,15.994975300001597],[73.47194469969382,15.994761999952582],[73.4718713996712,15.994675299762646]]],[[[73.47121119996741,15.994562000106493],[73.47104449995169,15.99454200024127],[73.47091779957958,15.994601999979684],[73.47082440013902,15.99473530012179],[73.47081110025756,15.994901999802746],[73.47098440003576,15.995081900308481],[73.47121120006271,15.99507530024365],[73.47135119964827,15.99492200001638],[73.47137120003232,15.994735300305395],[73.47131119997496,15.994641999695055],[73.47121119996741,15.994562000106493]]],[[[73.45511499976712,15.994001399700782],[73.45499410013902,15.99391349986853],[73.45480169967867,15.993924500132165],[73.4546973003755,15.994023399587247],[73.45466990042848,15.994215600023267],[73.45479629983815,15.994380399868572],[73.45497759969551,15.994369400313259],[73.45511500035354,15.994270500352584],[73.45513700003619,15.994166200298936],[73.45511499976712,15.994001399700782]]],[[[73.45814317009066,15.994502371085225],[73.45803139033531,15.994482319641811],[73.45793764389977,15.994498727614042],[73.45785246039064,15.994555957135306],[73.45780354035325,15.994672643230466],[73.45782484972337,15.994781428091867],[73.45794428637367,15.99488748329262],[73.45803754430491,15.994898184206736],[73.45818877337855,15.994806001042159],[73.45829841643955,15.99469047383286],[73.45825368310665,15.994590196292798],[73.45814317009066,15.994502371085225]]],[[[73.47129119964382,15.995415200273928],[73.47115119989083,15.995361899768639],[73.47104449976881,15.99540190044015],[73.4709644003925,15.995488500469076],[73.47094440029845,15.995661799579606],[73.47105109960764,15.99575509973916],[73.4712379004135,15.9957617997188],[73.47135789998158,15.995661799776252],[73.47136459953305,15.995561800023825],[73.47129119964382,15.995415200273928]]],[[[73.47029089993403,15.994848600289755],[73.47011089994623,15.994821999550046],[73.46973740029881,15.995015300341082],[73.469704100443,15.995301900079614],[73.4696907001638,15.995695100422042],[73.47001749957465,15.995788500155603],[73.47047100014699,15.99531520033535],[73.47052429967961,15.995101900282556],[73.47052430033702,15.99498190002153],[73.47029089993403,15.994848600289755]]],[[[73.4699640998052,15.99670830030115],[73.46981080029356,15.996641600289568],[73.469690699542,15.996721600235166],[73.46963070002975,15.996794900121317],[73.46961739958095,15.996934900057827],[73.46971740031495,15.997068199754235],[73.46987079955238,15.997094899824639],[73.47001079989369,15.996988199979025],[73.47002420009905,15.99678829958457],[73.4699640998052,15.99670830030115]]],[[[73.47158657239575,15.997352715886509],[73.47144688965066,15.99732768196124],[73.471376174712,15.997362516204863],[73.4712709179131,15.997491729847633],[73.47126952702202,15.997564021144502],[73.4713103046644,15.997632545144564],[73.4712892908477,15.997754133194999],[73.47122295610457,15.997802735736412],[73.47115191580428,15.997855642620936],[73.4711034894119,15.997945222968195],[73.47108244108614,15.99807132953539],[73.47116029745291,15.998154126341861],[73.4711970877896,15.998181862908638],[73.47128055472476,15.998214992102593],[73.47140216772416,15.998208084776843],[73.4714781341322,15.998146174981862],[73.47154089848593,15.998038802062801],[73.47156133303376,15.997944232960807],[73.47149375623574,15.99781198286832],[73.47156099497806,15.997718288442272],[73.47161814878397,15.997660583108983],[73.47170787478349,15.99760789904771],[73.47171860617945,15.99753585486059],[73.47167393440964,15.997426542231773],[73.47158657239575,15.997352715886509]]],[[[73.46026959987319,16.02340870028196],[73.46022730004158,16.02339960016212],[73.46018390014429,16.023407600416164],[73.46015639955402,16.023433899740645],[73.46012790007948,16.023480799760478],[73.4600593001731,16.02360159968118],[73.46003979995163,16.02365789975573],[73.46002840016652,16.02371170041053],[73.46002359990061,16.023765899908405],[73.46002959972668,16.02379969955974],[73.46005130044192,16.02384200034772],[73.46007519971491,16.023860699971173],[73.4601204003602,16.023875200150957],[73.46015339975821,16.02386370027111],[73.46017459989196,16.023848799684835],[73.4601958996061,16.02382369958595],[73.46021590043027,16.023790699651784],[73.46022950027735,16.02375720013834],[73.46025139960543,16.023702300093454],[73.46029589983472,16.023606499970033],[73.46032999968324,16.023499500426492],[73.46033130021453,16.023495599724704],[73.4603142003456,16.023449900258147],[73.4602935995529,16.023427000408965],[73.46026959987319,16.02340870028196]]],[[[73.46009620025431,16.04567619985366],[73.46043650008014,16.03896979983822],[73.45702519986199,16.0407293996455],[73.45999659986244,16.045684499575106],[73.46009620025431,16.04567619985366]]],[[[73.46519300038693,16.046808199985],[73.46486209966785,16.04608619988897],[73.46444099998166,16.046387000414217],[73.4642002999492,16.046417100339504],[73.464230400234,16.046597600036726],[73.46460669956784,16.04706500037339],[73.4649535000077,16.04695830019785],[73.46510279972627,16.046958599955154],[73.46519300038693,16.046808199985]]],[[[73.4615696996992,16.051599300082568],[73.46155949962134,16.05130650011045],[73.46133330002765,16.051301399920934],[73.46116890038729,16.051424699897968],[73.46116889956251,16.05182529957176],[73.46128199982293,16.052061600268683],[73.46144129978588,16.05206669953829],[73.46149779975129,16.05201019985919],[73.4615696996992,16.051599300082568]]],[[[73.46371003996958,16.073670498661485],[73.46359355494958,16.073624475030787],[73.46349974219268,16.073668988913308],[73.46341915085225,16.073817530396038],[73.46350704067156,16.07393564968715],[73.46361400625494,16.07400420009732],[73.4637544827359,16.073969058191555],[73.46383465787794,16.07387473897074],[73.46382136610526,16.073779748848292],[73.46371003996958,16.073670498661485]]],[[[73.46399610588938,16.074151544547558],[73.4638326099235,16.074141333109356],[73.46370618796327,16.074172056885175],[73.46361220133763,16.07423916429861],[73.46362542306775,16.074343191146923],[73.46372283394983,16.074438785612077],[73.46393770155282,16.074453884237233],[73.46406412372232,16.07442316024108],[73.46409728842812,16.07436465378263],[73.46410265512813,16.07427431713714],[73.46399610588938,16.074151544547558]]],[[[73.45742359978709,16.087250899952217],[73.45823699960904,16.08923460012649],[73.45753979986569,16.08732559982129],[73.45742359978709,16.087250899952217]]],[[[73.44470800012992,16.0982152003842],[73.44465819959284,16.098190300425703],[73.44462499991435,16.098223500067302],[73.44461670038282,16.09826499975193],[73.44460010021794,16.098306499663725],[73.44450050011746,16.098372899892738],[73.44444240013222,16.098397800347744],[73.44437600027409,16.098414400227114],[73.4443345002376,16.098464199821564],[73.44434279977202,16.09853890038073],[73.4443511001008,16.098605300183483],[73.44430960039631,16.09867169959176],[73.44424319998781,16.09871319999188],[73.44418510019447,16.098754700165973],[73.44410209951329,16.098846000324755],[73.44403570042006,16.09895389988319],[73.44401080018717,16.099036900426984],[73.44401080007043,16.099119900329264],[73.44405229955042,16.09920290003343],[73.44410209977744,16.0992444000339],[73.44415189965477,16.099269300198753],[73.44421830015104,16.099261000300494],[73.44425149963725,16.09920290003207],[73.44423489978028,16.099144800288766],[73.44421829978734,16.099078399731436],[73.4442432004442,16.099020299775212],[73.44429300006115,16.098995399571123],[73.44434279981756,16.098978800169082],[73.44448389973591,16.09890409971691],[73.44458350018898,16.098837700332275],[73.44466650004172,16.098762999661563],[73.4447329004291,16.098655099946836],[73.44476609984295,16.09853890043896],[73.44478269990431,16.098422699683326],[73.44475779962636,16.098306500251937],[73.44474119993255,16.098256699663104],[73.44470800012992,16.0982152003842]]],[[[73.44378669997121,16.09955150023813],[73.44255000013227,16.102614199651338],[73.44387800013361,16.099601300115044],[73.44378669997121,16.09955150023813]]],[[[73.44195239953076,16.103029200392534],[73.44190259963331,16.103012600201488],[73.44185279984785,16.103012599955097],[73.44180300024998,16.10304579961578],[73.44176979968132,16.103095599887002],[73.44174490001159,16.103145400095556],[73.4416701999546,16.103286499788542],[73.44161209972792,16.10343590019777],[73.4415623003999,16.10359359966286],[73.4415291000023,16.103751299855038],[73.441520799547,16.103892399831167],[73.44154570010913,16.104033500441588],[73.44157889976596,16.104149700037844],[73.44163700019188,16.104191200291957],[73.44171170033174,16.10414970029852],[73.44174490010506,16.104074999878335],[73.44177810033314,16.10392560043234],[73.44180300042049,16.103759600234135],[73.44181960044016,16.103593600201314],[73.44190260045616,16.1034442002337],[73.44197730024385,16.103286500399793],[73.44199389975218,16.103220100284226],[73.44200220020767,16.10315370033737],[73.44199389980326,16.103087299681373],[73.44195239953076,16.103029200392534]]],[[[73.7765299294775,16.662709300786336],[73.77935296920745,16.664378161728855],[73.78409960162502,16.65930382153567],[73.7957635909997,16.663057619304144],[73.83026617306186,16.649056716007046],[73.83987269450859,16.65312845442152],[73.84905665266099,16.65006015908467],[73.85201207319598,16.64776820857375],[73.84793319298741,16.642883966449958],[73.85359621591918,16.625032490874478],[73.86237922102504,16.614036446248388],[73.85906514059579,16.604062213163285],[73.85297642673372,16.601760840907307],[73.84183262981733,16.58914562268761],[73.84654041900019,16.57429896722389],[73.83118129962854,16.55839491102251],[73.83096267394339,16.549664998268188],[73.82145229773035,16.551099374442423],[73.81481516607697,16.544240116570545],[73.84717750890482,16.526231755392395],[73.83974280570958,16.50739724490448],[73.85004245153014,16.497805874425385],[73.85161457170145,16.487630253946094],[73.86123519199003,16.481721277866683],[73.86097075028889,16.47613314361154],[73.88537854273441,16.469925936610533],[73.88754316532388,16.463394931869093],[73.8864154468207,16.450839006755388],[73.88256169713482,16.445617549718527],[73.87208705134941,16.442129829454228],[73.86717036973539,16.433743837007214],[73.8493994872819,16.422628206434798],[73.85096780159247,16.416626829606408],[73.83404462019473,16.40148375243968],[73.8367472146167,16.392199130610805],[73.85602291542041,16.38590329215062],[73.86327624205651,16.372786145750826],[73.8500111857575,16.354892449216905],[73.8434203484535,16.355310256994777],[73.83732290216453,16.346051952989992],[73.83213055921317,16.34500255112332],[73.84068161339145,16.338502446709548],[73.84811471820495,16.32445273232307],[73.838884673371,16.31643638943351],[73.84674577320932,16.314276867073165],[73.84589115448011,16.300372408882897],[73.85640433338148,16.31727163418072],[73.86381290555055,16.308536709010372],[73.86813395496097,16.314992908806666],[73.88685029668581,16.328338856053144],[73.88976009582147,16.32264520310702],[73.89417417921949,16.32864094255595],[73.902195529114,16.328631144211894],[73.902022308252,16.30861154702684],[73.88876525576867,16.299639204287867],[73.88972059191866,16.289851345437285],[73.88180175123019,16.278831885421617],[73.89250987657941,16.266694074145217],[73.89451562685885,16.262189433981124],[73.89187382384942,16.25658203426044],[73.90492316346167,16.256520615779518],[73.90896447544341,16.254562121230077],[73.90757750122862,16.251517579108274],[73.91749987368739,16.24565377056019],[73.89272293559422,16.233855674585634],[73.88937527219514,16.229045436693145],[73.89760907701444,16.234672410991195],[73.91366327076977,16.234470041439852],[73.91478333775399,16.23107530058674],[73.92428907304553,16.235076426755203],[73.92600174537806,16.239318670381383],[73.94286387826374,16.2437882180357],[73.94620903027366,16.239002158868573],[73.93835347357954,16.23598611774117],[73.93537016308962,16.22571535699893],[73.91779543581364,16.21819845379402],[73.92389257886845,16.218987087798983],[73.92901086638861,16.212505523029638],[73.92568459734693,16.208190568220754],[73.92759966339985,16.206278503705093],[73.9226348330926,16.202115153297914],[73.9324939901757,16.2060849880074],[73.93566971845055,16.20455698780933],[73.9381245670242,16.20927559722235],[73.94502521188271,16.206134422615342],[73.95621042282674,16.208565263640168],[73.95429925209224,16.199961799775725],[73.93757290304406,16.18583178455296],[73.9457816062604,16.179352675126335],[73.94272875196587,16.17450893918846],[73.9343293905555,16.173689519796365],[73.9288583456524,16.169430346485935],[73.92204017000239,16.173592588550516],[73.91465334667764,16.171841098583748],[73.91761988854178,16.167448395168726],[73.90833471954987,16.159728527486617],[73.91877962902268,16.153633523831175],[73.91394255274074,16.149540638884023],[73.91669731737237,16.145300193610467],[73.91433428660629,16.140078339681118],[73.90605994400143,16.135784370414367],[73.8895314948002,16.140083376705366],[73.88307227273576,16.145617169137683],[73.86953846725787,16.14273692820494],[73.86715568086107,16.14699088657311],[73.86456856726697,16.139102877342598],[73.84486828645058,16.153096435241903],[73.85363098769068,16.13471596674426],[73.84681772510746,16.13166959172264],[73.8498816450027,16.128331789146078],[73.84611801141983,16.12390376879914],[73.84928828386559,16.11841805436351],[73.84399846519466,16.10613719040867],[73.83464938299596,16.099430326717698],[73.83393684382555,16.093955871637494],[73.84402112315234,16.08463331572223],[73.84265753246233,16.078854084396696],[73.85539732978758,16.074893913151858],[73.85995211382576,16.069944790304824],[73.8533748686981,16.081687584284253],[73.844849937283,16.08431182977227],[73.84377668795084,16.09390868773439],[73.85368742378252,16.09850127282572],[73.85271426488083,16.10274397443254],[73.86291817832317,16.107169578003123],[73.87344393265634,16.106300950312313],[73.86443770897394,16.09537524692455],[73.87154146143723,16.093754271443103],[73.87540903169068,16.097043592291612],[73.89590251480494,16.08894861389791],[73.90075388279614,16.088825351941534],[73.90011977639102,16.096830031784783],[73.90524809622195,16.100900489232973],[73.91865790010262,16.097179298456695],[73.9376316280398,16.09711195733591],[73.94212328867629,16.099879876623447],[73.96241125635362,16.094648833233126],[73.99595242717632,16.092734025601914],[73.99101034347238,16.079422448013844],[74.00438968735304,16.079130017979395],[74.01137425286687,16.066632176351803],[73.99706260978287,16.059631247043146],[74.00273707372959,16.05290324889097],[74.00072703203153,16.041283800223248],[74.01317047334287,16.037180275005923],[74.01845224304897,16.039007506881156],[74.02493917854979,16.032213011182417],[74.03452027469778,16.031132046371702],[74.03826870933733,16.034312544632378],[74.04401473230726,16.031163867313943],[74.05045079266347,16.03304431243335],[74.05157474010724,16.042825878634268],[74.06004476259179,16.051076816873437],[74.06510136503404,16.03875074669231],[74.0770516582164,16.023307643116432],[74.09103622416158,16.014736272863765],[74.09088689419747,16.007692797466714],[74.07827452792604,15.999977079765177],[74.06244732590214,15.984266093626939],[74.05538615958768,15.973971633343487],[74.05592826544103,15.967906056026605],[74.04558155166492,15.957115412158021],[74.05153242496972,15.952064514995396],[74.05058587821101,15.9461251316958],[74.05965966206765,15.941824412571565],[74.07306047666754,15.94877925013445],[74.08153181571811,15.933005576115626],[74.08951218703379,15.903319768880275],[74.09310755185733,15.900105869859198],[74.08720461958825,15.874464242687718],[74.0929691077376,15.873076034423836],[74.08867545371002,15.868189624041387],[74.08304344576042,15.868192798409712],[74.06726201786311,15.858368417240332],[74.04270571044734,15.839130566937767],[74.03036704591298,15.834640828993368],[74.03404259976003,15.83273004978105],[74.03043316400205,15.81884306992835],[74.03453380198953,15.802699062443036],[74.04925194273969,15.805239302252781],[74.06680111066925,15.815171643470306],[74.06582835147856,15.826117560029381],[74.07420732717345,15.834479646436831],[74.10288149538476,15.840861212601649],[74.10894653716454,15.822683570579061],[74.14572189400178,15.832884165603046],[74.14095584432651,15.823388640487451],[74.15848834842073,15.82272424357314],[74.15267220509965,15.799485725452039],[74.15362507417888,15.786820192986992],[74.1724952772913,15.773810139231339],[74.1815593874004,15.775097999259685],[74.19918135323617,15.785374202249908],[74.20892486542861,15.781125975829639],[74.2014333710755,15.75862070733657],[74.18952554281294,15.752122066387406],[74.16155659535116,15.751294459901441],[74.15330209123844,15.743633837098661],[74.15097493515628,15.73580773775659],[74.1418404508086,15.734328335283148],[74.13395525926879,15.729816514286785],[74.13075960711572,15.723355922656559],[74.1258179783902,15.724112601347501],[74.12216561793005,15.72073114622991],[74.12610400541482,15.718460329222466],[74.1261835282669,15.707957552737025],[74.13143402112647,15.7058679730699],[74.1321298795462,15.702403596520206],[74.13071847899518,15.689625495656594],[74.12577089556714,15.680967173866128],[74.1088480840066,15.672693736867032],[74.09136480316343,15.674629676871755],[74.08809647005297,15.672472900873395],[74.09422752993393,15.663078493960574],[74.10369704953435,15.657607855553035],[74.11094141655313,15.65769335151599],[74.11826451314445,15.652031643023461],[74.11388550584547,15.646127430376193],[74.09429370386279,15.642367361674081],[74.07849457936756,15.631757190805414],[74.06576673710006,15.629683749379598],[74.0631689856176,15.626380367544549],[74.06161439300669,15.628529780580946],[74.03115607815306,15.622611329129843],[74.02539989194901,15.609443579934396],[74.02079718889013,15.606085184479575],[74.00883525379204,15.610158692738025],[73.99335854142565,15.610638109670589],[73.9790505237568,15.627125475640288],[73.97078356076803,15.62741236384121],[73.96785779931074,15.630577227322906],[73.96108296561282,15.645558578221545],[73.96782234072613,15.660250710439724],[73.96269111326461,15.673258674070933],[73.96376046616317,15.692321784713355],[73.95922552623762,15.700057079487697],[73.95294048083504,15.699526867893043],[73.95152272389464,15.696450046617592],[73.94369516825448,15.696936473275734],[73.9485581699512,15.703537218782259],[73.9471655232001,15.70982653229977],[73.95233054886582,15.714401946581315],[73.94174114509015,15.72919029203533],[73.93872529327608,15.743332259805626],[73.9148018583218,15.74544247483065],[73.90698371253178,15.749968384032323],[73.89918140274075,15.745995696800502],[73.87569505273379,15.75128305155212],[73.87305850494106,15.760877009159813],[73.8800888365834,15.774320947725457],[73.86606628335238,15.785341819790244],[73.86750352472617,15.79702946385014],[73.8633959025038,15.79878981487913],[73.85570805667606,15.801016638860558],[73.84706541292375,15.785798850503602],[73.8526665635686,15.78091999948158],[73.84390909154759,15.781127828004857],[73.83848660354391,15.767563244252319],[73.82974826236592,15.76432882514026],[73.83083348865952,15.753993688079635],[73.82661530061002,15.743361123837348],[73.81823905167143,15.73947020443569],[73.80942833677089,15.742030783660734],[73.80663812456861,15.73768190492394],[73.79722841698438,15.734219285544453],[73.79315793735896,15.737229118304622],[73.78497403973562,15.726125249591774],[73.76516536981143,15.733873723648488],[73.74283615900367,15.736574932106741],[73.73173526941058,15.72863706952903],[73.72087970407902,15.725665336361352],[73.71427654494158,15.729919615002],[73.7077742925707,15.729487195731624],[73.70680897940417,15.732423931793635],[73.69549227795133,15.724020383451496],[73.68755420448564,15.729884886347756],[73.67847418407766,15.728956598343512],[73.67687902957394,15.725892327919391],[73.66373225281815,15.740493400315378],[73.65533457595573,15.740987509223265],[73.64986204595287,15.744899963117257],[73.66435422291049,15.753101854555487],[73.65480652255951,15.788083698321275],[73.65625801808358,15.795760403332768],[73.63605016505804,15.815443224888833],[73.63938974407363,15.820509331373684],[73.62608567153434,15.85176766408741],[73.62002265485275,15.856329603474483],[73.61625364885457,15.853084875174162],[73.61355527952682,15.85476876136247],[73.59553772335403,15.897449588478217],[73.5869667262704,15.910614364115206],[73.56924889059438,15.912950483891079],[73.56709481316304,15.919415817864616],[73.54843410585366,15.927785754570845],[73.5356648843872,15.939164573016775],[73.53080114738084,15.932322045509421],[73.51869255294805,15.94134098961228],[73.51256228501325,15.938202541456144],[73.51010881932145,15.940459787439677],[73.50243674876167,15.956079542316955],[73.50475696093542,15.965312692469842],[73.48928027411496,15.988491193427237],[73.49093695405935,16.011130827136665],[73.48436094422638,16.033712545696446],[73.4771530731932,16.04141344951078],[73.46653838474317,16.046032606411238],[73.46911079689558,16.050163580508762],[73.46721627014037,16.05372776583856],[73.46046413891281,16.05538990695133],[73.46006611290503,16.052651021296402],[73.45642784982932,16.05267926480773],[73.45476410810132,16.061939717943403],[73.4649036310074,16.066976800411236],[73.46204523160795,16.069348984059253],[73.46474999127965,16.07616207883354],[73.46343474775189,16.079428872163952],[73.45735942418426,16.07988730379646],[73.45816691340478,16.086034960446305],[73.46492054987692,16.086936990156378],[73.4585965710292,16.09095734710505],[73.45782042985088,16.11758913824286],[73.43964352884817,16.191333496401754],[73.43538532779796,16.1997593387406],[73.42987449749516,16.198895004692467],[73.42705672151862,16.203654557385065],[73.42326400592403,16.23091712332711],[73.41529477211255,16.25461789518395],[73.41884669181434,16.258075873800827],[73.4146567714438,16.258187539717408],[73.40397225138804,16.29826076490818],[73.39986409357599,16.299805546170532],[73.39420081008157,16.31318165436629],[73.39612414426583,16.319350900295827],[73.3932517599623,16.33193430020905],[73.38612509365552,16.336456753591715],[73.39037056010261,16.346671131086083],[73.38668038271028,16.358423621569973],[73.36892009237548,16.362925641868745],[73.37223417706606,16.371000171298146],[73.36688431418847,16.377893870780518],[73.37128272648017,16.38956336418804],[73.3656338149635,16.397399545910652],[73.36795949195792,16.400754849818515],[73.36611463922225,16.414799882120523],[73.3576864143546,16.42501818389409],[73.35866967020661,16.441660448765585],[73.35081629331212,16.44388818263493],[73.34689709202186,16.45036513595992],[73.3433515389674,16.474157517491594],[73.33317449469932,16.48582744720854],[73.3243854949625,16.51461648951703],[73.31694639788503,16.51418431284882],[73.31906197579644,16.51888603669869],[73.31689778978647,16.52982625100692],[73.31087063590198,16.541439457574803],[73.31491954146844,16.541582661927954],[73.31939463297111,16.55341013204597],[73.3249207492898,16.55266130023346],[73.32603739008889,16.5569588180595],[73.33314793652082,16.557359654053187],[73.32736058208407,16.5658982461521],[73.34467400741481,16.569651341022666],[73.34626602510987,16.565094634452905],[73.35505900888774,16.566558730104344],[73.35643640121108,16.563442225241513],[73.35680281687843,16.55328864143035],[73.34650370349239,16.55630494561101],[73.34944601037441,16.55115164445531],[73.34422577155024,16.54876767468025],[73.35111593510376,16.529292230012054],[73.36926334241728,16.517868042733152],[73.38900039537704,16.51416672470646],[73.39447054135401,16.510435968632134],[73.41570421461076,16.51468787157754],[73.43392291572596,16.503710697043942],[73.46659585893465,16.493680139478393],[73.4743872643773,16.496964193900578],[73.48032175657286,16.506701202344],[73.49797700628481,16.520389673929756],[73.51054159889313,16.51671648408216],[73.51978562353933,16.524276275394335],[73.52543180515359,16.525140541015364],[73.53595320478564,16.516278159676116],[73.54415447825319,16.515394541630776],[73.55286243796958,16.523838162745168],[73.5655808364781,16.52968820583732],[73.57875663771671,16.54540270582634],[73.59167466845963,16.540638374113374],[73.60056168236105,16.544461161689725],[73.6121122904941,16.55702919501642],[73.61479562897692,16.573904183711605],[73.62207680067802,16.58312077491618],[73.62731359593845,16.582793314376115],[73.63528960189905,16.57213008093789],[73.63234590912654,16.559192638160447],[73.63612227563287,16.563509258320117],[73.64127703494242,16.56066580491078],[73.64769408509612,16.563152640913657],[73.65006432973286,16.5672864607262],[73.64849780913714,16.57561816435707],[73.65657182338875,16.575055249094454],[73.66592833746867,16.581226971072375],[73.66131601638003,16.589085334005702],[73.67067158649687,16.584068292097566],[73.66896967471794,16.58864369755455],[73.67356744395705,16.594444358776848],[73.67555125622133,16.607939996201978],[73.69056901052217,16.623865032268917],[73.70007678609798,16.624264977081943],[73.70945586201042,16.603112054552213],[73.71999141357583,16.607601961133856],[73.72400782326838,16.603694619185372],[73.73190096621799,16.607996767341373],[73.74181184814044,16.599832426577247],[73.76769170640159,16.603263342942657],[73.76576711870234,16.612511582953324],[73.76986022955974,16.624792186308166],[73.76094451041027,16.629563336093803],[73.76068404248475,16.635176847338002],[73.75354207641664,16.641796029588086],[73.75641917384299,16.644386327056665],[73.76011063523944,16.641582601906784],[73.76097571619852,16.644804178599184],[73.76486603309601,16.643745057991264],[73.76987808456516,16.658877858401578],[73.76833955539831,16.661606295947557],[73.77222979186051,16.665348884083105],[73.7752427205503,16.66308298169172],[73.7765299294775,16.662709300786336]],[[73.68250254619063,16.58775715856281],[73.67846354774393,16.583957198628234],[73.6930536897732,16.582798366346996],[73.698925905849,16.577810593098366],[73.70615607888394,16.581211439544848],[73.70542623867865,16.58747199355424],[73.69481184645278,16.58559021781608],[73.69209257195665,16.59218168114966],[73.68505469878232,16.590975228045387],[73.68250254619063,16.58775715856281]]]]}},{"type":"Feature","properties":{"OBJECTID":558,"STATE_UT":"MAHARASHTRA","STATE_LGD":"27","DISTRICT":"SOLAPUR","DIST_LGD":"526","REMARKS":null,"Shape_Leng":1282710.41395,"Shape_Area":14449736609.2,"sourceDistrict":"SOLAPUR","district":"Solapur","labelPoint":[75.48328013627741,17.79062880113319]},"geometry":{"type":"Polygon","coordinates":[[[75.22885995618456,18.540879535858462],[75.23926106180193,18.540470505147773],[75.24342050636136,18.52613986596188],[75.25890204654377,18.50829349996443],[75.26645658174601,18.508257606431727],[75.26793263109207,18.51257032511929],[75.27976995492585,18.515810963132303],[75.28063642141333,18.519323681596443],[75.30000474182022,18.52167664993521],[75.31297865526253,18.519849812840512],[75.31001754647961,18.508480639983645],[75.30344929551006,18.508008070462346],[75.29636820657186,18.496232614938144],[75.30318054751314,18.47873267045512],[75.29658778276347,18.45704532404648],[75.29638130748828,18.445629937488356],[75.2995964729202,18.443907290256913],[75.30121064397382,18.430758353282343],[75.28514081309538,18.418045939635853],[75.28572864335344,18.40534870299144],[75.29925506440954,18.399330996449358],[75.3066228974908,18.38919972299073],[75.31395508581404,18.395064234886785],[75.32279610620394,18.393258734206654],[75.32779222725497,18.384704185243955],[75.33344713819967,18.389334104274322],[75.33633693076519,18.38073649281529],[75.34478751094312,18.376985325758405],[75.35015458249272,18.36963380302637],[75.35831126364751,18.36843913202751],[75.36286871994095,18.356998613730152],[75.38216035799498,18.343322487786008],[75.38697078375787,18.32775462655546],[75.38983226210311,18.325645922997207],[75.40325635033521,18.328616965084514],[75.39814839740593,18.323313919388937],[75.40248723283614,18.31658714289687],[75.39153843595115,18.30727861682658],[75.4005218808217,18.296725606456075],[75.39324711261094,18.286206033827636],[75.3965006357454,18.281657284664792],[75.39440339967798,18.263828153302438],[75.42931860602748,18.261332146558008],[75.42905876861363,18.247462622294236],[75.41972558518098,18.238057749165264],[75.42283695582813,18.23859638017153],[75.42751437723099,18.231000021066755],[75.42572467486288,18.215041216164742],[75.43836794285578,18.205366392142544],[75.43084699575053,18.197862837862278],[75.42601163656832,18.1843777286044],[75.4288572542228,18.174905483599378],[75.44604949746562,18.172275472447446],[75.46186611728247,18.15926087467053],[75.46600655190319,18.16475644068228],[75.45926885425843,18.16530502958893],[75.46114598039273,18.17019544344649],[75.48651033847901,18.17382423375214],[75.48551982487898,18.167569228170418],[75.48892897421175,18.162531970181615],[75.4859813933536,18.15322067341256],[75.48900386884246,18.15194707880916],[75.49615604814521,18.156907822931363],[75.50260033196913,18.155839580895908],[75.51769108283318,18.14489709847322],[75.5145181983413,18.139604880706457],[75.52461521341905,18.134767446956122],[75.52540634925387,18.130909025261033],[75.53111982582358,18.133643829363304],[75.54243839402537,18.149235749817745],[75.54406954992145,18.177286306243467],[75.55365923054735,18.189460466819682],[75.548566928624,18.204493197798968],[75.56121307452622,18.2031225144426],[75.56219642886349,18.217495924751113],[75.56847653113994,18.235789854017582],[75.58341790676586,18.245889467442993],[75.58757476387382,18.25439293570061],[75.6249646238696,18.24169269781555],[75.62858687124339,18.242884532063073],[75.62969737556452,18.26588758099296],[75.61381342759195,18.271411823107886],[75.62140357509541,18.284999809388527],[75.62563536803627,18.286412371420244],[75.62889813704551,18.299241078084535],[75.64209996341694,18.317095396722667],[75.64727643159692,18.329681093339143],[75.65337985760185,18.33311656766186],[75.67847104500844,18.3282775480127],[75.68246873786347,18.323943368864803],[75.69654182178417,18.327126092649866],[75.6971083877747,18.331473261439168],[75.70520784622995,18.338889353947227],[75.71804231079535,18.33733684345233],[75.71894630845844,18.34684342277742],[75.7297651411369,18.361750989484584],[75.72393266179019,18.379670958777467],[75.72518017542926,18.386811584136716],[75.71078102924758,18.390328025655513],[75.70644441311842,18.39629392095482],[75.72365129554659,18.433542076313056],[75.75032071277332,18.435420780588565],[75.75783772705601,18.439682006253875],[75.76299521015329,18.450227270491524],[75.7679913778691,18.450992638305763],[75.76240652911987,18.440492706546134],[75.76418297910179,18.432918508372975],[75.76748509735201,18.431932822647777],[75.77078003110951,18.40859441043328],[75.78302820683655,18.40038667354833],[75.78015128579071,18.3960019466205],[75.79564006395508,18.38840225633409],[75.79728692658566,18.380464399994704],[75.8238197924747,18.379523738114553],[75.84019622335937,18.36407139370109],[75.84979334211455,18.36107908223246],[75.85678965786072,18.362536401384364],[75.85831659423947,18.35885664289756],[75.878644619223,18.365294062891685],[75.89521100367033,18.35865620210796],[75.90333697838255,18.3276618421795],[75.9200754149079,18.31225466043227],[75.92432092787138,18.303434382453172],[75.92644645722321,18.283538818640835],[75.93017338208989,18.27862198244753],[75.92875016523097,18.258774005815525],[75.94219669219109,18.24896508795571],[75.94340518153847,18.24411540401003],[75.92328023735375,18.19321227624324],[75.93387893574076,18.19104775615832],[75.93405770648917,18.183953558567328],[75.95079898438398,18.172819171782436],[75.95709202086996,18.161012553890693],[75.9498555895699,18.139279171148438],[75.94514603704484,18.136969440788942],[75.943450925678,18.12863168527886],[75.93788479682259,18.126568130556485],[75.94406950886072,18.11976256185513],[75.94497133047854,18.1071271437874],[75.95532388985254,18.100385362020468],[75.95559003297943,18.085785572638585],[75.9866597024778,18.088337015865353],[75.99025558215342,18.069098993731362],[75.9941776390121,18.06930958493801],[75.9844397429594,18.053792487854423],[75.98940185778964,18.051869649736542],[76.00262820180173,18.05687993342033],[76.00559614167935,18.050643120079318],[76.01382975373828,18.05306492300039],[76.01872428986077,18.04215897517783],[76.00407622164411,18.028631635583565],[75.99638723271474,17.99502712523049],[75.98329487428657,17.993555863423676],[75.97971437454004,17.972446311630776],[75.97398734718757,17.97111307618014],[75.95226034281096,17.978971019743422],[75.93016881297955,17.973805351619845],[75.9178100264411,17.97578021566141],[75.90868621210369,17.98813602564205],[75.90840250052734,18.003573257846494],[75.90710515218274,18.001516873802377],[75.89392878090494,18.005280785276483],[75.88384483056915,18.004028668541014],[75.86807539404938,18.011574492026647],[75.85305595148954,18.009303839027694],[75.83960218974582,17.981258264949137],[75.84475321419198,17.98068547106498],[75.84506616421986,17.97733401141863],[75.83702346354127,17.948144565591367],[75.83808582018348,17.93236345366046],[75.84627963401283,17.93145191933689],[75.85125667516871,17.92211499374578],[75.84594558074298,17.90306165348278],[75.842187186076,17.90271056217152],[75.8446982135465,17.89160788874677],[75.8561377247444,17.868663776075586],[75.86399264691224,17.866480381232055],[75.87244756786882,17.856503767689656],[75.87501445244636,17.846425132559776],[75.88949099271825,17.844677109002767],[75.91098450170081,17.832798340785892],[75.92474119283831,17.833146748255366],[75.93181022421032,17.851766118014783],[75.93932707992926,17.852436240576925],[75.94302810568668,17.844188814829682],[75.96218060025735,17.83113493555748],[75.96598177900471,17.81815642787298],[75.97743965329859,17.820111650309407],[75.97487593071361,17.84143110791838],[75.98056403306992,17.843791051056606],[76.00823661984286,17.830183845450563],[76.01980163717081,17.82838889476032],[76.00780608149906,17.80078515405504],[76.0112581924548,17.78769410489485],[76.00489973477768,17.786129116936223],[75.99948827508452,17.756254681135452],[76.002652276364,17.750347325229466],[76.02954270767741,17.765611629577172],[76.05350788308264,17.76350991859481],[76.05954133586285,17.769795263126085],[76.08449801290934,17.77781150469952],[76.09728374825131,17.777816067149146],[76.10265552596255,17.765040426955583],[76.12932571660964,17.76774455644407],[76.13344772272796,17.75584629592909],[76.14406666976022,17.756139017634677],[76.14740122563978,17.734126297138875],[76.17517068697508,17.729706293663792],[76.16936837832439,17.716962725230015],[76.16527546087427,17.71441051876782],[76.14969445712435,17.71868170812239],[76.147106036984,17.716482214457766],[76.14445245087897,17.712029348753216],[76.14589340345978,17.69981271909129],[76.16503995578461,17.700707888558473],[76.16470095072009,17.693774571834922],[76.18790404679939,17.683211925551163],[76.20454013476973,17.689212615091638],[76.22192925310608,17.687650758597968],[76.22264798848946,17.69910819647508],[76.24014546402263,17.697371772686072],[76.23847610821784,17.705935286937112],[76.25011980082608,17.705240830633265],[76.25442421516928,17.716977177608634],[76.26788571725143,17.729543660673066],[76.28021081555741,17.72672008843125],[76.28420645359874,17.72967631431106],[76.2946300949043,17.729789265221477],[76.30270389620237,17.720725720478782],[76.31562470445697,17.714841573157923],[76.31635980815827,17.69812029004173],[76.3385633586925,17.692746604291713],[76.3562540633437,17.697852307977445],[76.36319442838833,17.68660647008983],[76.37157017106053,17.684603452955276],[76.3785154750789,17.68666484139182],[76.38035842541149,17.664037764929358],[76.37823101777866,17.660813593735966],[76.40330048409054,17.657236574197274],[76.4128025384833,17.647741719773503],[76.42913158597952,17.64455625416597],[76.41968493161421,17.603710071624818],[76.38170061063458,17.60224924999484],[76.37763801298205,17.597873345997517],[76.35003049022464,17.594099579479913],[76.33111482498767,17.596218781520548],[76.33312695864537,17.5649868195314],[76.33853208432333,17.55680379827791],[76.34069251565009,17.542474571834028],[76.36274038135039,17.537372596251746],[76.36715757354355,17.519895599807356],[76.36459970085063,17.514969214394306],[76.34657184981877,17.512579420238254],[76.34332903925045,17.50065613061802],[76.3457645765577,17.492529839697536],[76.37468844966283,17.495649734535366],[76.37551612686413,17.490219880130947],[76.36824409561927,17.483201236255997],[76.35036130385994,17.47417501297224],[76.33068729928183,17.47019357876418],[76.33326247131217,17.43390101851723],[76.35348357654648,17.437300998774976],[76.37151040095765,17.436423623920696],[76.3710702437739,17.413432072843133],[76.3634265446506,17.377668064771832],[76.4091205415936,17.371387755746078],[76.41218865804058,17.35106774381141],[76.39660776803673,17.347103938077336],[76.38315992367305,17.314525717533133],[76.35401167796326,17.314316458582102],[76.35428584060998,17.32440095185432],[76.34529924235329,17.35444812310975],[76.31434413241065,17.34838984758905],[76.31202820547367,17.34601434360741],[76.31885720797105,17.338141511422982],[76.31766342717262,17.33237566365565],[76.27636043556949,17.334574176254012],[76.27200913616971,17.36059186765777],[76.26702114782948,17.363475135350235],[76.25072752541041,17.360432779795616],[76.2504279752954,17.369680779335916],[76.24458167863443,17.371539281577565],[76.24208711709268,17.37883711644342],[76.2285304320595,17.375843607227086],[76.22944486768428,17.365205351111683],[76.21235761670002,17.361987225337767],[76.19639195479459,17.363666653544048],[76.17031474878421,17.352624210747784],[76.1765787765786,17.324614941510255],[76.17925632073026,17.318574431481885],[76.18324816203882,17.319434673701966],[76.17631499092651,17.30078745854983],[76.16507938744442,17.30333496415119],[76.16261784682771,17.34522010011038],[76.14105159820892,17.353490585531603],[76.11895334555386,17.370504290680685],[76.09973977218242,17.364650670672056],[76.08937869840965,17.35313304002285],[76.09347056451445,17.349351015890427],[76.08749660875785,17.336508193861714],[76.07913002648559,17.331602428490104],[76.07213610978742,17.33531474673149],[76.06053521607383,17.35530774175271],[76.02853180735146,17.351136906840058],[76.01433236419842,17.353533284059043],[76.01019075327063,17.352384667883495],[75.99827234693416,17.337968175336826],[75.96870713655002,17.336467891726954],[75.93081941756228,17.32257275156808],[75.91007753635999,17.34451865174137],[75.89450228455661,17.3508304871927],[75.89058185686459,17.356522299065652],[75.89523676474009,17.37817885092052],[75.89406408347533,17.40119576316681],[75.88418844284888,17.417959582227258],[75.87650608394962,17.41614335812262],[75.87520289233821,17.398085961337255],[75.8608781353184,17.385594975297636],[75.85641359197793,17.38943178933809],[75.85108406334663,17.410525269485397],[75.83026282501683,17.421811713048665],[75.82144066005165,17.421222633437267],[75.81357524576171,17.395720190714172],[75.81366013568535,17.372759995522095],[75.80608405963218,17.36802213181218],[75.79294053266608,17.369697405314582],[75.78028041532988,17.375637176961725],[75.77203461855994,17.385744729885676],[75.76586758225294,17.405304180128542],[75.75309274696696,17.407132683733693],[75.73359475575027,17.420093012298615],[75.7280716854156,17.419418629667565],[75.71244067026645,17.40793388168803],[75.6907294189067,17.409473579495028],[75.68349596768525,17.416923784361277],[75.67809445072203,17.434055771518167],[75.67849807497714,17.45108874443247],[75.67587588916682,17.455943148931848],[75.6588376224123,17.45805792093057],[75.64878952861504,17.470327055951902],[75.63297968032826,17.47721442482069],[75.62760664052188,17.46276669634468],[75.62161243671756,17.45924621602165],[75.61335316860188,17.424741854037787],[75.60660106888822,17.420372382158877],[75.61208039486961,17.407400425397622],[75.6135163078392,17.391915138484535],[75.6061227845773,17.394478548457656],[75.59360460132746,17.387301618514442],[75.57414260690426,17.38329915096862],[75.58084537066247,17.351223008417914],[75.61002516829052,17.345040313337964],[75.61208754503403,17.325136288762085],[75.60345942859762,17.304667727093474],[75.59300430309354,17.303288959120007],[75.5795920982804,17.29272714429547],[75.54236750849978,17.276934889021717],[75.51544714648905,17.240362873468573],[75.46720993819031,17.244434244114018],[75.46579116098893,17.25184269801527],[75.44430934737518,17.254791360235078],[75.4285047209463,17.26799222856152],[75.42091149942314,17.265883864243715],[75.40833083828316,17.23934197785623],[75.40957428345136,17.22974675103767],[75.40222806404113,17.211510665774966],[75.40884974621076,17.190803812914147],[75.40631541683999,17.190621462201005],[75.40675883045832,17.18472420755743],[75.38908881165918,17.190649055778835],[75.36995009539346,17.190502550948302],[75.37055143788129,17.21718663105953],[75.36564933583844,17.236193821666284],[75.33477822049272,17.23955083514956],[75.33024403876152,17.218103116200194],[75.31701508951777,17.22041839736645],[75.28718157545967,17.215657578053982],[75.28276841905203,17.207006028618217],[75.28282860740224,17.19587515870642],[75.29988496736536,17.17869753479345],[75.30459278567601,17.169370246409255],[75.29622534846881,17.14598091914123],[75.2702741583695,17.148375219947877],[75.26994946735488,17.17957342320386],[75.2663227176996,17.17909359625935],[75.26825062253626,17.183337146226066],[75.23538751148575,17.178749289773215],[75.22223697271234,17.183646149806023],[75.21629700201484,17.195345873046932],[75.21684381391529,17.204672852789543],[75.22762664131389,17.213601991787915],[75.23191129483203,17.212816787163696],[75.24018633752324,17.218233582012026],[75.23934918455568,17.23983701829122],[75.24729448735529,17.255459208793738],[75.22527009279685,17.254358047730495],[75.20384367682631,17.264035850392204],[75.20450596202797,17.27036365354674],[75.19364608547276,17.26820902972063],[75.18997396022696,17.250965157631235],[75.17973206020503,17.235698880468508],[75.1765710456788,17.240155025845034],[75.14297761219461,17.244013888340003],[75.13372607263314,17.240638702792946],[75.12476435939597,17.243444804453016],[75.11418709378059,17.23966200297893],[75.11276630744904,17.242869558733517],[75.09918463935847,17.24405134707885],[75.1000243471648,17.247132366604323],[75.09480902600508,17.24814017322262],[75.09378072209014,17.251609082322307],[75.07959686110328,17.247600140986798],[75.07513791419046,17.233967746326833],[75.0777055878683,17.221591923186864],[75.01616904304488,17.224704850730845],[75.00881026878618,17.209281026431587],[74.98513873829256,17.204860978618793],[74.97671495461596,17.19286369767426],[74.96401873724145,17.195129873769808],[74.96496265133919,17.19803651367726],[74.95829229177173,17.201361273169],[74.95351226240497,17.198809563041113],[74.95238148429797,17.202870974927297],[74.94362969186085,17.20469962141408],[74.94754950398158,17.20123049866365],[74.94727273582274,17.197005061086127],[74.9418754562918,17.198814230977774],[74.93966557990541,17.19228605033381],[74.94390324954998,17.194409209056083],[74.94595806276759,17.189298480626757],[74.9495851927531,17.192930814747104],[74.95190550337891,17.185804152846604],[74.94647322102462,17.184970481347534],[74.95001312048376,17.17388021563186],[74.9409769869512,17.169048779842125],[74.92092497152093,17.16590541324155],[74.91860703590446,17.17369062710942],[74.90038920133324,17.176817315124875],[74.8994341517673,17.18396196359277],[74.89558714761186,17.176371402894755],[74.88653389737654,17.181261925049444],[74.89355073817352,17.18329518807055],[74.88603794302152,17.18979257967542],[74.89476045804037,17.19114786212902],[74.89454459100591,17.195268348057606],[74.88573987002661,17.19580174312992],[74.87996903260228,17.188688063903403],[74.87459361170838,17.194497670436114],[74.87127016597326,17.19017001519777],[74.87097907870029,17.197887162936958],[74.86249205281841,17.1964528756921],[74.86939341423246,17.202417907435777],[74.87106583394825,17.208870547396078],[74.8688241440994,17.21008827939074],[74.86753130802207,17.20513886446299],[74.86505755001834,17.20548968645796],[74.86218219397476,17.208282708266804],[74.86519152512861,17.210440862477892],[74.86245634866688,17.211292605925074],[74.85411616855725,17.20285187669257],[74.85836001399421,17.2082608153097],[74.85735478628871,17.21169035874933],[74.84833021126322,17.203700242191275],[74.85734429283339,17.215417761793347],[74.8670776046407,17.217653306384413],[74.87705711198365,17.212100237769015],[74.8762938611202,17.217694115990952],[74.87233275188223,17.21988621993434],[74.87777983421363,17.2219709203667],[74.882429248372,17.218238833354093],[74.88522480829016,17.22080333343216],[74.88554600446841,17.23516322779095],[74.89159339115095,17.234835397454244],[74.89446947882038,17.236610434884163],[74.89272559089376,17.239715742090088],[74.89806442189058,17.241525968709574],[74.8995116447975,17.263672522445734],[74.90902449017574,17.27597354719222],[74.93524456041334,17.275520220398473],[74.93668279444158,17.28538930949067],[74.95977433199548,17.29308698017607],[74.97043840020852,17.326917599854358],[74.96748861382972,17.33077672023972],[74.96797484954767,17.341420138655412],[74.98335865141769,17.35549214221653],[75.00831956458768,17.368205125637193],[75.00145893402237,17.389179248192765],[74.99442794477291,17.39262272698455],[74.99950475693693,17.404203995189302],[74.9977695140132,17.406639337424554],[75.00310933543648,17.408770158421692],[75.00474426261076,17.41347700830352],[75.02326094117326,17.407935290181342],[75.03514191951541,17.418083371414376],[75.03258672045521,17.444946136937865],[75.04160373470388,17.468416432173342],[75.03904542438757,17.48658287531684],[75.03173359503651,17.495685472194413],[75.02711965039927,17.495259200423288],[74.99007013111806,17.475691100905735],[74.98025828628784,17.465788416603942],[74.97340443892372,17.466130751077145],[74.96057742699702,17.4919984015974],[74.94785383613413,17.498436012314095],[74.9430919885912,17.507399389578893],[74.93708982781978,17.50930145005433],[74.94314972549448,17.521889083920122],[74.95896880803957,17.522329983739535],[74.98409843320262,17.538206607202273],[74.98512081514107,17.54489336014755],[74.96246856230209,17.56207449529976],[74.96186059426216,17.59146401560273],[74.95307760825428,17.587845480585365],[74.94434557782206,17.590788333748236],[74.92047612201003,17.576797299314833],[74.91543996361028,17.580034845040448],[74.91744670249001,17.598201469470986],[74.91492227054562,17.601455757077026],[74.92371629497083,17.619281762274692],[74.90903434289929,17.62089865867772],[74.90903515581859,17.62985173425468],[74.90316248128626,17.632522232658015],[74.89860753958405,17.64879859057],[74.89100183362449,17.659038158698124],[74.88573890803615,17.682704869284677],[74.88351102682863,17.684799730458185],[74.88016941640043,17.68090376028038],[74.8742519418406,17.681725843180768],[74.8706874295241,17.69193929317371],[74.86410144036395,17.694197209426562],[74.86460403698732,17.705092769016062],[74.87220872077035,17.724599325084323],[74.86751204548652,17.73105995317675],[74.85960861488864,17.731052545756775],[74.85021018572168,17.724608771277367],[74.84761715515786,17.732145935720485],[74.8385241052575,17.727204622768756],[74.81472363046758,17.753539482319617],[74.80708281028123,17.755033691423076],[74.79944448022447,17.76156619297018],[74.78638919699571,17.761367242576796],[74.7858115016863,17.767292788272407],[74.77916958917605,17.776499865163913],[74.77392313626379,17.774205374366755],[74.77510820178175,17.770450944535227],[74.77149695927463,17.772653121836218],[74.77223767378067,17.768348806468577],[74.76754897945204,17.76948874109593],[74.76432380958303,17.76102906709786],[74.76330308140697,17.765279817448594],[74.75960188910929,17.76257963076297],[74.76077501828821,17.76894878367678],[74.75681108531252,17.76210953857679],[74.7544174011341,17.770197561683748],[74.74920747691876,17.76556986593414],[74.74813504568321,17.76784927716194],[74.74516134683101,17.766017843846488],[74.74501873624416,17.76905541728594],[74.73761431599124,17.76738180768498],[74.74367295235135,17.77124885109609],[74.74066783672204,17.775428271442774],[74.7514079822311,17.772395645598905],[74.74615275696904,17.778645499203375],[74.74831530904306,17.779767834387194],[74.74591358967675,17.78412938732201],[74.7507057148422,17.786366521382206],[74.75011288712527,17.781143083007088],[74.7561368977627,17.774225437637114],[74.75591346390212,17.781072032433023],[74.74838717246668,17.791550868715902],[74.74093580288026,17.788914833050686],[74.73542502277415,17.790765709874652],[74.73358202879265,17.795023002679198],[74.72840873455569,17.792474154973164],[74.72579996525307,17.797771819487334],[74.72681357029586,17.793615719231305],[74.72397637405618,17.794483238058366],[74.72135999496658,17.790569989309788],[74.71941691542533,17.79228720117007],[74.7149544343089,17.78683937548324],[74.71228391514528,17.7888028636076],[74.71328249876423,17.796224529123457],[74.7081868077881,17.788828755533725],[74.70555463183781,17.78891036425173],[74.70583529325789,17.792262169351027],[74.69940509247704,17.790165606763072],[74.70657821739269,17.796697358379387],[74.69960599078313,17.793441487207424],[74.69411311667402,17.797331221881112],[74.70278725949957,17.798885299440716],[74.69750034388379,17.800372189397915],[74.70020736303876,17.802942194244164],[74.69776761815196,17.804170901664758],[74.70387223091356,17.81057621023507],[74.69697258167021,17.80477858264478],[74.69836375060504,17.81374563472135],[74.69471478463431,17.812070378409675],[74.6932165064019,17.80569262404582],[74.69068185185252,17.80707025243979],[74.69231420387794,17.809446441339055],[74.68879898628632,17.811725230473986],[74.68799058884494,17.80893787183026],[74.68453664325031,17.812766809184275],[74.69006232558979,17.81674151080085],[74.68247069411822,17.81883276792667],[74.68974633906561,17.820234641138345],[74.6897464661654,17.823374813982866],[74.69471638606711,17.82141888728263],[74.68350495961538,17.826825069440684],[74.69112223505905,17.8282399620757],[74.68973301718472,17.830346886040875],[74.68402885807849,17.82899382869291],[74.68274207581398,17.834877180202717],[74.67762055878632,17.83514246302828],[74.68267677917817,17.837981325895882],[74.67790961456909,17.84043924890585],[74.67942745320299,17.850395855120336],[74.6727770259272,17.85360050077918],[74.67296139225328,17.85679206011141],[74.66667671922363,17.856987549961012],[74.66548769639662,17.864223204293097],[74.66275739214471,17.861795795999946],[74.65353678022414,17.863602321894934],[74.652702988026,17.85793750911764],[74.64740651667196,17.85525870104397],[74.64858369736072,17.850510814610015],[74.64359024156836,17.84864293009206],[74.64527542982134,17.845067746946672],[74.65196210063893,17.844396518709832],[74.63651949191646,17.84111283643538],[74.64849452449839,17.838775898384846],[74.63605817819122,17.83714591475594],[74.6431478821528,17.83097124720726],[74.63562562487242,17.829557140735844],[74.6293136237474,17.840092847167284],[74.63030502361332,17.835111983041443],[74.62746306782248,17.831533142535456],[74.62403164961634,17.837489155157932],[74.61887429107638,17.829142786101166],[74.61563623284397,17.830898071931486],[74.61744825282479,17.834486277771237],[74.6127019355605,17.833207716888165],[74.61802379142804,17.837109008676887],[74.61540959637928,17.83970470025733],[74.62076431349855,17.839630379866595],[74.61837355339364,17.8440001817329],[74.62114725772955,17.845204252686752],[74.61154375107247,17.84577655539599],[74.6105351836908,17.84322841088554],[74.60706300319706,17.845236499489015],[74.61227679495735,17.85333455998768],[74.6085399046886,17.858428070908253],[74.61191285130458,17.86218476941673],[74.62619631887527,17.8652752467397],[74.62868694386596,17.87028685446036],[74.63607202719281,17.873544633428228],[74.63224371182548,17.894387907902782],[74.64272138382287,17.915244507730737],[74.65319770118064,17.91943685221332],[74.66730031861654,17.97820440728958],[74.66743231491085,17.989934092272097],[74.66232705705167,18.003848959779308],[74.68681177200048,18.020523963717082],[74.71123830283302,18.02929941105313],[74.72414312764404,18.031090253096146],[74.74188704040843,18.026733201331993],[74.74537327478143,18.018198190305448],[74.74941795248745,18.016119304483528],[74.75790779283946,18.021837248486467],[74.76810227571528,18.023318091753087],[74.77420316370524,18.0107614233451],[74.79031443203186,18.0084064697811],[74.80262389870917,17.996664134838003],[74.8124503198804,18.000286269233023],[74.81172475073699,18.009672330305985],[74.81882933924007,18.01510403222911],[74.83223691247031,17.99317718739927],[74.836051950565,17.992085952377764],[74.84507529891457,17.99658372432133],[74.86208728418809,17.99253797314697],[74.85851927133116,17.970246778586727],[74.84311788743513,17.95252014897874],[74.84587633064679,17.94585076306362],[74.8543474399183,17.946374318896563],[74.86577800595622,17.952396298276273],[74.87124210629527,17.950122586175798],[74.8735041828653,17.9432168631753],[74.88364151436798,17.94229963925854],[74.89379805941138,17.936498328712105],[74.90293906596007,17.94366201119706],[74.91287572575287,17.94549034724714],[74.93710448663857,17.9415738594244],[74.94283465519364,17.936717980639482],[74.94120228871923,17.924261793245662],[74.95257004032455,17.923309819644498],[74.96349894097612,17.91736243675921],[74.98304553627939,17.91798475360261],[75.01899200412454,17.90899010967089],[75.02019673082265,17.897340203199683],[75.02403301892163,17.895037064427008],[75.03859688480931,17.906125599538832],[75.05410520058393,17.905040530448634],[75.04500686776198,17.919084928074046],[75.05100126141703,17.927266492760722],[75.05593784066397,17.92802945454159],[75.06717139546072,17.918780844085465],[75.07397993717576,17.91730251159138],[75.08785809078213,17.926855585385262],[75.08014581033976,17.935647746368417],[75.08192247270281,17.94081187327488],[75.0968875409323,17.946545754966376],[75.10991883414302,17.937611970612288],[75.11836531528843,17.948597967638193],[75.12715914423107,17.95238114123425],[75.12881052898254,17.960737013242728],[75.11702310646587,17.96517761195156],[75.115743854312,17.970384751076786],[75.11974508435668,17.973509256812115],[75.13605991522167,17.97189915845426],[75.12914049989632,17.978638687031104],[75.12473920364307,17.996164233254856],[75.11728238058049,18.001363771955145],[75.10863612134509,17.998948794274437],[75.10528044331612,17.982807254826632],[75.1003590949776,17.976057913436126],[75.08093810054619,17.98214294259926],[75.06894585505631,17.979613235193124],[75.06337752908814,17.96433256908241],[75.05312563047801,17.95210381900877],[75.03846938266935,17.949754341550644],[75.0201415023039,17.966695042220195],[75.02776587087418,17.989491252592476],[75.04687583560278,18.012724029424234],[75.05158600318825,18.024158181072796],[75.08062366435291,18.039091039961015],[75.08539449462043,18.056989636698436],[75.09472531572091,18.069630603417338],[75.11329948581543,18.07482764446859],[75.12872633445608,18.074572154438762],[75.13582423167064,18.092741532010344],[75.15574758917242,18.10164281390375],[75.1623625745387,18.108538100902095],[75.16092364243119,18.117290502170263],[75.15205255479526,18.12191890974797],[75.11030634047304,18.11727435777944],[75.09584175632847,18.11864462427263],[75.09215630533544,18.122815755980294],[75.09188272279917,18.14890942243503],[75.11033719937781,18.187046586787694],[75.11193076120408,18.205034718111815],[75.10611423803685,18.219994375431213],[75.0825149183125,18.218413186576207],[75.05808823702581,18.199576449941382],[75.03800380537638,18.196302977064143],[75.02274536569507,18.189719917718655],[75.00843036226973,18.209325222883898],[75.0235490066029,18.236052575474933],[75.04407252813603,18.25420508865503],[75.0418219375974,18.26234111018509],[74.99137098548132,18.240571110744195],[74.96310113895149,18.251652530775267],[74.94876780895152,18.26646050603268],[74.92523357612995,18.259864317405647],[74.89210423522645,18.25948825090343],[74.87641551592124,18.24918955646688],[74.84248332347481,18.245334380082756],[74.8325069852769,18.249140789291697],[74.81703336361868,18.267882653463882],[74.79916652297351,18.277570588361822],[74.79531246984114,18.284751369610838],[74.79635058815492,18.294595644425247],[74.80296051054385,18.302266719955913],[74.83293010318782,18.295318346669855],[74.84206540687593,18.29849044801389],[74.84441714420471,18.308213605786893],[74.8341327959922,18.32050658049293],[74.83340436332384,18.335029006571144],[74.8516945609933,18.329943697993546],[74.8553818540799,18.331936099949264],[74.85489980581987,18.334904377427602],[74.86448907382248,18.33607203941316],[74.86734647029171,18.352715571276985],[74.88530757356605,18.35699541968259],[74.90805217433211,18.356777624430382],[74.91468280348442,18.3786251083396],[74.92241078626456,18.378109253809146],[74.94972642831183,18.3882862311659],[74.95888296293747,18.38918121858435],[74.96621574171171,18.385541584310058],[74.97909998479219,18.399795487054018],[75.00538723297599,18.403339680861695],[75.01544428103244,18.43671426496067],[75.0501679559783,18.429679650413256],[75.05826069649001,18.41933582481671],[75.07944271681654,18.423414077121784],[75.08053995016546,18.42842602270151],[75.09022753529248,18.43133945957149],[75.0905186192851,18.451344731915622],[75.1047232318671,18.489592761336255],[75.12198703611404,18.49247290774725],[75.1329848742903,18.52583078844147],[75.15825234047065,18.519875758973672],[75.1803523459348,18.526786558319614],[75.18197961671578,18.530526298629045],[75.20162734719213,18.5313184611523],[75.21349938879574,18.554071240199875],[75.22840739630196,18.54093884347235],[75.22885995618456,18.540879535858462]],[[75.61409396480803,18.157573775556568],[75.60830681786122,18.16102096911949],[75.58837438467464,18.152839542160628],[75.59357626504112,18.1460878753974],[75.60113739372598,18.147689186404715],[75.60366255508494,18.143738715851818],[75.61061525846988,18.14676910455981],[75.60959429354965,18.150279471356754],[75.61440529033682,18.15060498739741],[75.61407057170786,18.156916046144424],[75.61409396480803,18.157573775556568]]]}},{"type":"Feature","properties":{"OBJECTID":559,"STATE_UT":"MAHARASHTRA","STATE_LGD":"27","DISTRICT":"MUMBAI SUBURBAN","DIST_LGD":"518","REMARKS":null,"Shape_Leng":123184.315135,"Shape_Area":418337722.405,"sourceDistrict":"MUMBAI SUBURBAN","district":"Mumbai Suburban","labelPoint":[72.884596426797,19.131658149129823]},"geometry":{"type":"MultiPolygon","coordinates":[[[[72.81092608177646,19.079412914751774],[72.8114468320746,19.074376586714592],[72.80791615265838,19.074017863512445],[72.8108315051644,19.079799822560588],[72.81092608177646,19.079412914751774]]],[[[72.77388412201816,19.134077674994725],[72.77411825002528,19.134037426402084],[72.77428404936651,19.13406806603764],[72.77446037048684,19.134058188407774],[72.7745924576795,19.133902717854845],[72.77479244008644,19.133694327708877],[72.7748583616608,19.133519359849345],[72.77483883849374,19.133338028628057],[72.77477538774069,19.133201055527223],[72.7746717137702,19.133158162207536],[72.77448611018701,19.133158715186408],[72.77429618852588,19.13314115149222],[72.77416478200536,19.133061522603033],[72.77398581406638,19.13298538213226],[72.77368774547897,19.132911231616365],[72.77356000876526,19.13287689776706],[72.77346965995893,19.132874990002907],[72.77331943612491,19.132993931089427],[72.77320749107903,19.133100148026347],[72.77312824405546,19.13323412866216],[72.77299664882749,19.1333670230928],[72.7729792490722,19.13350238517541],[72.7730411845446,19.133702656044605],[72.77320655138888,19.133751355346966],[72.77331016523195,19.133798765070164],[72.7734462260749,19.133878540978202],[72.77360240332173,19.133918006788107],[72.7737235043385,19.134029123592903],[72.77388412201816,19.134077674994725]]],[[[72.78140269990296,19.132688400133816],[72.78230749974114,19.13506279971009],[72.78145119960419,19.132697400169306],[72.78140269990296,19.132688400133816]]],[[[72.76689245165709,19.239892806820954],[72.76650225234492,19.239457405317488],[72.76635915140453,19.239463804909207],[72.76616405033771,19.239522303435887],[72.7660405488259,19.239652302824833],[72.76594954733073,19.239866802238208],[72.76594294656347,19.240029202736327],[72.76617714501674,19.240620602926946],[72.76632014370978,19.241095003405473],[72.76669084325856,19.241426405297386],[72.76693794507132,19.241465406464293],[72.76723704530339,19.24160840701316],[72.76732164507976,19.241725307508037],[72.76734114344954,19.242134707285302],[72.76741914345672,19.24224520744735],[72.76764024465767,19.24224520845599],[72.76778984599997,19.242154209130064],[72.76799794729916,19.24195281045244],[72.76804345064767,19.241328910973845],[72.76790685122096,19.24119251035547],[72.76746464893353,19.2411210084114],[72.76728914892956,19.240958508022516],[72.7671200498979,19.24045810730137],[72.76689245165709,19.239892806820954]]],[[[72.8500707598755,19.26948562494973],[72.86588194277944,19.266810221153793],[72.86839137416914,19.261375945584124],[72.87539004219065,19.260641538925782],[72.88833090707762,19.249806571635883],[72.9058797892898,19.246653128222125],[72.90602618582093,19.23775624644689],[72.91779983763107,19.223953670110323],[72.9203011897431,19.213492813470694],[72.93072459419595,19.208595211425965],[72.93790028292241,19.211086681030466],[72.93354777181764,19.204223527960483],[72.93406256103331,19.19113203237044],[72.94046097771565,19.186655272725293],[72.95353864863739,19.185084172721897],[72.96227602769842,19.176513136348692],[72.96620386331186,19.177923931485903],[72.96667216012658,19.17121180955982],[72.97187359291979,19.1681370173424],[72.97257661238294,19.162210640432153],[72.9811293626922,19.155607937538008],[72.96570005926684,19.09992661894428],[72.96608962320165,19.069288153936093],[72.97564958305128,19.047392184863675],[72.97646086694698,19.038623211429737],[72.95604843110635,18.98779251527791],[72.9023278280318,18.9789060852387],[72.88932127235189,18.979425869063775],[72.87984097526748,18.9907777337855],[72.88572455280253,19.012073232067664],[72.87738487059137,19.024832205015052],[72.88147639584601,19.036484940475315],[72.87922580558357,19.047641257728205],[72.86687153976709,19.053004223262846],[72.83839863777264,19.047901605674944],[72.83695179872961,19.05277479784517],[72.83178053983262,19.05324633521443],[72.82707941928446,19.04589884902541],[72.81701339796933,19.041474100803253],[72.82444874605099,19.05584346971117],[72.82193765117168,19.060381629526287],[72.8229924398398,19.08004511563938],[72.8279816739488,19.077390159863935],[72.83322334260298,19.0848310559811],[72.8258909093338,19.08473198951976],[72.82753440423247,19.094349509573757],[72.82109253528189,19.118320526581147],[72.82869673747292,19.116619928893854],[72.82055541192305,19.12057058339352],[72.80444427573877,19.14073944487365],[72.80607760477326,19.146652798187905],[72.81155549915745,19.144772813980474],[72.80684568187785,19.15145069078709],[72.80050794777176,19.139553508031646],[72.79552593872178,19.141393880143657],[72.7969947812255,19.134487124497255],[72.7860730224757,19.133520795627287],[72.78907621275802,19.13655967881333],[72.78969196631364,19.14733169813216],[72.78196137139958,19.159289588491585],[72.7844703682663,19.16354370072428],[72.78164227974995,19.167884592924647],[72.78578765148632,19.167474229695934],[72.7948625275447,19.174697064428457],[72.79544022709396,19.19533152622281],[72.78172597150474,19.194333717858097],[72.78253403749612,19.201333427305922],[72.7861974296605,19.204485522474478],[72.77999945781181,19.208574716164936],[72.78142973427288,19.218088334453057],[72.77557590453517,19.227190892065472],[72.78049597611263,19.23282526477324],[72.77872796064378,19.23963500915344],[72.7838394887646,19.265069344840132],[72.78948169649472,19.26169164803765],[72.7997246835979,19.262549708786356],[72.81269052707441,19.249760549224153],[72.82401561457682,19.245961562258376],[72.83850539355161,19.25315445932444],[72.83628620143814,19.259637170281312],[72.83976266972915,19.26841702593083],[72.84543627695403,19.266791564027347],[72.84918028180061,19.26960960893185],[72.8500707598755,19.26948562494973]]],[[[72.75836850028743,19.26668399970668],[72.75830030015365,19.266625700431305],[72.75809100030231,19.266679200427014],[72.75796439995894,19.26683969961518],[72.75795959988213,19.26710240027264],[72.75812989955904,19.267481800432627],[72.75835380038995,19.267681199602833],[72.75852420040556,19.267681200277405],[72.7586654000839,19.26757420020332],[72.75867510008347,19.267224000249954],[72.7584706996382,19.26695639971655],[72.75836850028743,19.26668399970668]]]]}},{"type":"Feature","properties":{"OBJECTID":560,"STATE_UT":"MAHARASHTRA","STATE_LGD":"27","DISTRICT":"THANE","DIST_LGD":"517","REMARKS":null,"Shape_Leng":440115.988646,"Shape_Area":4136131635.76,"sourceDistrict":"THANE","district":"Thane","labelPoint":[73.31943263803456,19.36111043382396]},"geometry":{"type":"MultiPolygon","coordinates":[[[[72.7637481000792,19.284131899996922],[72.76354429985332,19.284106500360256],[72.7634508999485,19.28417429971737],[72.76343389981261,19.28431010020609],[72.76374810014497,19.2846750000202],[72.76378209972783,19.28480229956688],[72.76391790013669,19.284963500114085],[72.76413870016128,19.285005899650567],[72.7643594999228,19.284844699794142],[72.76436800032096,19.284564699558526],[72.76415570037915,19.28449679999969],[72.7637481000792,19.284131899996922]]],[[[72.7705038701138,19.30895691772515],[72.77032981679405,19.308862844362334],[72.7700770675456,19.308875560799738],[72.76970878977302,19.309143644085673],[72.76945323942901,19.30948201897545],[72.76952341804898,19.309736676343444],[72.76970539480354,19.309898858079734],[72.76999196368983,19.309868673083326],[72.77026395512767,19.30964375921602],[72.77044866854253,19.309484885848462],[72.77054797168854,19.309310607964225],[72.7705038701138,19.30895691772515]]],[[[72.77263915162925,19.30849084852832],[72.77245235419613,19.308333217148675],[72.77228038382644,19.308352161641544],[72.77198101700536,19.308730288161396],[72.77179832643782,19.309006784312402],[72.77197959303794,19.309404059115014],[72.77213179849642,19.309818770553047],[72.77224885307263,19.310110669892573],[72.77248706055926,19.310314722006602],[72.77248662785837,19.310536272107143],[72.77267221477462,19.310748261503186],[72.77278730870755,19.310714441636335],[72.77283759351768,19.31039441950944],[72.77282015492597,19.310122704175907],[72.77293633244288,19.30984024641673],[72.77293906329105,19.309519282336517],[72.7728192113901,19.309145881312464],[72.77277336329666,19.30886451537598],[72.77263915162925,19.30849084852832]]],[[[73.4826802296576,19.725785859058934],[73.49480317355346,19.71676950047125],[73.51899193360323,19.707510249487413],[73.51455979339217,19.6986923383233],[73.52854639498456,19.69772812689156],[73.52826882217356,19.689229228449054],[73.53465438514424,19.674586670100915],[73.5438896058065,19.664882460665652],[73.5441267157308,19.657903869761483],[73.55958580346197,19.644367714755788],[73.56328402174414,19.61847845334684],[73.56882714329043,19.61624504305409],[73.57082883084036,19.61955259744596],[73.57546978570174,19.61840022849803],[73.58120751762671,19.612954111252918],[73.58141208401337,19.60870723845456],[73.57492200616632,19.602157822706452],[73.58364584401605,19.60649975640305],[73.60634188557187,19.59496355493034],[73.61400096145147,19.59548214575224],[73.615870762674,19.58611985589005],[73.61814179827039,19.586321532921996],[73.61437545267701,19.57674048383126],[73.61770262624496,19.581334487296253],[73.62846170739353,19.5685013859544],[73.62589062812899,19.565965898553902],[73.62666127391081,19.55305696047103],[73.62190500791822,19.548529880093746],[73.62260878398267,19.542078974256],[73.63191184663522,19.541654695434648],[73.63291932514569,19.532707688360045],[73.63913203415726,19.53914845019456],[73.65692716630898,19.536836738223702],[73.66456673909867,19.51211551846783],[73.66987732744558,19.513367769159455],[73.6751834286084,19.509491895437417],[73.67962101320789,19.518757386748913],[73.68613726930977,19.514445065469456],[73.6897932472251,19.506475625296684],[73.68628628898809,19.50014619693978],[73.70798859265739,19.49605415055544],[73.71351147879416,19.484426565981273],[73.70793674830196,19.484441377432784],[73.70597606571232,19.478989746702467],[73.69584750566825,19.47871024957862],[73.69482806074664,19.46979366181041],[73.68478478017211,19.46615454387571],[73.68460197152697,19.444802280984504],[73.69314042016524,19.433565822924415],[73.7031950350325,19.434551846255673],[73.70787989401828,19.427679085592818],[73.71069785726043,19.431692135684763],[73.73071695765815,19.430231265658282],[73.72898499194147,19.422002360718988],[73.73592104545972,19.407542719026498],[73.75140565687899,19.407252356218574],[73.75305522679022,19.397048778812906],[73.76994817520298,19.392012277492956],[73.77144056425003,19.38647524912185],[73.77798211804787,19.38724114091086],[73.79474431853343,19.342740611812147],[73.7932510600938,19.333787103911693],[73.78745965646664,19.338204476343854],[73.77906472757155,19.33585695073771],[73.77170814856122,19.342375600523948],[73.77015392777747,19.331554061390857],[73.76114822058584,19.327516826677044],[73.75837192646087,19.331146266255473],[73.75045313012785,19.32740484271521],[73.74715701758353,19.31814770610877],[73.7460434701867,19.32421842623693],[73.74339629555263,19.324232017346834],[73.74686674287473,19.337233820037458],[73.7094204638869,19.32490780920687],[73.70186334146356,19.312702480081935],[73.68686261635352,19.31513139280343],[73.68167123303077,19.307471792275162],[73.66926445825877,19.305167415138918],[73.67293348979615,19.301107400042174],[73.6674733405486,19.291430640293253],[73.67348027732756,19.290244153095664],[73.68052170313202,19.273885849393505],[73.6901736307802,19.268685060773507],[73.69501207236097,19.25818233383477],[73.69326731473036,19.25146960281817],[73.68539283480379,19.24232239236182],[73.67205875106602,19.23946628820053],[73.66266685252555,19.242073681100354],[73.65834242741444,19.23933488215736],[73.64472370772178,19.219890038483324],[73.62997340307683,19.205712106148283],[73.62269250680968,19.216458083480912],[73.6086533541524,19.210608893685052],[73.61053251191146,19.20193837014216],[73.60814301130759,19.19361704178341],[73.60568483019993,19.1949382472216],[73.60637404121046,19.190495842415302],[73.5969167634031,19.19565965757179],[73.58384141322303,19.190284635584764],[73.57584952036353,19.194365153406686],[73.56698176821776,19.19006062642719],[73.56614639124201,19.184601286436482],[73.56025658345226,19.187534300877264],[73.55611145030838,19.183933338165524],[73.54582911072882,19.187092982644916],[73.54450742564963,19.177127379795266],[73.53629354856717,19.177041685911],[73.54258226834742,19.15882754889804],[73.54009859785677,19.160743120927798],[73.53284118022749,19.153549763861722],[73.53418836928543,19.14564345236331],[73.5425501653127,19.14053855915456],[73.54243596028809,19.120255549005552],[73.52308542531722,19.131217829498034],[73.49051030570945,19.127946243760793],[73.48652057641058,19.12325829833075],[73.47775387557289,19.133148344034836],[73.46744477758618,19.135482634595608],[73.45725721965728,19.13139732195349],[73.44617091626006,19.13403657028026],[73.43063477720835,19.126380679183146],[73.40454906449791,19.13469099647488],[73.39553045333787,19.131602321257134],[73.3856551675628,19.13280419238665],[73.3722909936754,19.126691131976276],[73.35838565690774,19.1307723558577],[73.3263364026417,19.11967461374733],[73.31622955745304,19.10763360345044],[73.30742831700407,19.10693411618393],[73.3092824809482,19.099602182067354],[73.32200667030595,19.086989044813137],[73.31395527955354,19.076904798822117],[73.30587915861852,19.07844019543511],[73.29763001574167,19.072318059669232],[73.2977828226997,19.0834405214247],[73.2816431208256,19.087365001534486],[73.2642242114336,19.072226536446127],[73.26407274811073,19.06626698178642],[73.25073923682974,19.061772575608586],[73.23807881509092,19.07014672683112],[73.23486248809256,19.068556713659397],[73.23050639905209,19.087959230048124],[73.21282696919796,19.09939099993124],[73.19407776392747,19.127455793387515],[73.17940784998714,19.1159383558306],[73.18214590190654,19.105824356268098],[73.15267602287713,19.113533227816067],[73.1434112923404,19.127449224873747],[73.13358434428422,19.117159002238697],[73.13034687533175,19.10866918425028],[73.12274586057168,19.11051399242532],[73.11787421701489,19.106735728044345],[73.11103121526037,19.111119264681758],[73.09966483071953,19.10616580291796],[73.09439387447837,19.114802513679084],[73.08397112925483,19.115692787370925],[73.08120309397061,19.111726729729227],[73.07744798120426,19.114366586587327],[73.07481607323291,19.11025770611594],[73.06495909901292,19.110701042315682],[73.05715965989779,19.102242493658885],[73.04752583032239,19.09981812706199],[73.04857557758494,19.08787346753601],[73.04349455917371,19.069284883290976],[73.0461683510221,19.059480370991718],[73.04323155849329,19.054534264194288],[73.04934916483249,19.043488403120815],[73.04654711362811,19.02057137518381],[73.04963395844489,19.015972891052943],[73.04369348487974,19.00739385639918],[72.99814830362213,18.987000695095706],[72.95604843110635,18.98779251527791],[72.97646086694698,19.038623211429737],[72.97564958305128,19.047392184863675],[72.96608962320165,19.069288153936093],[72.96570005926684,19.09992661894428],[72.9811293626922,19.155607937538008],[72.97257661238294,19.162210640432153],[72.97187359291979,19.1681370173424],[72.96667216012658,19.17121180955982],[72.96620386331186,19.177923931485903],[72.96227602769842,19.176513136348692],[72.95353864863739,19.185084172721897],[72.94046097771565,19.186655272725293],[72.93406256103331,19.19113203237044],[72.93354777181764,19.204223527960483],[72.93790028292241,19.211086681030466],[72.93072459419595,19.208595211425965],[72.9203011897431,19.213492813470694],[72.91779983763107,19.223953670110323],[72.90602618582093,19.23775624644689],[72.9058797892898,19.246653128222125],[72.88833090707762,19.249806571635883],[72.87539004219065,19.260641538925782],[72.86839137416914,19.261375945584124],[72.86588194277944,19.266810221153793],[72.85780981965566,19.268875080687415],[72.83976266972915,19.26841702593083],[72.83628620143814,19.259637170281312],[72.83850539355161,19.25315445932444],[72.82401561457682,19.245961562258376],[72.81269052707441,19.249760549224153],[72.7997246835979,19.262549708786356],[72.78948169649472,19.26169164803765],[72.7838394887646,19.265069344840132],[72.78547709316878,19.26677359026171],[72.78103111153074,19.2701180752532],[72.77865496899992,19.278924847751334],[72.78283146847373,19.279386370986792],[72.78438025289543,19.283333558965065],[72.78585910872377,19.30637996894288],[72.79502662507754,19.315030351046214],[72.81571948815028,19.314477255227363],[72.8308494796232,19.32852098506218],[72.86028827747002,19.326162376746773],[72.87161007659445,19.322015511432884],[72.90224346776358,19.289686226949843],[72.92238207006513,19.29009441101757],[72.93232006361842,19.287193243388046],[72.93714216412825,19.289325273427057],[72.9431370483791,19.297095153739523],[72.95521446301781,19.300333793568647],[72.94492993469474,19.31287564071647],[72.9418951297469,19.332238531681355],[72.94742083842449,19.353889167404656],[72.94927230740606,19.379270457619],[72.95908349198479,19.381647881751192],[72.96220504133692,19.385593645134293],[72.959900850577,19.39877096519522],[72.97697177281296,19.398675527915774],[72.98102138497369,19.41374439967472],[72.98699812781395,19.412115710186416],[73.02045285675707,19.446847927407976],[72.99393392673473,19.466761146628087],[72.99548421173473,19.478808291825768],[72.98845645801123,19.48985090570852],[72.9999361633542,19.495944857213495],[73.00358082360471,19.5036266878201],[73.01076465013655,19.502613088840572],[73.01715265279144,19.507013791195803],[73.02280014694892,19.494411577793425],[73.02749710843679,19.491166480151076],[73.03627608862655,19.497286723277053],[73.04811817876546,19.49317178599776],[73.05708606416718,19.478980082658072],[73.07261637273989,19.47917993163465],[73.0772168983132,19.484088241222647],[73.09632407834248,19.490779815038405],[73.10046334085987,19.495618588736036],[73.10859728805053,19.494054845709357],[73.13310630785364,19.501168073034982],[73.12956592248165,19.51089296697358],[73.13337522602781,19.51667879120869],[73.16801198268647,19.522471071903443],[73.17941617926589,19.537836189830287],[73.18635149080357,19.540861322405068],[73.1979843997124,19.553470198304314],[73.20790182228366,19.556499583765447],[73.21106028612876,19.562386379179124],[73.20405956457758,19.569715124773868],[73.20432908455193,19.579095811674833],[73.19452155280044,19.594185323904725],[73.19448314908063,19.600017300212283],[73.22706243134482,19.603097028001294],[73.2299259112786,19.614289171903245],[73.23403005480688,19.61657287822403],[73.23870979659382,19.611928836914853],[73.2473075584693,19.610278096119398],[73.24966461198574,19.620537275311445],[73.25730539559838,19.628555329269773],[73.25610971447672,19.63179607009112],[73.2768414924066,19.62431118016201],[73.28366313292887,19.62626649056969],[73.279451700579,19.639467065899495],[73.26747094374926,19.65190156316047],[73.27242773086533,19.654476328441824],[73.27104099935933,19.667149991213172],[73.27539897114796,19.668480464398225],[73.28373760675147,19.691086585927447],[73.28871425247965,19.693237535947176],[73.30136173612178,19.689464259044207],[73.31084015560171,19.67361221091284],[73.31932513690309,19.673553756128165],[73.3308142847196,19.695138107920148],[73.34903557371662,19.69525168864044],[73.35883113761186,19.68688405421145],[73.36752639364857,19.686800704996347],[73.36830730526803,19.690470669314067],[73.3764495457931,19.688393096744118],[73.38106046803924,19.690655285242897],[73.37987514726382,19.698255495587865],[73.382563558396,19.700077285704236],[73.3862744354672,19.69549743658019],[73.40396933073201,19.70109848422655],[73.41485310961502,19.69744492727544],[73.41464765201759,19.708726031122158],[73.418106840577,19.705891325243527],[73.42389949280934,19.70706898764737],[73.42985158479286,19.702144917785553],[73.43341951318484,19.71076443429936],[73.43921275094871,19.70864188669734],[73.44598695186568,19.717193884601098],[73.45509199536299,19.714411006373304],[73.45659137827779,19.723510086656837],[73.4644991571531,19.718221191734138],[73.47550304779546,19.723774122105876],[73.47567289157912,19.731483266255434],[73.48046770133945,19.727275790092893],[73.4826802296576,19.725785859058934]]]]}},{"type":"Feature","properties":{"OBJECTID":561,"STATE_UT":"MAHARASHTRA","STATE_LGD":"27","DISTRICT":"DHARASHIV","DIST_LGD":"525","REMARKS":null,"Shape_Leng":804931.327811,"Shape_Area":7361897185.8,"sourceDistrict":"DHARASHIV","district":"Dharashiv","labelPoint":[76.03738157701748,18.18846631707914]},"geometry":{"type":"MultiPolygon","coordinates":[[[[75.60831667721231,18.160909213919652],[75.61410619984842,18.15791351882084],[75.61440529033682,18.15060498739741],[75.60959429354965,18.150279471356754],[75.61061525846988,18.14676910455981],[75.6045040899119,18.143926646807923],[75.60113739372598,18.147689186404715],[75.59357626504112,18.1460878753974],[75.58837438467464,18.152839542160628],[75.60830681786122,18.16102096911949],[75.60831667721231,18.160909213919652]]],[[[75.58524599331774,18.69817064334447],[75.60612275436213,18.686760523704887],[75.61603922811685,18.663786989848266],[75.64758527378056,18.647889354106226],[75.66065489600487,18.645558309128685],[75.66657353043487,18.651438570456282],[75.66429007833501,18.675052005631755],[75.66970601692059,18.691258220737907],[75.7011945907384,18.689172370597916],[75.70675867574538,18.68334550735262],[75.72979843858525,18.67406830378782],[75.73159505831137,18.679885258731165],[75.74261406619064,18.679767775014692],[75.74318180204256,18.68226202995782],[75.75304434444374,18.678663114982665],[75.75603041274897,18.680559123925775],[75.77141715485169,18.669154562382648],[75.77325644999975,18.67358788132676],[75.77689576992739,18.672966458358406],[75.77971494211049,18.670908292296538],[75.77863133453207,18.665256614875076],[75.78807707611318,18.65567620921887],[75.79340278444793,18.65423368546712],[75.79974733125988,18.673002185856284],[75.80680350568541,18.671937446164048],[75.80791124988681,18.668689593033776],[75.82074089657944,18.668517670633413],[75.82278079812372,18.6626121321218],[75.82947333412991,18.66391999749474],[75.84789915489428,18.655357957104215],[75.8574825023359,18.6597377276192],[75.8556407398234,18.64938306329425],[75.87166656600711,18.653819554414735],[75.8730278754628,18.648250355412735],[75.90643692402406,18.649206098101995],[75.92079644040255,18.643074065820603],[75.93745114173538,18.641390934756863],[75.94467943195772,18.634759511332344],[75.94633241873794,18.625100762454846],[75.94286453277705,18.62038237557568],[75.943708470279,18.60969102942121],[75.94808640514839,18.605059451980704],[75.95691433471815,18.60466360383181],[75.98610773335304,18.618805078464533],[75.99397978301562,18.61719957081054],[75.9966392371035,18.606954679901783],[75.98934139065405,18.60289629059236],[75.98257240491732,18.590834054418657],[75.99533069432019,18.58286779747545],[76.00786115322376,18.58549534761797],[76.00488218868314,18.601000924873112],[76.00734133292984,18.6066975608444],[76.01224787920648,18.607768457333385],[76.03243642808022,18.600265810395236],[76.03584038924646,18.592347347867577],[76.04353307702894,18.590574512684988],[76.04827080756459,18.577082026420427],[76.05351957917478,18.57459504046545],[76.07922659437757,18.576290607610012],[76.10168283283625,18.587939446538027],[76.11892981122377,18.583922621259884],[76.13476421475156,18.587659300146164],[76.1559607046495,18.578097364351695],[76.15695873422216,18.560140611903133],[76.16033953478764,18.5549511688944],[76.17048134231202,18.561001176897125],[76.1661961691952,18.573525566748366],[76.16845797120833,18.584647705903063],[76.17741345185854,18.58450166957723],[76.20121852389512,18.581589839000745],[76.20159114209693,18.576819118951914],[76.21969358211774,18.574560804748963],[76.23328041733953,18.575147428592043],[76.24180526389227,18.572146080964075],[76.25467123128011,18.57540193064588],[76.25439921172675,18.563813307110127],[76.27596431154437,18.557944342543834],[76.27374303105627,18.53668985580554],[76.25296562991119,18.522023579160717],[76.25535657662415,18.501202471658537],[76.253099410022,18.495633299541005],[76.26176050656204,18.492891653720168],[76.25405912832181,18.482746041244162],[76.26728560232037,18.4758000919174],[76.2697372497234,18.468564864428014],[76.26193254687374,18.46581399114868],[76.26695137927648,18.422677359250915],[76.26044598531111,18.428150317837027],[76.23689632728517,18.43440571821862],[76.22569020391745,18.434024043627204],[76.22059611664008,18.42883591947347],[76.21407027357294,18.407115984351666],[76.20348803162145,18.394708658125403],[76.22208322005841,18.380277929059847],[76.24561031736654,18.37712762263947],[76.25768763419127,18.364019907977834],[76.27497107586817,18.381151609055813],[76.2885142858112,18.389439003474713],[76.28936702618965,18.375265520109576],[76.28415290178523,18.34001230740225],[76.31683513299198,18.32997148841154],[76.31453764778801,18.282463554681893],[76.31008488196719,18.280940499973358],[76.30336847599203,18.26265580512416],[76.29426664568581,18.261125885102484],[76.28381843228246,18.24928049499054],[76.28578796019075,18.232151722948366],[76.30139262256874,18.23180946141158],[76.29294904093949,18.19774151783935],[76.28004504069403,18.183868375539213],[76.28165083118931,18.15244517198869],[76.27498262085997,18.140357117316608],[76.28374088445787,18.12746466693606],[76.27936873654612,18.111027938218832],[76.29459850239115,18.106889091225796],[76.29473077888993,18.09986769143015],[76.30612616445926,18.098140771067296],[76.30765240189938,18.092553675393027],[76.32716920415643,18.096754611271056],[76.3299775188994,18.076112834410853],[76.33219791674831,18.07668069429352],[76.34050940530678,18.061280158195643],[76.348935222478,18.062119098940087],[76.35255686913142,18.066276770937694],[76.35292435240858,18.0820177883349],[76.37187604316252,18.089936411546216],[76.37879215262483,18.08874085471476],[76.38259170295409,18.07777866498194],[76.38782249659745,18.0766963936508],[76.3985855439473,18.066044986260977],[76.39710317228409,18.053509816493502],[76.4077579541998,18.0444138604698],[76.41718250532055,18.041982584764213],[76.420121773282,18.0358558906251],[76.44967015547641,18.03178825733506],[76.46181288956298,18.02703027677208],[76.4613707101843,18.029931418485788],[76.46558426966568,18.031773449204735],[76.48860654910695,18.024426027670792],[76.49519158128638,18.027230352061807],[76.49928638616552,18.051852880845093],[76.50169132346484,18.05165006039135],[76.51215610539495,18.050224436340596],[76.51034530213141,18.023219294553833],[76.53945812644255,18.031869225158548],[76.54958077847859,18.030900259912123],[76.55299538991716,18.026442268603898],[76.56316555356055,18.031275976633538],[76.570921548829,18.02871296921462],[76.57592294624035,18.022566250138823],[76.57890169154126,18.037889754040226],[76.5980671380353,18.033028677553435],[76.60304922823424,18.038382211756343],[76.6109294082357,18.038941940413274],[76.61044623751138,18.026520265420345],[76.60370663868548,18.007291328029623],[76.61568118974537,18.004858635105116],[76.61715834245727,18.001327763866964],[76.66206067533255,18.000565616682742],[76.67841267198582,17.99629861484793],[76.68923728523419,17.97019558066838],[76.67306567404162,17.96712045995387],[76.67347331438953,17.946794381214808],[76.68111448429191,17.945892766722825],[76.67640813896368,17.936819194006937],[76.6734683860262,17.918869242680785],[76.7071352457284,17.916390584931694],[76.72386709021762,17.91833961677127],[76.72566722274675,17.912514702833832],[76.73786955647508,17.909789874478],[76.74124646009096,17.895398666343407],[76.73848209813484,17.856681603875266],[76.7514940338444,17.858130685970334],[76.76749953162874,17.85212736194179],[76.77930637304767,17.836281238875316],[76.78699889869632,17.833199422840448],[76.79039367437097,17.82633410985401],[76.78286318155298,17.817917095303255],[76.78259081742635,17.806638010007298],[76.77872758225293,17.800480318291033],[76.76650988528007,17.798468699826923],[76.76203848097681,17.787017029032256],[76.74252507474021,17.78422395308819],[76.74433725296363,17.78033999296107],[76.74064577327611,17.77946434459855],[76.72094014020428,17.788057589431908],[76.714091360082,17.780940024305167],[76.7119118792931,17.773267311579712],[76.7210720161877,17.769497912206017],[76.71878705374827,17.751479468441214],[76.72480729496888,17.751102272194107],[76.72827082433025,17.73756074332265],[76.69964593420387,17.727249098818948],[76.70432746142302,17.723013347941738],[76.70364783097958,17.71562033005709],[76.7013073832559,17.709070774510945],[76.69253973101445,17.706723611793546],[76.69417750957962,17.695680320717095],[76.69083990552251,17.681004800039492],[76.6873754945559,17.680050268712638],[76.68435632043375,17.685888395059298],[76.67492148044576,17.68999309426139],[76.66418880486349,17.687560216833123],[76.65559902223487,17.71785424039018],[76.65279233600492,17.722133014190582],[76.63325946473984,17.72822017044426],[76.62809744886513,17.750649278535562],[76.63188503562577,17.754641409017598],[76.61362926043799,17.770853722160247],[76.60529588286704,17.758644968965523],[76.5997887440604,17.73270796327402],[76.6010767954137,17.725860615737176],[76.59438009834271,17.72244968545258],[76.58833707213557,17.707578231026304],[76.58219995036362,17.7052703011116],[76.57029543869787,17.70540567912746],[76.56780137096966,17.74247644382881],[76.56395723457901,17.750833426268244],[76.57270774264545,17.76053954374891],[76.56126241811589,17.76461919810125],[76.5306876079391,17.75826033995246],[76.52315752866491,17.75976094102931],[76.52735875573372,17.737843674612314],[76.52390216299928,17.715152067354015],[76.500688408511,17.71841858831265],[76.48722764489011,17.71476362138527],[76.48448767730673,17.678511790300814],[76.48974872422627,17.660499210270245],[76.4528602831108,17.6557902200237],[76.45448284169869,17.649786339351206],[76.44183540176043,17.649308479223635],[76.44500467697308,17.640951290079656],[76.43539012494348,17.646261380825987],[76.41428009448187,17.647077367914243],[76.40330048409054,17.657236574197274],[76.37823101777866,17.660813593735966],[76.38035842541149,17.664037764929358],[76.3785154750789,17.68666484139182],[76.37157017106053,17.684603452955276],[76.36319442838833,17.68660647008983],[76.3562540633437,17.697852307977445],[76.3385633586925,17.692746604291713],[76.32037641414198,17.695967508558113],[76.31630244855636,17.698252443933136],[76.31562470445697,17.714841573157923],[76.30270389620237,17.720725720478782],[76.2946300949043,17.729789265221477],[76.28420645359874,17.72967631431106],[76.28021081555741,17.72672008843125],[76.26788571725143,17.729543660673066],[76.25442421516928,17.716977177608634],[76.25011980082608,17.705240830633265],[76.23847610821784,17.705935286937112],[76.24014546402263,17.697371772686072],[76.22264798848946,17.69910819647508],[76.22192925310608,17.687650758597968],[76.20454013476973,17.689212615091638],[76.18790404679939,17.683211925551163],[76.16470095072009,17.693774571834922],[76.16503995578461,17.700707888558473],[76.14589340345978,17.69981271909129],[76.14445245087897,17.712029348753216],[76.147106036984,17.716482214457766],[76.14969445712435,17.71868170812239],[76.16527546087427,17.71441051876782],[76.16936837832439,17.716962725230015],[76.17517068697508,17.729706293663792],[76.14740122563978,17.734126297138875],[76.14406666976022,17.756139017634677],[76.13344772272796,17.75584629592909],[76.12932571660964,17.76774455644407],[76.10265552596255,17.765040426955583],[76.09728374825131,17.777816067149146],[76.08449801290934,17.77781150469952],[76.05954133586285,17.769795263126085],[76.05350788308264,17.76350991859481],[76.02954270767741,17.765611629577172],[76.002652276364,17.750347325229466],[75.99948827508452,17.756254681135452],[76.00489973477768,17.786129116936223],[76.0112581924548,17.78769410489485],[76.00780608149906,17.80078515405504],[76.01980163717081,17.82838889476032],[76.00823661984286,17.830183845450563],[75.98056403306992,17.843791051056606],[75.97487593071361,17.84143110791838],[75.97743965329859,17.820111650309407],[75.96598177900471,17.81815642787298],[75.96218060025735,17.83113493555748],[75.94302810568668,17.844188814829682],[75.94108677125524,17.852016651989732],[75.93181022421032,17.851766118014783],[75.92474119283831,17.833146748255366],[75.91098450170081,17.832798340785892],[75.88949099271825,17.844677109002767],[75.87501445244636,17.846425132559776],[75.87244756786882,17.856503767689656],[75.86399264691224,17.866480381232055],[75.8561377247444,17.868663776075586],[75.8446982135465,17.89160788874677],[75.842187186076,17.90271056217152],[75.84594558074298,17.90306165348278],[75.85125667516871,17.92211499374578],[75.84627963401283,17.93145191933689],[75.83808582018348,17.93236345366046],[75.83830567390467,17.95936851034969],[75.84506616421986,17.97733401141863],[75.84475321419198,17.98068547106498],[75.83960218974582,17.981258264949137],[75.85305595148954,18.009303839027694],[75.86807539404938,18.011574492026647],[75.88384483056915,18.004028668541014],[75.89392878090494,18.005280785276483],[75.90710515218274,18.001516873802377],[75.90840250052734,18.003573257846494],[75.90868621210369,17.98813602564205],[75.9178100264411,17.97578021566141],[75.93016881297955,17.973805351619845],[75.95226034281096,17.978971019743422],[75.97398734718757,17.97111307618014],[75.97971437454004,17.972446311630776],[75.98329487428657,17.993555863423676],[75.99638723271474,17.99502712523049],[76.00407622164411,18.028631635583565],[76.01872428986077,18.04215897517783],[76.01382975373828,18.05306492300039],[76.00559614167935,18.050643120079318],[76.00262820180173,18.05687993342033],[75.98940185778964,18.051869649736542],[75.9844397429594,18.053792487854423],[75.9941776390121,18.06930958493801],[75.99025558215342,18.069098993731362],[75.9866597024778,18.088337015865353],[75.95559003297943,18.085785572638585],[75.95532388985254,18.100385362020468],[75.94497133047854,18.1071271437874],[75.94406950886072,18.11976256185513],[75.93788479682259,18.126568130556485],[75.943450925678,18.12863168527886],[75.94514603704484,18.136969440788942],[75.9498555895699,18.139279171148438],[75.95709202086996,18.161012553890693],[75.95079898438398,18.172819171782436],[75.93405770648917,18.183953558567328],[75.93387893574076,18.19104775615832],[75.92328023735375,18.19321227624324],[75.94340518153847,18.24411540401003],[75.94219669219109,18.24896508795571],[75.92875016523097,18.258774005815525],[75.93017338208989,18.27862198244753],[75.92644645722321,18.283538818640835],[75.92432092787138,18.303434382453172],[75.9200754149079,18.31225466043227],[75.90333697838255,18.3276618421795],[75.89521100367033,18.35865620210796],[75.878644619223,18.365294062891685],[75.85831659423947,18.35885664289756],[75.85678965786072,18.362536401384364],[75.84979334211455,18.36107908223246],[75.84019622335937,18.36407139370109],[75.8238197924747,18.379523738114553],[75.79728692658566,18.380464399994704],[75.79564006395508,18.38840225633409],[75.78015128579071,18.3960019466205],[75.78302820683655,18.40038667354833],[75.77078003110951,18.40859441043328],[75.76748509735201,18.431932822647777],[75.76418297910179,18.432918508372975],[75.76240652911987,18.440492706546134],[75.7679913778691,18.450992638305763],[75.76299521015329,18.450227270491524],[75.75783772705601,18.439682006253875],[75.75032071277332,18.435420780588565],[75.72365129554659,18.433542076313056],[75.70644441311842,18.39629392095482],[75.71078102924758,18.390328025655513],[75.72518017542926,18.386811584136716],[75.72393266179019,18.379670958777467],[75.7297651411369,18.361750989484584],[75.71894630845844,18.34684342277742],[75.71804231079535,18.33733684345233],[75.70520784622995,18.338889353947227],[75.6971083877747,18.331473261439168],[75.69654182178417,18.327126092649866],[75.68246873786347,18.323943368864803],[75.67847104500844,18.3282775480127],[75.65337985760185,18.33311656766186],[75.64799174409939,18.330380377695747],[75.62889813704551,18.299241078084535],[75.62563536803627,18.286412371420244],[75.62140357509541,18.284999809388527],[75.61381342759195,18.271411823107886],[75.62969737556452,18.26588758099296],[75.62723305255876,18.241073122917236],[75.58757476387382,18.25439293570061],[75.58341790676586,18.245889467442993],[75.56847653113994,18.235789854017582],[75.56219642886349,18.217495924751113],[75.56121307452622,18.2031225144426],[75.548566928624,18.204493197798968],[75.55365923054735,18.189460466819682],[75.54406954992145,18.177286306243467],[75.54243839402537,18.149235749817745],[75.53111982582358,18.133643829363304],[75.52540634925387,18.130909025261033],[75.52461521341905,18.134767446956122],[75.5145181983413,18.139604880706457],[75.51655098426498,18.14608745029676],[75.49978517042173,18.157060571207246],[75.48751675205308,18.151753471777884],[75.48651033847901,18.17382423375214],[75.46114598039273,18.17019544344649],[75.45926885425843,18.16530502958893],[75.46600655190319,18.16475644068228],[75.46186611728247,18.15926087467053],[75.44604949746562,18.172275472447446],[75.4288572542228,18.174905483599378],[75.42601163656832,18.1843777286044],[75.43084699575053,18.197862837862278],[75.43836794285578,18.205366392142544],[75.42572467486288,18.215041216164742],[75.42751437723099,18.231000021066755],[75.42283695582813,18.23859638017153],[75.41972558518098,18.238057749165264],[75.42905876861363,18.247462622294236],[75.42931860602748,18.261332146558008],[75.39440339967798,18.263828153302438],[75.3965006357454,18.281657284664792],[75.39324711261094,18.286206033827636],[75.4005218808217,18.296725606456075],[75.39153843595115,18.30727861682658],[75.40248723283614,18.31658714289687],[75.39814839740593,18.323313919388937],[75.40325635033521,18.328616965084514],[75.38983226210311,18.325645922997207],[75.38697078375787,18.32775462655546],[75.38216035799498,18.343322487786008],[75.36286871994095,18.356998613730152],[75.35831126364751,18.36843913202751],[75.35015458249272,18.36963380302637],[75.34478751094312,18.376985325758405],[75.33633693076519,18.38073649281529],[75.33344713819967,18.389334104274322],[75.32779222725497,18.384704185243955],[75.32279610620394,18.393258734206654],[75.31395508581404,18.395064234886785],[75.3066228974908,18.38919972299073],[75.29925506440954,18.399330996449358],[75.28572864335344,18.40534870299144],[75.28514081309538,18.418045939635853],[75.30121064397382,18.430758353282343],[75.2995964729202,18.443907290256913],[75.29638130748828,18.445629937488356],[75.29658778276347,18.45704532404648],[75.30318054751314,18.47873267045512],[75.29636820657186,18.496232614938144],[75.30344929551006,18.508008070462346],[75.31001754647961,18.508480639983645],[75.31311991013213,18.520283062746383],[75.32972792176295,18.523644723446473],[75.32962173417154,18.537804614648717],[75.3381489624647,18.54772658705403],[75.34267739993919,18.56090256170254],[75.3656626386082,18.551140279832563],[75.37323047408049,18.551696693457718],[75.39449422193343,18.543726295010547],[75.41007257390335,18.53117472988051],[75.41483147432855,18.530589828561013],[75.43469300965404,18.552594141270575],[75.4411201269321,18.576090443064512],[75.45337270643965,18.593548440946016],[75.45238136611583,18.59695306121135],[75.45889034188856,18.59476754427641],[75.4616434006145,18.605686934318193],[75.4861357077788,18.6193362039572],[75.48820293068361,18.62630254525322],[75.49921002913229,18.62068934211102],[75.50009542728024,18.623300864492084],[75.50702169517052,18.623135600860078],[75.51841587134463,18.632727616377316],[75.52134762314485,18.639203536368033],[75.54008961200766,18.639060065661123],[75.54607502748377,18.64448465761345],[75.54754087790074,18.653333788932922],[75.54710171368218,18.656223576852533],[75.53970262517218,18.65795619614643],[75.54441369538179,18.68152642923813],[75.56560904135489,18.68583226522403],[75.58128481540228,18.683868052648023],[75.58439109670655,18.698012931019658],[75.58524599331774,18.69817064334447]]]]}},{"type":"Feature","properties":{"OBJECTID":562,"STATE_UT":"MAHARASHTRA","STATE_LGD":"27","DISTRICT":"WASHIM","DIST_LGD":"502","REMARKS":null,"Shape_Leng":601681.443047,"Shape_Area":4961012179.06,"sourceDistrict":"WASHIM","district":"Washim","labelPoint":[77.21612522382308,20.23404881448473]},"geometry":{"type":"MultiPolygon","coordinates":[[[[77.5816487041769,20.726703143637206],[77.59077109074262,20.726410890146354],[77.59822288739923,20.71837013331964],[77.63401842048883,20.712884862995107],[77.63139150101604,20.70145494262333],[77.63793356243964,20.694382063841985],[77.63210821974339,20.671495225733032],[77.6361972799569,20.670046527612183],[77.6346658037696,20.658228969453337],[77.65399174048935,20.661870882430676],[77.64827679792273,20.648690850164606],[77.65971581476366,20.64619184596404],[77.65863994623815,20.636466986791575],[77.64808590145306,20.621968141843297],[77.64709095305382,20.604660000638344],[77.64485607554276,20.60493120386863],[77.62807275870303,20.5666030623629],[77.65040434856027,20.563982829240057],[77.64293329331105,20.531692764245147],[77.65363895933372,20.531256644633768],[77.66879412208733,20.53998409491216],[77.6907119256722,20.53400796707026],[77.68965357198037,20.52412503220325],[77.68575246449218,20.519392535660007],[77.66719247781923,20.51714034329033],[77.66216118633781,20.50018086537506],[77.65338063713577,20.49788688870944],[77.65290252467136,20.495250088052046],[77.6557623243548,20.494880671389335],[77.65403131696404,20.480639056729206],[77.64837472872863,20.47188104542624],[77.64924638362649,20.459651551322672],[77.64285909167448,20.45033563826776],[77.61357828847608,20.461028094197665],[77.61236867927501,20.45563854836011],[77.60552087213603,20.45591301404502],[77.60353200908385,20.45130583004177],[77.59627257319308,20.4481904056142],[77.60154669704517,20.446199097640772],[77.60400426155879,20.436951243326966],[77.59019139248079,20.42922506643459],[77.5957603974753,20.412339460320958],[77.5844495770623,20.417432385330816],[77.58142007349277,20.41526710155552],[77.58093236167993,20.407769646411225],[77.57386551115965,20.400669890350436],[77.57193162246858,20.387874520644456],[77.5756980530186,20.374054280634223],[77.57888754447366,20.37225259785145],[77.56874776081739,20.359953489872236],[77.5674713004272,20.329629303302976],[77.5751929717419,20.330934883247018],[77.57901775059624,20.32646162606095],[77.58435709741104,20.32696111841831],[77.58326229593403,20.321326279044538],[77.5879152255418,20.306463949632963],[77.59479868674289,20.303049193705377],[77.5943269680013,20.280728494467926],[77.61025691287206,20.27883169035829],[77.61033269586366,20.264085132618614],[77.63350798645448,20.261410488451816],[77.64359308459552,20.250590464409],[77.66543392847657,20.247398836328905],[77.66537893055263,20.24148141658006],[77.6526903860127,20.21467463166196],[77.65217129620501,20.21052080338914],[77.65779124183759,20.207270721301708],[77.655777767718,20.200404900118155],[77.64425278884399,20.186948025295266],[77.64954437506778,20.18575360179614],[77.64899950671321,20.175155212351736],[77.65262405634222,20.17168526712559],[77.66300564498196,20.173595343232545],[77.67946502212251,20.16668799525091],[77.67377489598219,20.14769039175366],[77.67577639417034,20.14398610245921],[77.68199887593417,20.14430657728865],[77.68212532793287,20.14099041240282],[77.67035171411116,20.119854570155915],[77.66894397078687,20.101935632421572],[77.66635998397769,20.098297577391605],[77.65672036606298,20.097715210087692],[77.65527156462718,20.080003630542837],[77.64047567033347,20.073718646887247],[77.64023037026234,20.06070983692073],[77.62998724499903,20.04529237166],[77.60759353344348,20.03594277868263],[77.60103205456826,20.034625887808424],[77.59618671537429,20.03785062101526],[77.5900618965294,20.0320744556372],[77.58461603171587,20.033525606661083],[77.58067230332966,20.02883201420703],[77.56835719769045,20.042772702948174],[77.56019265201243,20.048293547865434],[77.55490453739105,20.047456246631103],[77.55019830618669,20.065509985916623],[77.54009101179201,20.069937503789472],[77.53639262453908,20.07973631043165],[77.52631967919228,20.090272720491754],[77.52482343183931,20.09808834775688],[77.49868803838204,20.085089577548814],[77.49441134646284,20.07875818245837],[77.4856110050959,20.077327913743844],[77.47926764258553,20.084433423247855],[77.46433090698301,20.069552223750797],[77.45947848558559,20.069362951146232],[77.44613817120572,20.07039699646609],[77.4077920032577,20.083674378718182],[77.38345177601676,20.086495436160295],[77.36484397953407,20.098331416548454],[77.36916136639674,20.08905113671329],[77.35620061402942,20.07725640119372],[77.35243417201364,20.064315248589814],[77.3725972898545,20.046886054435106],[77.35411246594902,20.020204402801177],[77.35533948104678,20.01410355966552],[77.34083489907209,20.00840864009297],[77.3364018175996,19.990416124743373],[77.33720907091657,19.97463866689925],[77.32464156853457,19.973613522165113],[77.32193593221152,19.959249511489705],[77.30380553320651,19.96533215663384],[77.30321915070753,19.953268700415162],[77.29906927504375,19.94386538302706],[77.2843977453521,19.93708297209469],[77.28355426384366,19.912699780452527],[77.27966234235254,19.917756332443957],[77.2711567694992,19.919578349487],[77.26957446680578,19.90234754541541],[77.26628918004502,19.897638792614945],[77.2558054433113,19.9016202138985],[77.25012599174521,19.894875888958403],[77.2390805207477,19.88968755542176],[77.2355100624764,19.89065864996359],[77.23392196076674,19.89710098127705],[77.24562431918442,19.905499195746078],[77.23798707276075,19.912676838794333],[77.23822152329835,19.934530850360495],[77.23525881342289,19.93867483743088],[77.21073427410221,19.937999840808708],[77.20549206079541,19.942114006016993],[77.20386246943009,19.948576960725674],[77.20838543862943,19.968982245258346],[77.21488698535599,19.973319469431],[77.20294242142285,19.99019143325444],[77.1990148428486,19.99126484479885],[77.19334296154831,19.985712670072118],[77.17785870064301,19.979758237103955],[77.16948358721285,19.964508525560575],[77.15409427724836,19.965908885030544],[77.13616903069871,19.95267560209788],[77.13361473196876,19.941885079365274],[77.11407932638993,19.93994619224005],[77.10229567071974,19.93146748808673],[77.09299686851759,19.935231292915365],[77.09309662108248,19.9437052110677],[77.08257948303059,19.955542392778884],[77.08467177270244,19.963997861317395],[77.0707924040603,19.97220117866993],[77.07042060980835,19.981607952320193],[77.06277252341985,19.98521200425561],[77.06162820042873,19.993887553113527],[77.0420591707851,19.99903458951077],[77.03413523505274,20.00932713302816],[77.02548664215222,20.00967994721925],[77.01972075379193,20.002941150920147],[77.01245082142133,20.002399885705],[76.99495494556848,20.017629484480246],[76.99198016764208,20.016826828445396],[76.98834823992378,19.99806629984775],[76.97240026392636,19.996414564445963],[76.9618918259966,19.98728252257714],[76.94378227454321,19.984841062690766],[76.92234719969181,19.975866685045126],[76.90046167746551,19.96425545103578],[76.8995631823167,19.95273006390966],[76.89538096399735,19.949133455263567],[76.88898910544145,19.95279597397728],[76.87315130198364,19.954304895805173],[76.87231103335435,19.958283029359],[76.8598350718949,19.961537051265353],[76.83728473131686,19.96390865124515],[76.82135871047514,19.92919911307178],[76.77228912003754,19.93577546331059],[76.77068675539184,19.918919255268463],[76.76540139121194,19.9044057589594],[76.74714844205263,19.912306258358242],[76.74255332997144,19.901879029419046],[76.74366808948493,19.885580548898332],[76.74026621017853,19.87331115622775],[76.72131756092654,19.869447731117425],[76.69856870573568,19.875425476983473],[76.692948655972,19.87400062734516],[76.68928538663226,19.86382800886737],[76.691945366639,19.859614662350804],[76.68120306675561,19.846991215632535],[76.66165718824078,19.853248198844746],[76.64712834793602,19.867001355431867],[76.65878708669028,19.885704776484726],[76.65964583373768,19.892338880079116],[76.65438679899415,19.9005080144241],[76.63323942717939,19.899311777644712],[76.62430825140075,19.889536396125497],[76.6109810249275,19.893093735611767],[76.6136482903068,19.906742093250266],[76.60674038098742,19.924797386606542],[76.62232705576446,19.923073713728424],[76.6283895241127,19.925489001657446],[76.63646305718053,19.933675330298552],[76.63450988616202,19.95638167727381],[76.64536047403377,19.964888953151014],[76.65906288665983,19.964384208431824],[76.66081338051173,19.976588150434267],[76.6455003778169,19.984660534315445],[76.6583575065355,20.00187162678398],[76.66309972057914,20.047559121423927],[76.62402883392225,20.051252494885265],[76.6304610836785,20.082208083367632],[76.63408938970734,20.080675792182735],[76.63282785210909,20.0743955412321],[76.6484580954104,20.069563681487658],[76.65189831429473,20.091388827455106],[76.66023783906178,20.09722445885342],[76.6581089745906,20.113446258840852],[76.66675268152574,20.119422063379904],[76.66892833370174,20.126108512420004],[76.69646426564483,20.12167569854263],[76.72209853680341,20.127187847842716],[76.73218185248321,20.12503801045712],[76.75742014457187,20.131111741435564],[76.76217194016533,20.161328197286476],[76.74828971010388,20.165427963837583],[76.75033852348538,20.177533026853748],[76.74517538513811,20.19613218083367],[76.74678205497696,20.206724039814667],[76.76827595378099,20.209357995969253],[76.78470331128077,20.203216926186336],[76.78921507003918,20.205920865112198],[76.794851410826,20.218287934645403],[76.80152202321044,20.22100483457629],[76.81092649399207,20.21932995815807],[76.82426706298943,20.241969793940505],[76.8207957526508,20.261362465567576],[76.82607630075016,20.26973428500933],[76.82011178303338,20.279886351725843],[76.83231383189526,20.28276295184417],[76.8380096157966,20.289077281404943],[76.83775791091563,20.296046612854706],[76.85825001526017,20.29937097427173],[76.86583845814377,20.29061137772767],[76.8686966391314,20.277862201175367],[76.87283769684744,20.275229475648494],[76.88020888441484,20.279704715746057],[76.88212270350218,20.284961671529896],[76.87763908836541,20.288035116995992],[76.88081103316355,20.294164689864385],[76.90883310245157,20.31311142843165],[76.89154879188165,20.317020966233436],[76.89673234012795,20.33442752460843],[76.90477787413349,20.344482547693865],[76.91670841683136,20.351347841485957],[76.91946895226337,20.359636133458814],[76.93199239676468,20.357039217089756],[76.93617240557735,20.370612066233964],[76.94307632290372,20.365374223796596],[76.95330936189615,20.36346747030455],[76.97798508671441,20.370348457796975],[76.97446453314913,20.380373019965923],[76.98103728479457,20.380086017793424],[76.98112422596675,20.387781112181326],[76.98633827519905,20.389164328756667],[76.98934908319211,20.394478573559706],[76.99530538369883,20.39354565653033],[76.9957603975211,20.398027998124583],[76.99101173528847,20.404343905014265],[76.99357978930685,20.4090413843078],[77.00182418262536,20.411359568243046],[77.00350608551645,20.41475018025797],[77.01448117543104,20.41271495094609],[77.0136770286339,20.431725246304243],[77.02141132326007,20.44319403386462],[77.02231423382902,20.449919120568428],[77.04478751439754,20.44966304842203],[77.05902415559234,20.445371801099938],[77.05965891773782,20.439435112189646],[77.04710502836028,20.419307153264082],[77.05094541395776,20.407421771476077],[77.04533422308629,20.386550674295],[77.06245793037624,20.381357342903666],[77.08031178071147,20.386995739300744],[77.08119009590807,20.390447889821928],[77.0745035356782,20.39361130500145],[77.0731360789319,20.401475877032773],[77.0796114612186,20.42385796415304],[77.08522178090169,20.42231706095167],[77.0851669231201,20.419356370801875],[77.1029435184072,20.41521245884575],[77.10493501712659,20.410971721764735],[77.1132402059523,20.4116226457304],[77.11589288000629,20.407998534854517],[77.12021150426793,20.411101114272782],[77.1211110654684,20.40277153363585],[77.13039627594948,20.398894865636677],[77.13191314479428,20.39039591782545],[77.1364837629472,20.391408847421225],[77.1434974068376,20.380107596876854],[77.1520967513843,20.39256422502137],[77.15151996784945,20.39913853968973],[77.17126176151262,20.401177875019357],[77.18115014122492,20.397471687152],[77.19144305478291,20.402291720330197],[77.19699297744027,20.41517519543532],[77.19720678429566,20.423758372609235],[77.19094096148444,20.423643094787455],[77.18863672507719,20.42996427991741],[77.18286206272539,20.43172890606582],[77.18555062926349,20.447384546565242],[77.20167543236167,20.44955916039948],[77.20954559144306,20.444960132999878],[77.21252108861668,20.447894607860313],[77.22517184375384,20.4474121286802],[77.22957174743938,20.473394531899498],[77.2467896651921,20.472368462359523],[77.24681492468727,20.4597405193205],[77.26630209886278,20.45860359261634],[77.2706791377184,20.443135273095418],[77.29262959016955,20.44301211482342],[77.31405274702438,20.449702759960353],[77.31383489326633,20.45231378374404],[77.3254766258585,20.45031599674594],[77.3263108549768,20.464813492781655],[77.33320973632445,20.472567908254025],[77.34342695240188,20.47163592446618],[77.34448643547931,20.478140271990817],[77.33923002002389,20.483775298674708],[77.3248269570785,20.487032121815886],[77.32747645441138,20.497974211491737],[77.36805266068713,20.49652987356854],[77.37019537733242,20.487620919685632],[77.36792845410066,20.480025138174334],[77.380791012123,20.48267437844957],[77.39566618102309,20.525440524838334],[77.36832789078507,20.525488256204817],[77.36440958447658,20.518190231647864],[77.33633718638336,20.525784021623004],[77.34122378494041,20.547428601841112],[77.33537968323348,20.548648976812302],[77.33944297287167,20.575264474983697],[77.36208347565854,20.567635573869648],[77.36567017272928,20.583383082549908],[77.39567850856216,20.579810105091585],[77.39944384622336,20.58531667697363],[77.40925933484783,20.58707381410261],[77.41435978090242,20.602028538215798],[77.4108683349447,20.606919941420518],[77.43103403661061,20.61229539365535],[77.46707129687016,20.610911012800337],[77.46609798586111,20.61819831698136],[77.45974976504466,20.6192419352988],[77.45811307715165,20.62823424132398],[77.45424279577811,20.626627428361846],[77.45045882168101,20.629658387905245],[77.45175631782116,20.638155478828153],[77.43856376187814,20.642549807917188],[77.43842180341295,20.65316462345484],[77.43088686476862,20.662257705034275],[77.45261513620201,20.656859270007615],[77.45382156742065,20.66468317204277],[77.46136139877326,20.66586989298649],[77.46374847595078,20.660059914399397],[77.47859125536777,20.655154412954655],[77.48468271542426,20.65710619175029],[77.48564570266805,20.662254911340458],[77.4810120524292,20.68204503201486],[77.49307533461565,20.682885401033577],[77.50298596112489,20.67162817390951],[77.5039903517167,20.66485382393291],[77.51084220971694,20.664411698558837],[77.51529823228134,20.673286988255835],[77.51385314328562,20.68169151924857],[77.54324386397407,20.67827624918411],[77.53956129486468,20.696534870407],[77.52351209860723,20.69731205299386],[77.5262382324181,20.701184230485598],[77.54973863549515,20.703900986109605],[77.5634349063574,20.701050737083435],[77.56527846309766,20.70748945112086],[77.57304488021406,20.705372423551584],[77.5778859433642,20.726915675761344],[77.5805854623106,20.726776921892014],[77.5816487041769,20.726703143637206]],[[77.59330786420111,20.458774540878476],[77.6039173821424,20.456916269947815],[77.6045375221008,20.466803962697217],[77.59030921493687,20.467528757635066],[77.58794518437414,20.46276558563816],[77.59259990575198,20.459046406640958],[77.59330786420111,20.458774540878476]]],[[[77.6338011915449,20.754250171007783],[77.63146686446547,20.73807119293045],[77.62556192387177,20.737257937030773],[77.62340493628831,20.730046351728394],[77.61212905048727,20.730749687279058],[77.6198171575354,20.75703339908874],[77.63384675457077,20.75441379323656],[77.6338011915449,20.754250171007783]]]]}},{"type":"Feature","properties":{"OBJECTID":563,"STATE_UT":"MAHARASHTRA","STATE_LGD":"27","DISTRICT":"WARDHA","DIST_LGD":"504","REMARKS":null,"Shape_Leng":494887.985032,"Shape_Area":6083172722.21,"sourceDistrict":"WARDHA","district":"Wardha","labelPoint":[78.58591429755906,20.79717164113701]},"geometry":{"type":"Polygon","coordinates":[[[78.09583302487682,21.354287231797095],[78.10308464098333,21.35650053598842],[78.1236063212401,21.347008329803632],[78.14850732310357,21.34315114364918],[78.15150708488555,21.33340258872618],[78.15583346408727,21.331619962940128],[78.2113850037758,21.333817340327506],[78.23208331905487,21.327391207128013],[78.24959817720003,21.331237405782165],[78.25393986417863,21.325498465261557],[78.25728459308705,21.32996109373972],[78.2678064096029,21.32157040865873],[78.27744386846099,21.306454817296867],[78.29416173514988,21.293131336211488],[78.31264580187404,21.294577255294108],[78.30344994694559,21.27549500629228],[78.31092807140068,21.268087218434356],[78.32100092108323,21.273194388608626],[78.32778508735804,21.27126687212484],[78.32936948952478,21.267881615371195],[78.324453526412,21.262940804341397],[78.32457899082819,21.255782000846196],[78.33139521118615,21.250007682201872],[78.34206062771885,21.253220741867302],[78.35835248017978,21.25268351995232],[78.37536068399538,21.24205217698751],[78.41193051821452,21.23921090659834],[78.41659386198664,21.229000100412726],[78.43010221381788,21.225989013329027],[78.44528160866388,21.236003401642378],[78.45493816791694,21.224959221061468],[78.46324021671569,21.224048251224538],[78.47040600469161,21.215980792580815],[78.47713005248819,21.219744512037902],[78.4783943158032,21.21305415915426],[78.485552014577,21.210296307193854],[78.50296321158481,21.187199137638274],[78.509871978999,21.186896413904382],[78.51058175857031,21.18269542271961],[78.51980148358145,21.174412968453325],[78.51850308586735,21.162824906479777],[78.52339077472841,21.152182593904453],[78.52809791912607,21.15087287866148],[78.53028129382719,21.14032497162914],[78.54026496919538,21.136826632820668],[78.5468779317805,21.127671975355575],[78.55283791755684,21.12575121824212],[78.5549519539759,21.116772706485893],[78.57409128564615,21.11415489201778],[78.58472478839272,21.116635977416003],[78.59018249440388,21.109611963947472],[78.59932673361756,21.10806854785177],[78.59447430257761,21.09757059761183],[78.59804473188024,21.096487023840204],[78.59721138447908,21.089640312455263],[78.61062641006389,21.08836577154071],[78.60704343488686,21.06961697560296],[78.61495904698664,21.068594625463305],[78.61505678886759,21.065482912610243],[78.62138762725603,21.068131825769193],[78.62661769557317,21.066467323088403],[78.6293003775572,21.057731074447293],[78.64353615711305,21.058373274319397],[78.64963256372427,21.05188984292966],[78.64916945658109,21.03557637556603],[78.65589815196346,21.03319801843016],[78.67564367622366,21.036080697113807],[78.67653888103256,21.032690384067465],[78.67922219163688,21.03332303807274],[78.67802161968356,21.0300759974224],[78.68274319755437,21.029504552861546],[78.68626317974402,21.020885172712113],[78.71036153514198,21.01395013927401],[78.7160005113034,21.0041019297058],[78.72657313490491,21.004168616542877],[78.72943651625248,20.99457502882906],[78.72379527088971,20.98851164792032],[78.72435064807162,20.96884634260015],[78.73183347462421,20.95959095572199],[78.7332085377189,20.94630428291577],[78.74847658698343,20.944583146893077],[78.73963224265219,20.93954744645624],[78.7527728136673,20.923414285683002],[78.76646244507637,20.920444331175304],[78.76962471223578,20.912235235437347],[78.7822872353303,20.911240769936757],[78.77512616121308,20.909428712385598],[78.77302433717004,20.90409006972075],[78.78563431320435,20.890101283908617],[78.80543567443657,20.886482384736937],[78.81719304172888,20.880725355123893],[78.82458643135956,20.89292495405989],[78.82859710367374,20.894559399240688],[78.83995682593147,20.892939380617808],[78.85096802301085,20.886240524912132],[78.8474288365477,20.87862025575167],[78.8600382599653,20.87452020023687],[78.85769747906664,20.854915642272353],[78.8606443696878,20.84162170729106],[78.8656850435558,20.840038686268677],[78.86766182263347,20.833518544587392],[78.8740064021424,20.82992706495057],[78.878039272921,20.82978920248095],[78.88360550548838,20.843601772035594],[78.91285250470473,20.835991872679145],[78.91188046191303,20.8224492938871],[78.9126569875156,20.819607412329592],[78.9167835341699,20.819540503579454],[78.91186129588344,20.808495501917946],[78.92296823224187,20.80201969168838],[78.92440851036854,20.79812638015324],[78.94538549451076,20.79373746823281],[78.94447032654872,20.782056670679793],[78.94093450015956,20.78133948761596],[78.94243165261878,20.766657521560134],[78.95300975049894,20.76820873713919],[78.95865741496029,20.760049593413132],[78.97474819521014,20.755240312431727],[78.9866096132697,20.753553284907444],[78.99607736067617,20.75604231175324],[78.99738101349742,20.744821965008292],[79.01165959556647,20.747796141831234],[79.01590535615965,20.744294039263174],[79.0155983414481,20.739829795554936],[79.03467810627711,20.738111534943975],[79.03626808566769,20.74174653265672],[79.04210654361647,20.737885565851634],[79.0502552726774,20.737658226234924],[79.0518260789084,20.729149937325587],[79.07251409551908,20.726681222651578],[79.07295999684219,20.71922789249123],[79.08575663697881,20.716806006238887],[79.08999142538401,20.711225864885506],[79.10336595544342,20.71568530448657],[79.10914256102609,20.702319458192303],[79.10521423671975,20.68794028008463],[79.14276243320178,20.679048753970804],[79.14371486630861,20.663595406362706],[79.14828176638684,20.661172631223227],[79.14736499430427,20.653621725685998],[79.17070580952863,20.645590464231425],[79.16863873134258,20.626999144585806],[79.17923074910946,20.619061479907526],[79.1840469371918,20.6212658260951],[79.18889830608613,20.599156771438857],[79.19260362037978,20.60269435432815],[79.20520091136817,20.601431681985133],[79.21978021538193,20.590707368107488],[79.2223572610446,20.573126826244277],[79.21729422291538,20.56099446681503],[79.21763802972183,20.552611354419476],[79.21358910257645,20.547590674273845],[79.19425114475837,20.539077292963395],[79.18462187170319,20.52578182122243],[79.18101470448015,20.512375567398347],[79.16978893577344,20.51430173405045],[79.16600503912802,20.492735182321848],[79.16022023492482,20.48760005398026],[79.15777454432536,20.47814498297032],[79.15255587678018,20.482716769552304],[79.1397857114104,20.482192509060845],[79.13250163492451,20.457067187289525],[79.11975353681358,20.45126648804779],[79.10164597444931,20.457573203200344],[79.1013064882553,20.461628686801433],[79.09618038077309,20.46392164423692],[79.06196775910583,20.469114871491747],[79.05191110419227,20.466497223343655],[79.04715726869185,20.469555005384674],[79.04782303882983,20.475004629141033],[79.04345047544355,20.478005360987368],[79.03706983924339,20.477536301028636],[79.03536183382052,20.48064159798022],[79.02295049774233,20.48333964997183],[79.0095549102356,20.46507602011586],[79.00654078765383,20.455086986853242],[79.00039650430755,20.45083949543495],[78.98734605430855,20.46575078043265],[78.98660389766525,20.46092927149106],[78.98162300167681,20.45883877779098],[78.96686838876599,20.460496312358625],[78.965725876991,20.445906568713223],[78.95318959638189,20.428789896870807],[78.90962061190564,20.431568200702788],[78.89883950358858,20.43759998222692],[78.88477465800987,20.427852791038408],[78.85705874521146,20.421074557893487],[78.85333922412575,20.424027917028592],[78.85440269513477,20.426981415849877],[78.84232017498798,20.43428290334484],[78.83425449058221,20.425555896412373],[78.85204204459203,20.415402127428212],[78.84342806904502,20.406517669649602],[78.82195693043751,20.40534658388657],[78.81857502040899,20.403014674127242],[78.81638260607208,20.391416893058032],[78.8203482794408,20.371521598031862],[78.82582833646187,20.362882219349142],[78.81993908797934,20.350062842268787],[78.83060126540812,20.336292584481452],[78.83053213516521,20.321545427012644],[78.80527607996598,20.31025814571341],[78.79877357729049,20.299561983724576],[78.78868520119579,20.29737558721076],[78.77620102563617,20.30070645554762],[78.7665279313558,20.295134164751797],[78.74939758818813,20.297864123128164],[78.73825629832349,20.29378966877389],[78.73506847885466,20.294685689700394],[78.72904741189164,20.30673255186294],[78.70614416268089,20.312252099148086],[78.71017706429951,20.337406272869142],[78.70824694144267,20.34981432990695],[78.68933208165515,20.35921770858326],[78.68859728171455,20.370674474803455],[78.66319911237798,20.39597408904819],[78.65908196752041,20.41192077762538],[78.6454792274159,20.420224375247678],[78.64374506407121,20.42446622770314],[78.64817139379208,20.429013851473602],[78.64832290368336,20.434469616949787],[78.61930662539947,20.435580997778633],[78.61198800324499,20.44485938779029],[78.60812134257338,20.439845313721236],[78.60935503319492,20.433683780350346],[78.60621447936744,20.431563923269426],[78.58020689095619,20.433135095348494],[78.56377230222841,20.439596499065537],[78.55529638612131,20.45127326447495],[78.54607558966629,20.454325502832074],[78.53569536846028,20.4663000126705],[78.53515936328199,20.48055357261851],[78.5214355004857,20.49207174486618],[78.52143082111364,20.50119473145675],[78.51620671208147,20.51267324784796],[78.50899968956145,20.516983288473803],[78.50854785441038,20.523148475169286],[78.49501543969683,20.522443874580375],[78.48494102522535,20.5284807693567],[78.47412593284217,20.528164328075285],[78.45043893732363,20.512895539673128],[78.44218511899308,20.513862968305002],[78.43355758834672,20.519493936573372],[78.40992550111437,20.511943591645338],[78.38509922748707,20.519869736472625],[78.38015916194875,20.528523107896227],[78.36787570348203,20.53377835997772],[78.35556532737841,20.52903767122976],[78.33339079130113,20.545425681818326],[78.29795316638268,20.555613942805934],[78.29374301596795,20.56068133083317],[78.27998565733682,20.56023958113805],[78.27508506654306,20.565301358929297],[78.27465978136571,20.57059421678465],[78.2632951480404,20.5784908914041],[78.26254265212575,20.58755986656662],[78.25681639101303,20.597852260251912],[78.2594740988153,20.601887459693135],[78.25168028573079,20.61488491514927],[78.25327233386218,20.635112498932646],[78.24866599018027,20.645494879097015],[78.27024419759572,20.668300696089947],[78.26685752833065,20.680453962701648],[78.27656677909975,20.688502409018533],[78.27721488344059,20.698587815435186],[78.28485860954687,20.70040763711939],[78.28971891497896,20.709472712837833],[78.29438697610644,20.708279202031413],[78.29134020240484,20.703158762363937],[78.29382837512591,20.698864372916905],[78.29979873471127,20.702356132872023],[78.29972989514698,20.715104122443723],[78.30488356855238,20.719333426324734],[78.3116875529404,20.73802407611965],[78.3048232812653,20.745306428328057],[78.30855101640174,20.75589030897206],[78.30596022235824,20.764458434908132],[78.29236539122438,20.776905848419723],[78.29560414902046,20.793050467706244],[78.29349594420567,20.799975310231996],[78.29771466513726,20.804909467625595],[78.29715050241505,20.81119153127944],[78.3098027771816,20.812519539889937],[78.31722091322206,20.82035939754937],[78.31176414472377,20.833741450964855],[78.3058011438519,20.834643093278864],[78.29851150109127,20.8277609543679],[78.29238019176506,20.827916661278785],[78.29275577698274,20.8403559643945],[78.27937356206677,20.843395922423262],[78.27552334722377,20.861286960417083],[78.26269225013725,20.871497704763314],[78.25747680669645,20.886810735150974],[78.22319318370373,20.89966816684646],[78.21320082859802,20.90859830531689],[78.20849303373191,20.900117887309417],[78.19939389660298,20.899311120382414],[78.18293902702271,20.903735909029304],[78.173987185222,20.915240261679784],[78.17641796391379,20.922832103240573],[78.16980440805075,20.929714592759325],[78.16823732683038,20.941874710084505],[78.14280534929094,20.952971435775073],[78.14866465973914,20.96627624443433],[78.14825981382212,20.984746403401385],[78.14421999709248,20.989035900838267],[78.14522232458009,20.99205045116787],[78.13561137970977,21.00120701960627],[78.13494789084233,21.010263717148952],[78.14471191349868,21.023477610729127],[78.14394817420616,21.02912156055822],[78.13620352441185,21.038179795553607],[78.14509111601812,21.04071410881656],[78.1497197406452,21.048077170563495],[78.1465709738605,21.057791769865418],[78.15048998715339,21.07555740366216],[78.14468483647725,21.103261257458144],[78.13238680601218,21.10501692247267],[78.12834453891683,21.114446661443832],[78.14350091866199,21.139876464679396],[78.1184019969283,21.15638143144069],[78.09156364016168,21.179514130790533],[78.09859041720769,21.188786705381688],[78.09677726614066,21.198871599142553],[78.08736826185066,21.210250739427412],[78.07082204297669,21.22132049062451],[78.07182088801066,21.23637066928809],[78.06733566885842,21.239988064601675],[78.0581516452355,21.239573692070778],[78.05252307368417,21.254853892246835],[78.06157720295725,21.277450259220313],[78.076019191321,21.276461237427224],[78.08046364673604,21.281585685839833],[78.07958610496235,21.28938957545174],[78.06889621744608,21.29836707714634],[78.07935179236104,21.327312659012524],[78.07424951930619,21.353785534773046],[78.08565447728067,21.359267664722896],[78.09428021853397,21.35466719473347],[78.09583302487682,21.354287231797095]]]}},{"type":"Feature","properties":{"OBJECTID":564,"STATE_UT":"MAHARASHTRA","STATE_LGD":"27","DISTRICT":"YAVATMAL","DIST_LGD":"510","REMARKS":null,"Shape_Leng":934197.557783,"Shape_Area":13123232258.7,"sourceDistrict":"YAVATMAL","district":"Yavatmal","labelPoint":[78.16103907480628,20.083552725933483]},"geometry":{"type":"MultiPolygon","coordinates":[[[[77.60400290975868,20.464593885155306],[77.6039173821424,20.456916269947815],[77.58794518437414,20.46276558563816],[77.59187965784206,20.468028444813804],[77.60453183590417,20.466811764541553],[77.60403423197701,20.464714478050155],[77.60400290975868,20.464593885155306]]],[[[78.2751261844413,20.696304195424755],[78.27723615196274,20.689675332271946],[78.26685752833065,20.680453962701648],[78.27024419759572,20.668300696089947],[78.24866599018027,20.645494879097015],[78.25327233386218,20.635112498932646],[78.25168028573079,20.61488491514927],[78.2594740988153,20.601887459693135],[78.25681639101303,20.597852260251912],[78.26254265212575,20.58755986656662],[78.2632951480404,20.5784908914041],[78.27465978136571,20.57059421678465],[78.27508506654306,20.565301358929297],[78.27998565733682,20.56023958113805],[78.29374301596795,20.56068133083317],[78.29795316638268,20.555613942805934],[78.33339079130113,20.545425681818326],[78.35556532737841,20.52903767122976],[78.36787570348203,20.53377835997772],[78.38015916194875,20.528523107896227],[78.38509922748707,20.519869736472625],[78.40992550111437,20.511943591645338],[78.43355758834672,20.519493936573372],[78.44218511899308,20.513862968305002],[78.45043893732363,20.512895539673128],[78.47412593284217,20.528164328075285],[78.48494102522535,20.5284807693567],[78.49501543969683,20.522443874580375],[78.50854785441038,20.523148475169286],[78.50899968956145,20.516983288473803],[78.51620671208147,20.51267324784796],[78.52143082111364,20.50119473145675],[78.5214355004857,20.49207174486618],[78.53515936328199,20.48055357261851],[78.53569536846028,20.4663000126705],[78.54607558966629,20.454325502832074],[78.55529638612131,20.45127326447495],[78.56377230222841,20.439596499065537],[78.58020689095619,20.433135095348494],[78.60621447936744,20.431563923269426],[78.60935503319492,20.433683780350346],[78.60812134257338,20.439845313721236],[78.61198800324499,20.44485938779029],[78.61930662539947,20.435580997778633],[78.64832290368336,20.434469616949787],[78.64817139379208,20.429013851473602],[78.64374506407121,20.42446622770314],[78.6454792274159,20.420224375247678],[78.65908196752041,20.41192077762538],[78.66319911237798,20.39597408904819],[78.68859728171455,20.370674474803455],[78.68933208165515,20.35921770858326],[78.70824694144267,20.34981432990695],[78.7102990735537,20.34038639088894],[78.70767447770305,20.311140795657128],[78.72904741189164,20.30673255186294],[78.73682432525436,20.29383532200402],[78.74939758818813,20.297864123128164],[78.7665279313558,20.295134164751797],[78.77620102563617,20.30070645554762],[78.78868520119579,20.29737558721076],[78.7997496746648,20.2993476393437],[78.81944123687464,20.27847963570754],[78.82009407330924,20.273274366991565],[78.8120414046927,20.260300011636964],[78.81795686464535,20.250615182626536],[78.85809143789706,20.25407902005688],[78.89483113156169,20.24956456457247],[78.90833254585999,20.255177746871055],[78.91997549355534,20.25429156342083],[78.92274059240845,20.23848412976079],[78.93746502662712,20.229388488048315],[78.93946369755393,20.220314914661635],[78.95607995389577,20.213673983242458],[78.96231491021983,20.20786214506582],[78.95459126553355,20.19498225894936],[78.95769637275917,20.183765968317832],[78.9536942469941,20.172230895394186],[78.9574939561403,20.16784532838023],[78.97277135979634,20.162681817916884],[78.9812030423137,20.14997223526836],[78.96945347852532,20.144195843541194],[78.9678681379506,20.13243754108524],[78.97020273302437,20.127551747345475],[78.97717922704108,20.124397344774],[78.98882087194285,20.12919259872182],[78.9998042148844,20.12660390753914],[79.0206735128107,20.111007585677932],[79.03298486353835,20.095042756549216],[79.04749561221364,20.087024230214297],[79.04764463568266,20.07994465057412],[79.04367557489599,20.074276195804128],[79.04521446985608,20.0685940584153],[79.05866922357578,20.06605399959418],[79.06790271284298,20.07023996961375],[79.07266765538861,20.06353542698506],[79.07258069518713,20.053043427454636],[79.07976654128392,20.041652484458417],[79.0820450439352,20.024847739431213],[79.10761963958184,20.008680655851926],[79.11175110595383,19.990931048248793],[79.10947895244817,19.98799688901453],[79.10188247646303,19.990139505893104],[79.0920307994139,19.98231060561316],[79.0929168592751,19.978237316436505],[79.10799901991591,19.97376720045909],[79.10897830034729,19.970604785625593],[79.10241236873465,19.957758914734633],[79.08902488341525,19.948243133292586],[79.09111313991663,19.917644512968426],[79.10100771962662,19.91756374407381],[79.11173862085903,19.905395805787375],[79.14791386173202,19.897519098755275],[79.1490746267544,19.8948787440433],[79.13705503661215,19.877697672612292],[79.13369085127647,19.86761749277933],[79.11826704272649,19.861247319162754],[79.11183870188687,19.85057822233199],[79.0978902334022,19.842188255986446],[79.08923899218944,19.84244362373357],[79.0857282131325,19.830296911323597],[79.07194387381,19.817932709441557],[79.06122362367203,19.817080290697884],[79.0432952587085,19.822053654539058],[79.03562314128737,19.817611864490026],[79.03107382323154,19.80593298965787],[79.02373481297111,19.800446848216122],[79.0025166603085,19.80751485933914],[78.96842020856396,19.807047348998033],[78.95499084748579,19.800897756879728],[78.93764377447654,19.778731340438085],[78.9389220903574,19.771015977084843],[78.94945018836471,19.76222369141202],[78.94904013212502,19.7505048828579],[78.92447709751734,19.74846171041834],[78.90067734587659,19.737340125353647],[78.87984799742378,19.748263691815495],[78.8813776860911,19.764107327208187],[78.87833845792801,19.767210197028344],[78.85628226667805,19.771304368345287],[78.84668222411625,19.763667003375677],[78.82587826576729,19.755144105689045],[78.81691900600458,19.761832653589416],[78.8043517392477,19.756252866266134],[78.79693361597785,19.76000917186476],[78.79562996846954,19.767266379954616],[78.78236598459874,19.778409699230455],[78.77112268089029,19.779383344794425],[78.75637101241199,19.772505382981745],[78.7461102662395,19.781169656462577],[78.73886957687438,19.783177590936422],[78.73002441845034,19.78022617796877],[78.72414627672276,19.767754287827824],[78.71970982472193,19.76653994538316],[78.70609446712349,19.772303117763677],[78.69895497437403,19.7885574074726],[78.66635373335534,19.799754773147868],[78.65504999606551,19.80019120876149],[78.64274279378766,19.80780702363907],[78.61898667927414,19.809979872729926],[78.60356585717237,19.818365027799384],[78.57228738216929,19.815845730898232],[78.54947763141453,19.82425130913997],[78.53167744915918,19.81858918582768],[78.5152653419979,19.81902140331582],[78.50895232976872,19.81205005716396],[78.50722288229387,19.797548373532535],[78.49023814945386,19.79268445633248],[78.48503501358994,19.79605213086582],[78.4831473325454,19.803809930288427],[78.47245903863504,19.817338268707392],[78.45388540770985,19.812948561558155],[78.43167862561145,19.814876349367935],[78.422951936927,19.817626700969903],[78.4002821894224,19.834027651352848],[78.38598289393313,19.846090226722325],[78.38179039276828,19.857041598923054],[78.38303637410701,19.873905484617534],[78.38067127785762,19.88043619704267],[78.3368794223706,19.883003478322628],[78.32876211929765,19.887154803579037],[78.32464985376092,19.89737322759547],[78.33411596649526,19.90572464962231],[78.33177892679342,19.913373836238677],[78.3263567733612,19.916590688902556],[78.30702790900732,19.91429755898198],[78.28320453736883,19.90573117163685],[78.2756873786061,19.875360908335153],[78.26479777745378,19.867985310460476],[78.25202089779036,19.865706086437225],[78.2439194503138,19.871913207758734],[78.24116776480574,19.883952104358286],[78.25631971263265,19.90355993316754],[78.25570052330191,19.91661282005358],[78.2506710096729,19.924348959848807],[78.23461534872688,19.91127892555244],[78.21654394277418,19.908916809864483],[78.20428823166277,19.898424368673396],[78.18886189398684,19.89630149071922],[78.178918168728,19.9040282121771],[78.1424300613341,19.910548318615053],[78.12713107451815,19.894286404019944],[78.10657376144022,19.890808344056907],[78.07495573852152,19.895706799363797],[78.05914573921471,19.912486424786046],[78.05481964435322,19.923416520667732],[78.03310619217548,19.9198512354504],[78.01457931977765,19.907705047418677],[77.99890530061842,19.91140186355706],[77.9675039876037,19.905489429433807],[77.95238418426479,19.908877565428575],[77.93605730704653,19.89181639789569],[77.9250775578493,19.890594482118356],[77.91770767522858,19.884194655950527],[77.9035580745502,19.881284009546395],[77.87409215310515,19.84633956020415],[77.86991095034186,19.82073607070467],[77.84825729086042,19.798063015000555],[77.85182086764745,19.78513677274733],[77.8634190202617,19.774072009222845],[77.85922707900575,19.7466436715443],[77.86662521500206,19.74152048176368],[77.8764989685914,19.744053764545882],[77.87964053948423,19.73499846078104],[77.88984682156975,19.72591452171666],[77.8943280883552,19.72710147695062],[77.89765682668094,19.73321681942115],[77.9141879978641,19.729029229759146],[77.93022677424449,19.7385221243981],[77.94728090154025,19.730018669230855],[77.96318535856234,19.70660059203659],[77.98015185729564,19.699891129488268],[77.9826378349287,19.69198541035717],[77.98099599921615,19.680969642971213],[77.98984911179255,19.67316631757155],[78.0004579850422,19.672627875991477],[78.03078991409696,19.692500601715004],[78.04867169549598,19.690068348089838],[78.05623804137936,19.674830233449164],[78.05586384103499,19.662612392491663],[78.07050207185527,19.65940785264135],[78.08016597651682,19.640930677433758],[78.08733841025008,19.636991297590846],[78.09620197346753,19.638332384084276],[78.0982412234533,19.649044915652315],[78.10533890527641,19.655975391427315],[78.12370284479083,19.650799639993277],[78.13031090285212,19.66450672899843],[78.17847129685693,19.650158601910192],[78.19649480530576,19.61573114699425],[78.18979555212883,19.596759487024112],[78.19165540301938,19.587171379102998],[78.18485808986696,19.576228940160664],[78.18936738687405,19.56621634821167],[78.18816789297125,19.55834655087365],[78.15140101826266,19.545185142860465],[78.12861170155662,19.55112707342366],[78.12309588741206,19.550034709431664],[78.11935004345611,19.544582958987952],[78.13437500801318,19.529761408591437],[78.13451570911049,19.518649697682058],[78.12296073123741,19.510276056901326],[78.11881065243882,19.49284124187665],[78.1109236624537,19.481861173914933],[78.0954713126467,19.483927285396913],[78.06753897847081,19.45858889087362],[78.04390344901701,19.474454631760562],[78.03091465174393,19.488225011098418],[78.02372568816655,19.489710282828224],[78.01884508240332,19.48808016093108],[78.01531420060743,19.4809228586207],[78.01501852700636,19.455783272202915],[78.00681911463239,19.452770051031248],[77.9936780202163,19.45419720160225],[77.98300906726881,19.463987837866675],[77.98855008546133,19.475241503667597],[77.97532324382782,19.492948948452714],[77.9726098711004,19.507387595598413],[77.95376569814458,19.511922787257028],[77.93897422075122,19.497438317491778],[77.93517473445331,19.504696046122472],[77.91440484372386,19.517654830958552],[77.91004777067765,19.53297120948572],[77.90643279501893,19.534284466891762],[77.896715378757,19.522343213398155],[77.88973630778472,19.51988217112103],[77.88731927338031,19.50596376028119],[77.88066171268882,19.502078090066114],[77.87733973047186,19.50406471943326],[77.87686244426932,19.5153708164681],[77.8666066198588,19.516728271334898],[77.85936003114959,19.522428583198316],[77.84246539916755,19.510958386796318],[77.84200943085627,19.487855780588422],[77.8380630351832,19.4838299854317],[77.82752561280532,19.482713458835864],[77.82484088820496,19.47759577120103],[77.8463881274438,19.45310464968129],[77.83760842964584,19.449477208207576],[77.83121821014485,19.439041224300375],[77.81846629525603,19.44117364142556],[77.81280376610503,19.458267308335696],[77.80680093215905,19.464538349229144],[77.80025075236836,19.46067738238438],[77.79870281929531,19.450038591747806],[77.7867243677082,19.449559038835677],[77.77459026109477,19.439955816032967],[77.75084192470898,19.430897056650714],[77.74387457431132,19.43206997871161],[77.74082868968749,19.43778230978798],[77.72715037963697,19.434462707618124],[77.69633410500875,19.43965905803567],[77.69538773319447,19.457261855599583],[77.70977671303356,19.468493089954922],[77.71192374564242,19.47791738676297],[77.72348758203276,19.47445702723097],[77.73953377024131,19.484438392121834],[77.73418094015962,19.49673897755667],[77.74695698842565,19.504463424403266],[77.75081310863024,19.513468391132598],[77.74513814812352,19.52570681244664],[77.72817875202756,19.532268961052896],[77.70576250359379,19.522142473773698],[77.70624117649987,19.533212446824496],[77.69777476342946,19.538953873181317],[77.67417113645945,19.539035856377918],[77.6512873954099,19.549559874391903],[77.63835564972297,19.548172631591296],[77.63117405839229,19.553650152178918],[77.63388681289516,19.55818292137353],[77.64233832522939,19.555344056806454],[77.64870652962311,19.55817708075502],[77.6376626426638,19.59472280480277],[77.63785136436891,19.600076232032897],[77.64301509248185,19.603264183180364],[77.6438354125478,19.6076541499574],[77.63831228490841,19.610398925877227],[77.62747960299484,19.606445910454262],[77.62652524771711,19.62352854316394],[77.62419971996279,19.626935028991944],[77.61297055034048,19.628953315347413],[77.61651850410897,19.638204829790403],[77.60591734367435,19.640740692123927],[77.60639842447691,19.6486193049434],[77.59805475691546,19.642298741841813],[77.5937732874132,19.650678833604395],[77.58284422374227,19.6505997751089],[77.57906855165638,19.65726679143759],[77.57185279004032,19.65050336235879],[77.55465716482637,19.650930430170515],[77.5519416976997,19.66157064262603],[77.54127785688958,19.66047828041936],[77.53708583848497,19.66957261379031],[77.5280598310134,19.668299620216498],[77.50411523777511,19.67368928364145],[77.49974204647103,19.67898124355632],[77.48280024047689,19.677188725291245],[77.47548512321471,19.6834804179176],[77.4601032764923,19.681635916498205],[77.44239459188682,19.692251585482833],[77.44945672445095,19.70049580098919],[77.4455106414722,19.712122133876175],[77.441120649192,19.714191868593073],[77.43870097196208,19.72517729566507],[77.41442138739616,19.736808905694364],[77.41030352349257,19.745496450161927],[77.39342659202235,19.728085654909417],[77.38439972635986,19.725815358606024],[77.3804424431688,19.729410946319597],[77.38140901664168,19.7389791940645],[77.37649238500225,19.748142887911214],[77.38318383398779,19.76609302855189],[77.40094204378163,19.766684900816657],[77.40456674381707,19.774602923303377],[77.40085808273321,19.78128367881365],[77.37764674612984,19.78684922647735],[77.38419213288702,19.80991253671777],[77.3910139268552,19.813970211418823],[77.38768849894474,19.823140092431014],[77.36702583401666,19.826094159440533],[77.35376657182448,19.81735467736382],[77.34403047830564,19.82536154708169],[77.34034673593844,19.83124959332936],[77.34149575995063,19.83623195768796],[77.3608352541277,19.836334015308108],[77.35174319628587,19.849826483027112],[77.36357373206091,19.855445287431298],[77.36403328637948,19.858893589792046],[77.34486525463022,19.863907898240665],[77.34603146457579,19.876479674013662],[77.33252219167083,19.8781141983939],[77.32545310547216,19.887361090181734],[77.31903176896074,19.88964933197992],[77.30771568980077,19.882645711564976],[77.29528156421425,19.884328127324626],[77.29195187575924,19.891142290282097],[77.29353988620981,19.89527860662404],[77.31221756944396,19.89408928599134],[77.31044732525751,19.903939327005254],[77.31292034454935,19.91414264462868],[77.30661730167255,19.91439038574813],[77.2928054027491,19.90346257835235],[77.28394747919954,19.90586834815057],[77.2843977453521,19.93708297209469],[77.29906927504375,19.94386538302706],[77.30321915070753,19.953268700415162],[77.30380553320651,19.96533215663384],[77.32193593221152,19.959249511489705],[77.32464156853457,19.973613522165113],[77.33720907091657,19.97463866689925],[77.3364018175996,19.990416124743373],[77.34083489907209,20.00840864009297],[77.35533948104678,20.01410355966552],[77.35411246594902,20.020204402801177],[77.3725972898545,20.046886054435106],[77.35243417201364,20.064315248589814],[77.35620061402942,20.07725640119372],[77.36916136639674,20.08905113671329],[77.36484397953407,20.098331416548454],[77.38345177601676,20.086495436160295],[77.4077920032577,20.083674378718182],[77.44613817120572,20.07039699646609],[77.45947848558559,20.069362951146232],[77.46433090698301,20.069552223750797],[77.47926764258553,20.084433423247855],[77.4856110050959,20.077327913743844],[77.49441134646284,20.07875818245837],[77.49868803838204,20.085089577548814],[77.52482343183931,20.09808834775688],[77.52631967919228,20.090272720491754],[77.53639262453908,20.07973631043165],[77.54009101179201,20.069937503789472],[77.55019830618669,20.065509985916623],[77.55490453739105,20.047456246631103],[77.56019265201243,20.048293547865434],[77.56835719769045,20.042772702948174],[77.58067230332966,20.02883201420703],[77.58461603171587,20.033525606661083],[77.5900618965294,20.0320744556372],[77.59618671537429,20.03785062101526],[77.60103205456826,20.034625887808424],[77.60759353344348,20.03594277868263],[77.62998724499903,20.04529237166],[77.64023037026234,20.06070983692073],[77.64047567033347,20.073718646887247],[77.65527156462718,20.080003630542837],[77.65672036606298,20.097715210087692],[77.66635998397769,20.098297577391605],[77.66894397078687,20.101935632421572],[77.67035171411116,20.119854570155915],[77.68212532793287,20.14099041240282],[77.68199887593417,20.14430657728865],[77.67577639417034,20.14398610245921],[77.67377489598219,20.14769039175366],[77.67946502212251,20.16668799525091],[77.66300564498196,20.173595343232545],[77.65262405634222,20.17168526712559],[77.64899950671321,20.175155212351736],[77.64954437506778,20.18575360179614],[77.64425278884399,20.186948025295266],[77.655777767718,20.200404900118155],[77.65779124183759,20.207270721301708],[77.65217129620501,20.21052080338914],[77.6526903860127,20.21467463166196],[77.66537893055263,20.24148141658006],[77.66543392847657,20.247398836328905],[77.64359308459552,20.250590464409],[77.63350798645448,20.261410488451816],[77.61033269586366,20.264085132618614],[77.61025691287206,20.27883169035829],[77.5943269680013,20.280728494467926],[77.59479868674289,20.303049193705377],[77.5879152255418,20.306463949632963],[77.58326229593403,20.321326279044538],[77.58435709741104,20.32696111841831],[77.57901775059624,20.32646162606095],[77.5751929717419,20.330934883247018],[77.5674713004272,20.329629303302976],[77.56733518204611,20.345180310006405],[77.56874776081739,20.359953489872236],[77.57888754447366,20.37225259785145],[77.57631598138964,20.37276141929706],[77.57186919112576,20.38580702442082],[77.57386551115965,20.400669890350436],[77.58046612448794,20.406877112897714],[77.58394210159055,20.417261320558257],[77.5957603974753,20.412339460320958],[77.59019139248079,20.42922506643459],[77.60369878466548,20.435617364930085],[77.60154669704517,20.446199097640772],[77.59627257319308,20.4481904056142],[77.60353200908385,20.45130583004177],[77.60552087213603,20.45591301404502],[77.61236867927501,20.45563854836011],[77.61357828847608,20.461028094197665],[77.64285909167448,20.45033563826776],[77.64924638362649,20.459651551322672],[77.64837472872863,20.47188104542624],[77.65403131696404,20.480639056729206],[77.6557623243548,20.494880671389335],[77.65290252467136,20.495250088052046],[77.65338063713577,20.49788688870944],[77.66216118633781,20.50018086537506],[77.66719247781923,20.51714034329033],[77.68575246449218,20.519392535660007],[77.68965357198037,20.52412503220325],[77.6907119256722,20.53400796707026],[77.66879412208733,20.53998409491216],[77.65363895933372,20.531256644633768],[77.64293329331105,20.531692764245147],[77.65040434856027,20.563982829240057],[77.65920897752595,20.563944577430686],[77.66617357691054,20.579727372714324],[77.69100301115766,20.5775816030397],[77.69082012713183,20.570831018390397],[77.70435207949836,20.5649405044885],[77.71623825547998,20.56561751444476],[77.73102399370605,20.55959247341873],[77.74123565405372,20.56132591360445],[77.7511892026631,20.5452941779902],[77.76867494822442,20.543650860435584],[77.77009032452581,20.538815556993956],[77.78009868992176,20.53812566682045],[77.79138627478503,20.560500265696195],[77.80479391641897,20.564431778988624],[77.81071807551791,20.584751163991587],[77.82183072736936,20.580209001603208],[77.83960242419415,20.56493584567925],[77.84777575611923,20.57066269701187],[77.84620202694168,20.588009755413243],[77.86742896193851,20.59546587469126],[77.86764445778907,20.611558034108235],[77.87794629814898,20.610121661199493],[77.88595784344379,20.62496625084182],[77.8948028639355,20.62582896311685],[77.90048110417081,20.61859314769187],[77.90840028988771,20.615644904820982],[77.91298915218648,20.60798077531055],[77.91753958137467,20.607499957626974],[77.91382508554346,20.590888160818352],[77.91847445914156,20.587040809760232],[77.91158912937328,20.567355296908154],[77.91401040701474,20.56446804921307],[77.92502302185048,20.56668564566559],[77.9222909631377,20.559991125423682],[77.92470184149002,20.559134770642476],[77.93204455640866,20.570393773561094],[77.93315304310498,20.57769182985222],[77.94496303210119,20.58154568603859],[77.94662267679323,20.57782431496584],[77.95068218535019,20.579675006631245],[77.95017439113805,20.574931209256096],[77.97449635482522,20.589064716846675],[77.97776740427852,20.605289971998502],[77.98522702911283,20.613474786626654],[77.99001167697361,20.61308525547724],[77.99543143704751,20.624605264175845],[77.99985529302825,20.622672273449506],[78.02111239884965,20.62675552814251],[78.01898402126503,20.630399963633735],[78.02643512892533,20.633243257226738],[78.01907756774057,20.64097084899244],[78.02743077757378,20.658377280450047],[78.0366441214607,20.659342280087756],[78.03658214249248,20.66590050472574],[78.05814129214727,20.668592355429116],[78.06552519653417,20.67296400108732],[78.07870963892714,20.66405655129775],[78.08380733491714,20.672095734696263],[78.08866775587624,20.6720507347922],[78.08815913103986,20.66966049343225],[78.09952453812663,20.666335878443007],[78.09330664409305,20.641504073311054],[78.10118558820025,20.64308788242947],[78.10150591907905,20.640575766044073],[78.11067496225135,20.640204670937596],[78.11242217568918,20.647814844848725],[78.1293886430436,20.64744940359397],[78.13214100108519,20.65383627883684],[78.12446260528866,20.65944438760476],[78.12718319021002,20.66309251258529],[78.15689816290435,20.65676840417684],[78.15774613542503,20.66721870802959],[78.1706341527776,20.670266570211542],[78.17927086918839,20.66780297030348],[78.18220813782582,20.677999336049837],[78.20590108654487,20.67446092644786],[78.21000338987801,20.678998252980218],[78.21167333871475,20.692322309000282],[78.22823916382767,20.692892584487414],[78.2406866134194,20.68432792162033],[78.2419093103136,20.686838741576402],[78.25521700760827,20.68359855898419],[78.2588956630074,20.697990896398068],[78.27491288875616,20.696389705733424],[78.2751261844413,20.696304195424755]]]]}},{"type":"Feature","properties":{"OBJECTID":565,"STATE_UT":"MAHARASHTRA","STATE_LGD":"27","DISTRICT":"AKOLA","DIST_LGD":"501","REMARKS":null,"Shape_Leng":628637.251196,"Shape_Area":5244547197.92,"sourceDistrict":"AKOLA","district":"Akola","labelPoint":[77.05563518676816,20.748345053733132]},"geometry":{"type":"MultiPolygon","coordinates":[[[[77.04884793441636,21.237726706193982],[77.0511456940932,21.23313310297851],[77.05969731604272,21.231435113918145],[77.06660387302539,21.220158791127066],[77.07516605481177,21.22138262397937],[77.08065286736898,21.21644319945361],[77.09313291047431,21.226330491098935],[77.10909581480918,21.21886719262742],[77.11788681682015,21.21970989776148],[77.11906988054868,21.224490081464626],[77.12570463848964,21.22467691943277],[77.13030850214167,21.220382246599115],[77.14870499870811,21.227547948171246],[77.15336858249998,21.234503132583097],[77.16275690897896,21.234781803879816],[77.16634260335569,21.237567707155367],[77.1647730980691,21.243223883771556],[77.19026503458593,21.242895000329657],[77.19373175012187,21.23650249814192],[77.19064808209937,21.228671838456783],[77.17411263376665,21.22346690091693],[77.17782059779151,21.21931760745989],[77.17581369500834,21.208206636119293],[77.1819587667173,21.20763902863053],[77.18364508429117,21.201335848558443],[77.17852575706678,21.19549631986764],[77.17968078591205,21.191026037847255],[77.17286223033813,21.191366084455826],[77.17218273816249,21.18674831381656],[77.1662072164488,21.184426410226735],[77.1609925205983,21.167619394444827],[77.16646645148404,21.166499282199464],[77.16737848457996,21.16296321537704],[77.1628113946156,21.14679091857545],[77.15953507600237,21.145481657372766],[77.16619238121899,21.144099751337528],[77.16489330063193,21.135909963236013],[77.18320252447718,21.134437964704826],[77.19238004978547,21.135445107720578],[77.19327659338985,21.139288866104227],[77.19625365979074,21.13894157871866],[77.1961484624358,21.1205274784646],[77.17172678226554,21.11862614380397],[77.17152998956591,21.094808755809055],[77.17714747908352,21.085639601597865],[77.176562093735,21.07239108433522],[77.15007890349474,21.07217527993348],[77.15199964828957,21.061445326652255],[77.14956765002528,21.033973072242738],[77.16179181438841,21.02950298957003],[77.16102597313261,21.026226441425866],[77.1728423077536,21.023837140583566],[77.16582012215059,20.998355043405642],[77.168493781726,20.99765605245135],[77.16767583091956,20.98870837145838],[77.13354834877785,20.988887991565765],[77.13292707341309,20.976213917324444],[77.15985060920998,20.971338911172904],[77.15630301309076,20.962447814832053],[77.15365862954583,20.96256620610679],[77.14450325292637,20.921608212425756],[77.13797513116796,20.92202814980256],[77.13535216783356,20.91837853866054],[77.13745507291799,20.880074454643434],[77.13160400404396,20.879758791467225],[77.1295477862365,20.863222547151693],[77.1367000141301,20.86115399932181],[77.142637048825,20.863821077907044],[77.15533706996568,20.859531592267807],[77.15874565025786,20.87060092161842],[77.1704024457151,20.859766680379924],[77.16920261108706,20.85441900838372],[77.18013133368412,20.85042346769701],[77.19609515041948,20.85409839912807],[77.21153044938507,20.84853360556063],[77.21610173044662,20.85786488309811],[77.2217148646959,20.858534416697704],[77.24481739565252,20.852944744192357],[77.25183242248258,20.855452659839536],[77.2580372286931,20.84572716472702],[77.27108984304189,20.853130944194792],[77.28585124863835,20.84637385609756],[77.28923435907234,20.84976019149389],[77.3027822290908,20.84923380659207],[77.31448237677017,20.857916357946472],[77.31843146124943,20.855926579257144],[77.31798700670677,20.851468861815224],[77.32071671706177,20.851511873016456],[77.31956733734496,20.855438088796113],[77.32592811181674,20.853809851359653],[77.32732383561068,20.849178429011683],[77.33743344918152,20.84334677396969],[77.36283443389803,20.84775555986344],[77.3747386678025,20.842826159930176],[77.38731679390753,20.84572785145052],[77.394293004289,20.84090947191963],[77.39950735835457,20.846132430039006],[77.41803698344779,20.842796583151127],[77.42493203955782,20.847930687576874],[77.43220967184048,20.84690488612286],[77.43368853337095,20.842489605300084],[77.43751424673772,20.85385908296517],[77.44780238357735,20.85217332222316],[77.45342945247789,20.860879800465455],[77.45493824435209,20.858067868207286],[77.45768317685025,20.867387282436816],[77.46063839089992,20.86721444724096],[77.45760314910379,20.871194748982933],[77.46272300547696,20.871884016246167],[77.46072293599146,20.875782306341687],[77.46508930904787,20.879622674090314],[77.46780360048858,20.87598007668579],[77.47967653078176,20.87895677697566],[77.47555579051476,20.860824791828097],[77.49949801138425,20.860133378073876],[77.49913215965788,20.857000279429293],[77.52687774543801,20.850053679761768],[77.53290528545752,20.850334984415692],[77.53307202752842,20.854655465327298],[77.55066005240676,20.854596638351566],[77.55349885332947,20.824740431117284],[77.55944545115644,20.82410686318023],[77.5609696790274,20.81878696925045],[77.56528157040286,20.81863820364375],[77.56915785370757,20.808451440290046],[77.59256037542605,20.810395689773447],[77.59264568349036,20.80476151167657],[77.61019500044685,20.79965884204638],[77.61131831967838,20.778627546038628],[77.61941438014603,20.779424753223825],[77.61423498534269,20.759385466926272],[77.61980447100403,20.756824542423097],[77.61286976682032,20.736477840187202],[77.61046910171166,20.717560337264917],[77.59822288739923,20.71837013331964],[77.59077109074262,20.726410890146354],[77.5778859433642,20.726915675761344],[77.57304488021406,20.705372423551584],[77.56527846309766,20.70748945112086],[77.5634349063574,20.701050737083435],[77.54973863549515,20.703900986109605],[77.52656717271284,20.70145895083191],[77.52351209860723,20.69731205299386],[77.53956129486468,20.696534870407],[77.54324386397407,20.67827624918411],[77.51385314328562,20.68169151924857],[77.51529823228134,20.673286988255835],[77.51084220971694,20.664411698558837],[77.5039903517167,20.66485382393291],[77.50298596112489,20.67162817390951],[77.49307533461565,20.682885401033577],[77.4810120524292,20.68204503201486],[77.48468271542426,20.65710619175029],[77.46915799609494,20.65691450519246],[77.46358988192108,20.660188243543768],[77.46136139877326,20.66586989298649],[77.45382156742065,20.66468317204277],[77.45261513620201,20.656859270007615],[77.43088686476862,20.662257705034275],[77.43842180341295,20.65316462345484],[77.43856376187814,20.642549807917188],[77.45175631782116,20.638155478828153],[77.45045882168101,20.629658387905245],[77.45424279577811,20.626627428361846],[77.45811307715165,20.62823424132398],[77.45974976504466,20.6192419352988],[77.46609798586111,20.61819831698136],[77.46707129687016,20.610911012800337],[77.43103403661061,20.61229539365535],[77.4108683349447,20.606919941420518],[77.41435978090242,20.602028538215798],[77.40925933484783,20.58707381410261],[77.39944384622336,20.58531667697363],[77.39567850856216,20.579810105091585],[77.36567017272928,20.583383082549908],[77.36208347565854,20.567635573869648],[77.33944297287167,20.575264474983697],[77.33537968323348,20.548648976812302],[77.34122378494041,20.547428601841112],[77.33633718638336,20.525784021623004],[77.36440958447658,20.518190231647864],[77.36832789078507,20.525488256204817],[77.39566618102309,20.525440524838334],[77.380791012123,20.48267437844957],[77.36792845410066,20.480025138174334],[77.37019537733242,20.487620919685632],[77.36805266068713,20.49652987356854],[77.32747645441138,20.497974211491737],[77.3248269570785,20.487032121815886],[77.33923002002389,20.483775298674708],[77.34448643547931,20.478140271990817],[77.34342695240188,20.47163592446618],[77.33320973632445,20.472567908254025],[77.3263108549768,20.464813492781655],[77.3254766258585,20.45031599674594],[77.31383489326633,20.45231378374404],[77.31405274702438,20.449702759960353],[77.29262959016955,20.44301211482342],[77.2706791377184,20.443135273095418],[77.26630209886278,20.45860359261634],[77.24681492468727,20.4597405193205],[77.2467896651921,20.472368462359523],[77.22957174743938,20.473394531899498],[77.22517184375384,20.4474121286802],[77.21252108861668,20.447894607860313],[77.20954559144306,20.444960132999878],[77.20167543236167,20.44955916039948],[77.18555062926349,20.447384546565242],[77.18286206272539,20.43172890606582],[77.18863672507719,20.42996427991741],[77.19094096148444,20.423643094787455],[77.19720678429566,20.423758372609235],[77.19699297744027,20.41517519543532],[77.19144305478291,20.402291720330197],[77.18115014122492,20.397471687152],[77.17126176151262,20.401177875019357],[77.15151996784945,20.39913853968973],[77.1520967513843,20.39256422502137],[77.1434974068376,20.380107596876854],[77.1364837629472,20.391408847421225],[77.13191314479428,20.39039591782545],[77.13039627594948,20.398894865636677],[77.1211110654684,20.40277153363585],[77.12021150426793,20.411101114272782],[77.11589288000629,20.407998534854517],[77.1132402059523,20.4116226457304],[77.10493501712659,20.410971721764735],[77.1029435184072,20.41521245884575],[77.0851669231201,20.419356370801875],[77.08522178090169,20.42231706095167],[77.0796114612186,20.42385796415304],[77.0731360789319,20.401475877032773],[77.0745035356782,20.39361130500145],[77.08119009590807,20.390447889821928],[77.08031178071147,20.386995739300744],[77.06245793037624,20.381357342903666],[77.04533422308629,20.386550674295],[77.05094541395776,20.407421771476077],[77.04710502836028,20.419307153264082],[77.05965891773782,20.439435112189646],[77.05902415559234,20.445371801099938],[77.04478751439754,20.44966304842203],[77.02231423382902,20.449919120568428],[77.02141132326007,20.44319403386462],[77.0136770286339,20.431725246304243],[77.01448117543104,20.41271495094609],[77.00350608551645,20.41475018025797],[77.00182418262536,20.411359568243046],[76.99357978930685,20.4090413843078],[76.99101173528847,20.404343905014265],[76.9957603975211,20.398027998124583],[76.99530538369883,20.39354565653033],[76.98934908319211,20.394478573559706],[76.98633827519905,20.389164328756667],[76.98112422596675,20.387781112181326],[76.98103728479457,20.380086017793424],[76.97446453314913,20.380373019965923],[76.97798508671441,20.370348457796975],[76.95330936189615,20.36346747030455],[76.94307632290372,20.365374223796596],[76.93617240557735,20.370612066233964],[76.93199239676468,20.357039217089756],[76.91946895226337,20.359636133458814],[76.91670841683136,20.351347841485957],[76.90477787413349,20.344482547693865],[76.89673234012795,20.33442752460843],[76.89154879188165,20.317020966233436],[76.90883310245157,20.31311142843165],[76.88081103316355,20.294164689864385],[76.87763908836541,20.288035116995992],[76.88212270350218,20.284961671529896],[76.88020888441484,20.279704715746057],[76.87283769684744,20.275229475648494],[76.8686966391314,20.277862201175367],[76.86206290995098,20.296728143948876],[76.85218395379515,20.300214911552636],[76.83775791091563,20.296046612854706],[76.8380096157966,20.289077281404943],[76.83231383189526,20.28276295184417],[76.81166947365196,20.277965226042053],[76.80593337253669,20.288282288401515],[76.79095617279243,20.286858900628193],[76.78604874777331,20.289442146321676],[76.78862174584911,20.30988285316153],[76.79234563414565,20.314165286375086],[76.7680129056262,20.32168710897285],[76.76559344182465,20.316348993604553],[76.75369931892921,20.326687303427498],[76.74264283722408,20.328789878897755],[76.74519304464096,20.32998360119799],[76.74514661719667,20.337390939446255],[76.73508981581784,20.3399173774403],[76.72694911333895,20.337302172624224],[76.72837901980536,20.34291863934768],[76.69994457293461,20.351956705769975],[76.70876247125902,20.384591638223757],[76.7233715974707,20.38959250492068],[76.72653160419782,20.40706762597813],[76.72224409962006,20.4116105983966],[76.72282756146113,20.41543137870698],[76.71274275483873,20.418588175620247],[76.71384860805364,20.438410806229264],[76.69307251083946,20.459128739655306],[76.6996493629593,20.471233366834632],[76.71137702137335,20.473260138156885],[76.70604808560547,20.479427234353],[76.70574704463283,20.487339020876],[76.71567813125063,20.515438245073312],[76.7220646986116,20.514128513417866],[76.72601848986936,20.516602089729016],[76.72578357207846,20.512435869474473],[76.73543091908552,20.511383375291835],[76.73786914061613,20.496664370872764],[76.73526242828267,20.493080615897686],[76.74669475995732,20.495464228332402],[76.75210285236578,20.50281276765837],[76.75240431731592,20.511242590441576],[76.76019989869263,20.510104061559673],[76.77043986087037,20.51786266287471],[76.7719689644803,20.545144884562742],[76.78313625884863,20.57251786627975],[76.76876011173141,20.57571754921442],[76.77674004619,20.587185514113706],[76.78780826092002,20.587275703910965],[76.78887968368683,20.595228159020216],[76.78177759320134,20.603310807849834],[76.7606524862763,20.602814805557543],[76.77058851343095,20.626313833644275],[76.74994484671029,20.630138922725504],[76.75562011318243,20.64608444628284],[76.76010226853194,20.64887334425362],[76.75911927781434,20.651695909546554],[76.7558954349808,20.65600409564965],[76.73231493898265,20.65570184893873],[76.73883191027178,20.666399421451963],[76.73937978030851,20.6872077113875],[76.72283150837656,20.689962399308754],[76.72572056967974,20.70024473400417],[76.73274076308797,20.69633439162454],[76.73583034246681,20.716304377035165],[76.75122656297565,20.715443259098333],[76.7633720680075,20.72034070637812],[76.76321816293108,20.726436498261293],[76.75706600721819,20.728456145560205],[76.75401373272352,20.738646492828305],[76.75782413647049,20.75244649458331],[76.77094636695801,20.7640183386595],[76.77294074506796,20.776568337230646],[76.76470334589746,20.793066068979098],[76.7444966500126,20.79693353558569],[76.74446416249073,20.802954505295897],[76.74538446632167,20.823822831072373],[76.75419672040076,20.82489480622756],[76.75101834431186,20.83517533221683],[76.75531237768786,20.83899329886913],[76.75537817158286,20.846262387147945],[76.7581932958805,20.84604032399335],[76.76439405179335,20.857100040555657],[76.75452134161344,20.864624301804653],[76.75341080081769,20.87385695577184],[76.74622536159634,20.87143842342545],[76.74458489758608,20.88727592710613],[76.73404763205241,20.88909221342636],[76.72670897377765,20.88360785968365],[76.71782576087487,20.891428308424057],[76.71787950252447,20.898424772788836],[76.7069762415571,20.90261342405726],[76.70739204618764,20.90748767880147],[76.69574895932001,20.906550314875517],[76.69865998658794,20.91210835743876],[76.69111733077358,20.9178376171126],[76.71190474372084,20.920968679536227],[76.7189161958958,20.917402425698647],[76.73206412984983,20.92032541369048],[76.74448370158886,20.928617970357895],[76.75361690919205,20.921071518214447],[76.76709850049603,20.92342101371824],[76.7744420338802,20.92122067742339],[76.78053175679757,20.913870148412144],[76.77525717672572,20.908964344771274],[76.78413543660479,20.90805591206575],[76.79021919840146,20.915596328072333],[76.7869550888882,20.9203318932107],[76.7881152335667,20.92791762907451],[76.77951177139396,20.931150741806928],[76.77706743731906,20.92884628302727],[76.77579619344748,20.93143677658059],[76.78195266998821,20.94096422031065],[76.7866051837456,20.94004796968599],[76.78913023551073,20.96253459446202],[76.80916128876032,20.956577989097312],[76.80861962432117,20.959950446194163],[76.81135066362809,20.960180190666243],[76.80775330861252,20.966921205040748],[76.81189967185992,20.968774428277317],[76.80617217650698,20.9717844597025],[76.78394556069424,20.972757710307647],[76.78415392750551,20.989178689672634],[76.77585137610244,20.99011494761633],[76.77850090702951,21.000064711024873],[76.79618428134226,21.00403650641107],[76.79849931513056,21.018997812437572],[76.79312174575978,21.023498551941657],[76.79390286998655,21.027115470047836],[76.77810341792348,21.028368167528175],[76.77723330332996,21.02405267024275],[76.77190667849506,21.024040226611376],[76.77136656518455,21.036874340276],[76.7635707204182,21.037376399411748],[76.77505991349878,21.04654332083004],[76.77498767450507,21.05224151548235],[76.7813390771479,21.051278209591267],[76.78496336685456,21.071946388889916],[76.77567672510838,21.074377875533976],[76.77328648552377,21.084534179234],[76.78294061240355,21.09108293140665],[76.78886360483774,21.104461521116065],[76.78764132997408,21.114960064880343],[76.79068288565978,21.12089182333726],[76.78455969189659,21.125220873717645],[76.78178985761073,21.135906707347093],[76.77569471792854,21.14051965564613],[76.77919565700024,21.149015353060378],[76.77177192115846,21.149177346382363],[76.77572479235114,21.16460251103773],[76.77813285869225,21.164677448196336],[76.77163064916655,21.176314811875447],[76.77291162228227,21.18494472865682],[76.78171670187915,21.188609480765496],[76.78990400656444,21.182935520833407],[76.81581000596081,21.187476558017835],[76.8329663426138,21.18531937100764],[76.84776463048553,21.192786127186697],[76.85438069306868,21.1870292618799],[76.90955113240501,21.200429052809824],[76.94136240408392,21.199518630472788],[76.96389313781945,21.195136774872744],[76.97360965933966,21.197192198426443],[76.9720588167286,21.2003611395394],[76.99821336603785,21.195810359455656],[76.99819714377857,21.20245624211831],[77.00422656147835,21.20324576341724],[77.0061106769909,21.207355462695723],[77.00376083721673,21.218274934035247],[77.00612692029128,21.229060169788237],[77.01364670176207,21.237458482203884],[77.02041238385308,21.236440109644633],[77.02446184241963,21.245430693342037],[77.03311668513894,21.248031324788553],[77.04566272047009,21.24324008145112],[77.04814058924377,21.23906310686787],[77.04884793441636,21.237726706193982]]],[[[76.96187685156707,21.31100913445303],[76.97146051578689,21.30835180508829],[76.97199251059901,21.300668641002545],[76.96432143284362,21.300891127449137],[76.95863716196071,21.30523933327296],[76.95838398134275,21.309820777881438],[76.96222702447075,21.31177514376552],[76.96187685156707,21.31100913445303]]],[[[77.1123321101501,21.399404300187495],[77.11301773264019,21.389327500906006],[77.12596972159292,21.396463476779118],[77.1359942802273,21.393885629552948],[77.12802083373819,21.393493361834278],[77.11926115304885,21.38861506648368],[77.11498510365548,21.381316531781803],[77.10845553791458,21.390894896775194],[77.09994235896532,21.389286068558263],[77.10065680260641,21.396934947066242],[77.11209228736915,21.399697183154522],[77.1123321101501,21.399404300187495]]],[[[77.18922761845437,21.432377988906342],[77.18307069759906,21.433118265361454],[77.18500385100297,21.439911957181856],[77.19233589802427,21.440200700404773],[77.1905603217041,21.4330992413981],[77.18922761845437,21.432377988906342]]]]}},{"type":"Feature","properties":{"OBJECTID":566,"STATE_UT":"MAHARASHTRA","STATE_LGD":"27","DISTRICT":"AMRAVATI","DIST_LGD":"503","REMARKS":null,"Shape_Leng":952953.697421,"Shape_Area":11758130463.6,"sourceDistrict":"AMRAVATI","district":"Amravati","labelPoint":[77.57045945121897,21.18744288179158]},"geometry":{"type":"Polygon","coordinates":[[[77.48196482142104,21.763799285373697],[77.47795391670942,21.762830240799556],[77.47946723963457,21.754146721988878],[77.49050652738282,21.746984232765197],[77.5025861875497,21.745928127698903],[77.5045389765842,21.739441446703903],[77.5119565062481,21.73220126503921],[77.5197064365309,21.725236533320437],[77.52555147126186,21.724314773881197],[77.52402127917188,21.712617802232327],[77.53322321209512,21.71134966734252],[77.54249012599188,21.705583538137347],[77.5509707758035,21.68078138860168],[77.5610975830727,21.66730120680258],[77.56416606324976,21.641884684224024],[77.5755170087098,21.620639181067908],[77.57267843387937,21.615975880018073],[77.5769641722467,21.577285236456387],[77.57412475522014,21.56468624461716],[77.57711479358517,21.555170632218008],[77.58213727606915,21.553777615979786],[77.59529227720249,21.559431451660988],[77.60873791538751,21.548186631140975],[77.6114816374213,21.53882062610654],[77.59676835377559,21.527112967097754],[77.57522762762656,21.52645846070383],[77.54714363543823,21.53671773929377],[77.52129801429491,21.540970501282022],[77.50518881282561,21.551672528668405],[77.47396535019762,21.549524733988775],[77.45488619448443,21.553842581075887],[77.4563216307034,21.54623242243768],[77.45009100976837,21.541676696928786],[77.44004856746285,21.544781667238652],[77.42555741802224,21.53774036648831],[77.42252226037256,21.53256233204332],[77.42230577645535,21.51747991694126],[77.44332161440953,21.4872524461755],[77.44219337725795,21.480616677345242],[77.43874062851624,21.47864937942379],[77.44218726072761,21.469910790673783],[77.45981847127075,21.46661821115052],[77.47359805809356,21.454446539387558],[77.47165332808876,21.436125441948096],[77.47660224391605,21.43178906981767],[77.48750940126234,21.40621787288114],[77.48805752134594,21.37435870961689],[77.51452376936535,21.37593962587463],[77.51670517175533,21.384019465794072],[77.52328887950593,21.388935359639355],[77.52473093264852,21.4029317701996],[77.53171921221956,21.419146051082862],[77.54269386165919,21.41114515791345],[77.54829481544544,21.411308955800088],[77.54765546804309,21.405321061810405],[77.56146127466941,21.396456588002373],[77.56251983337606,21.39040779675738],[77.55967252118852,21.390552059126637],[77.55677582901214,21.383637573289572],[77.56349647017316,21.369309551129604],[77.57342611397485,21.37092557605854],[77.58527646450098,21.366785282971918],[77.58711110748706,21.36283955735456],[77.59182370395922,21.365040639912486],[77.60512590233826,21.36244346408617],[77.60784820603801,21.364937327558163],[77.60496558173463,21.390734555863933],[77.61389650588875,21.392048262601683],[77.61725659472908,21.387124805823714],[77.64325967570782,21.386915525711004],[77.64935968125413,21.392065458704764],[77.65312709153892,21.391456506061132],[77.65592467449616,21.38613854698434],[77.66648355723285,21.384048235662632],[77.66438061347166,21.37450790121582],[77.66990847545402,21.368923474460004],[77.67866059216682,21.37690504105882],[77.69199149026845,21.397564996843446],[77.69707610594445,21.392714552060873],[77.6951746159657,21.378756847450575],[77.69740705439509,21.37430091688776],[77.70469847464172,21.37699817652799],[77.70739286002491,21.375047486650057],[77.70998854623016,21.357447151103013],[77.737107645379,21.362202347740755],[77.75004117177933,21.382827459647963],[77.76122303627642,21.385173532721716],[77.76388255605997,21.381400095258662],[77.79676753445705,21.389010645990997],[77.8011548550632,21.409595063634406],[77.82261926152945,21.407331502321423],[77.85679624479948,21.388516756510683],[77.88384605419138,21.38417137324244],[77.8832740181041,21.37603832692016],[77.90700450776797,21.37784492243272],[77.9275864328947,21.385993324492784],[77.94118880936517,21.385771621208626],[77.94259377092231,21.396608645370282],[77.96511874795236,21.402205076249114],[77.98473078565763,21.40319210385555],[78.0012740435818,21.41469120309959],[78.03008889886226,21.422139044767935],[78.04602153485725,21.433980010463824],[78.06605545649528,21.43796674913112],[78.08318151618637,21.44602355294946],[78.09872764667352,21.458649073680185],[78.1258675488228,21.46983910304225],[78.1762141744975,21.49975494979602],[78.17447421843903,21.507979814502864],[78.182630429347,21.511747600349032],[78.17125065320299,21.525584616030965],[78.1755022528927,21.528101290206028],[78.17420625971708,21.547256368438862],[78.18188671267126,21.557343078615116],[78.22327897245667,21.553157254272953],[78.23957683596304,21.56306905256073],[78.24804915537449,21.56232314995115],[78.27385586067653,21.569254835386946],[78.260296314016,21.579658556273735],[78.26137223993402,21.58673545681532],[78.26647537874814,21.591732576544143],[78.2752247801137,21.59181635693617],[78.28114635323132,21.585239525940196],[78.30297156932433,21.583741891266563],[78.30395167674574,21.57045250028185],[78.30705045765114,21.569573430126113],[78.32660548636046,21.57500400759044],[78.34274980502116,21.589055500209163],[78.34542032916576,21.58175727246833],[78.35541966554473,21.57332167162363],[78.36306166814778,21.5752038097137],[78.3778012528089,21.583729662235765],[78.38161544695944,21.592037515476996],[78.3726373268853,21.613445065960747],[78.39064604363469,21.614585773967057],[78.39462917174232,21.607789212833982],[78.40691903735842,21.60878530504221],[78.4165699295117,21.601106418622496],[78.42711509990902,21.599337833274316],[78.4214966252351,21.59073695864114],[78.41868060618224,21.570900110931987],[78.42553545800828,21.56963827315179],[78.42792599133446,21.558573951471725],[78.42423804673567,21.54443626225517],[78.43425947265415,21.53493180054521],[78.43001847077156,21.526226845989388],[78.4384606915701,21.517847055671076],[78.43208924370188,21.514643235066295],[78.43635424504122,21.499826169362308],[78.43026939002324,21.497202543423597],[78.43311567600816,21.491168159622994],[78.42894406419917,21.485867554888454],[78.42821689694132,21.4758417052096],[78.43846904610528,21.471000228255978],[78.43646390198352,21.465858200862826],[78.4400616582697,21.462773024748405],[78.43870534873095,21.456460111196808],[78.44283958233288,21.44653798246265],[78.4385236953624,21.4397958134552],[78.44141015826793,21.4354686430765],[78.44179632072168,21.422067126242826],[78.44467016797928,21.4214338197191],[78.4436719757878,21.41619419646592],[78.44919497374198,21.410641191778346],[78.44759016832379,21.402832909131142],[78.43230705968054,21.40141914330417],[78.42384746015375,21.39684975664326],[78.42078417406941,21.3994368052202],[78.41591849189025,21.393638952768754],[78.42045650170985,21.39422777331891],[78.41955916602056,21.391012944370217],[78.40680280602209,21.387669907282202],[78.40691375985466,21.381704591465212],[78.39498462513609,21.38513074167021],[78.38913996947907,21.391387646591635],[78.38019964074647,21.387639416739066],[78.37131121837155,21.39569840487332],[78.36342061727576,21.39221914533678],[78.36238006274367,21.382650445925854],[78.34711528362095,21.37992852119587],[78.34467575311442,21.385298659960213],[78.3385111911828,21.374888878390895],[78.32729711534144,21.368378558239755],[78.31670205597591,21.366778309013167],[78.30878753891537,21.36190611642316],[78.30710230116415,21.35733459999467],[78.2866990564402,21.350412344464246],[78.27224502346132,21.351652384192622],[78.26913257445237,21.345882449999785],[78.25113043717333,21.338750634446097],[78.2486448126216,21.330625014640017],[78.23313079163168,21.327379829829948],[78.2113850037758,21.333817340327506],[78.15583346408727,21.331619962940128],[78.15150708488555,21.33340258872618],[78.14850732310357,21.34315114364918],[78.1236063212401,21.347008329803632],[78.10308464098333,21.35650053598842],[78.09769375389133,21.35411294835858],[78.08565447728067,21.359267664722896],[78.08035346804009,21.357664756578103],[78.07356017649474,21.351704559640037],[78.07935179236104,21.327312659012524],[78.06871955453333,21.300822853347697],[78.07958610496235,21.28938957545174],[78.08046364673604,21.281585685839833],[78.076019191321,21.276461237427224],[78.06157720295725,21.277450259220313],[78.0522408135906,21.257236505373],[78.0581516452355,21.239573692070778],[78.06733566885842,21.239988064601675],[78.07182088801066,21.23637066928809],[78.07082204297669,21.22132049062451],[78.08736826185066,21.210250739427412],[78.09677726614066,21.198871599142553],[78.09859041720769,21.188786705381688],[78.09156364016168,21.179514130790533],[78.1184019969283,21.15638143144069],[78.14350091866199,21.139876464679396],[78.12834453891683,21.114446661443832],[78.13238680601218,21.10501692247267],[78.14468483647725,21.103261257458144],[78.15048998715339,21.07555740366216],[78.1465709738605,21.057791769865418],[78.1497197406452,21.048077170563495],[78.14509111601812,21.04071410881656],[78.13620352441185,21.038179795553607],[78.14394817420616,21.02912156055822],[78.14471191349868,21.023477610729127],[78.13494789084233,21.010263717148952],[78.13561137970977,21.00120701960627],[78.14522232458009,20.99205045116787],[78.14421999709248,20.989035900838267],[78.14825981382212,20.984746403401385],[78.14866465973914,20.96627624443433],[78.14300684514362,20.952641072959793],[78.16823732683038,20.941874710084505],[78.16980440805075,20.929714592759325],[78.17641796391379,20.922832103240573],[78.173987185222,20.915240261679784],[78.18147129687478,20.904587124810085],[78.19939389660298,20.899311120382414],[78.20849303373191,20.900117887309417],[78.21320082859802,20.90859830531689],[78.22319318370373,20.89966816684646],[78.25709248351343,20.887068337803413],[78.26269225013725,20.871497704763314],[78.27552334722377,20.861286960417083],[78.27937356206677,20.843395922423262],[78.29275577698274,20.8403559643945],[78.29238019176506,20.827916661278785],[78.29851150109127,20.8277609543679],[78.3058011438519,20.834643093278864],[78.31269597019528,20.83280186283587],[78.31676269651838,20.818207604239756],[78.30936141689934,20.812342513009973],[78.29773494419084,20.811658448111064],[78.29771466513726,20.804909467625595],[78.29349594420567,20.799975310231996],[78.29560414902046,20.793050467706244],[78.29236539122438,20.776905848419723],[78.30596022235824,20.764458434908132],[78.30855101640174,20.75589030897206],[78.3048232812653,20.745306428328057],[78.3116875529404,20.73802407611965],[78.30488356855238,20.719333426324734],[78.29972989514698,20.715104122443723],[78.30048315457645,20.704767332693848],[78.2973991307154,20.69934882553737],[78.29382837512591,20.698864372916905],[78.29142161162207,20.70242453595658],[78.29442660572872,20.706562804853107],[78.29295783062847,20.70987053625221],[78.27693891416196,20.696221516158367],[78.2588956630074,20.697990896398068],[78.25521700760827,20.68359855898419],[78.2419093103136,20.686838741576402],[78.2406866134194,20.68432792162033],[78.22823916382767,20.692892584487414],[78.21167333871475,20.692322309000282],[78.21000338987801,20.678998252980218],[78.20590108654487,20.67446092644786],[78.18220813782582,20.677999336049837],[78.17927086918839,20.66780297030348],[78.1706341527776,20.670266570211542],[78.15774613542503,20.66721870802959],[78.15689816290435,20.65676840417684],[78.12718319021002,20.66309251258529],[78.12446260528866,20.65944438760476],[78.13214100108519,20.65383627883684],[78.1293886430436,20.64744940359397],[78.11242217568918,20.647814844848725],[78.11067496225135,20.640204670937596],[78.10150591907905,20.640575766044073],[78.10118558820025,20.64308788242947],[78.09330664409305,20.641504073311054],[78.09952453812663,20.666335878443007],[78.08815913103986,20.66966049343225],[78.08866775587624,20.6720507347922],[78.08380733491714,20.672095734696263],[78.07870963892714,20.66405655129775],[78.06552519653417,20.67296400108732],[78.05814129214727,20.668592355429116],[78.03658214249248,20.66590050472574],[78.0366441214607,20.659342280087756],[78.02743077757378,20.658377280450047],[78.01907756774057,20.64097084899244],[78.02643512892533,20.633243257226738],[78.01898402126503,20.630399963633735],[78.02111239884965,20.62675552814251],[77.99985529302825,20.622672273449506],[77.99543143704751,20.624605264175845],[77.99001167697361,20.61308525547724],[77.98522702911283,20.613474786626654],[77.97776740427852,20.605289971998502],[77.97449635482522,20.589064716846675],[77.95017439113805,20.574931209256096],[77.95068218535019,20.579675006631245],[77.94662267679323,20.57782431496584],[77.94496303210119,20.58154568603859],[77.93315304310498,20.57769182985222],[77.93204455640866,20.570393773561094],[77.92470184149002,20.559134770642476],[77.9222909631377,20.559991125423682],[77.92502302185048,20.56668564566559],[77.91401040701474,20.56446804921307],[77.91158912937328,20.567355296908154],[77.91847445914156,20.587040809760232],[77.91382508554346,20.590888160818352],[77.91753958137467,20.607499957626974],[77.91298915218648,20.60798077531055],[77.90840028988771,20.615644904820982],[77.90048110417081,20.61859314769187],[77.8948028639355,20.62582896311685],[77.88595784344379,20.62496625084182],[77.87794629814898,20.610121661199493],[77.86764445778907,20.611558034108235],[77.86742896193851,20.59546587469126],[77.84620202694168,20.588009755413243],[77.84777575611923,20.57066269701187],[77.83960242419415,20.56493584567925],[77.82183072736936,20.580209001603208],[77.81071807551791,20.584751163991587],[77.80479391641897,20.564431778988624],[77.79138627478503,20.560500265696195],[77.78009868992176,20.53812566682045],[77.77009032452581,20.538815556993956],[77.76867494822442,20.543650860435584],[77.7511892026631,20.5452941779902],[77.74123565405372,20.56132591360445],[77.73102399370605,20.55959247341873],[77.71931487665877,20.564965405437423],[77.70435207949836,20.5649405044885],[77.69412396829071,20.568888736115817],[77.69082012713183,20.570831018390397],[77.69100301115766,20.5775816030397],[77.66617357691054,20.579727372714324],[77.65920897752595,20.563944577430686],[77.62904260626867,20.566220269488138],[77.63253079117943,20.579033551776874],[77.63822034481188,20.585591040198445],[77.64485607554276,20.60493120386863],[77.64709095305382,20.604660000638344],[77.64808590145306,20.621968141843297],[77.65863994623815,20.636466986791575],[77.65971581476366,20.64619184596404],[77.64827679792273,20.648690850164606],[77.65399174048935,20.661870882430676],[77.6346658037696,20.658228969453337],[77.6361972799569,20.670046527612183],[77.63210821974339,20.671495225733032],[77.63793356243964,20.694382063841985],[77.63139150101604,20.70145494262333],[77.63213220979739,20.709390085593117],[77.63512777273642,20.711370944640116],[77.61051797737306,20.717815137027426],[77.61212905048727,20.730749687279058],[77.62340493628831,20.730046351728394],[77.62556192387177,20.737257937030773],[77.63146686446547,20.73807119293045],[77.63390960297018,20.755715309267618],[77.61423498534269,20.759385466926272],[77.61941438014603,20.779424753223825],[77.61131831967838,20.778627546038628],[77.61019500044685,20.79965884204638],[77.59264568349036,20.80476151167657],[77.59256037542605,20.810395689773447],[77.56915785370757,20.808451440290046],[77.56528157040286,20.81863820364375],[77.5609696790274,20.81878696925045],[77.55944545115644,20.82410686318023],[77.55349885332947,20.824740431117284],[77.55066005240676,20.854596638351566],[77.53307202752842,20.854655465327298],[77.53290528545752,20.850334984415692],[77.52687774543801,20.850053679761768],[77.49913215965788,20.857000279429293],[77.49949801138425,20.860133378073876],[77.47928504846169,20.862671332009988],[77.47608486719723,20.86062682189596],[77.47967653078176,20.87895677697566],[77.46780360048858,20.87598007668579],[77.46578279996982,20.880004943475825],[77.46072293599146,20.875782306341687],[77.46272300547696,20.871884016246167],[77.45760314910379,20.871194748982933],[77.46063839089992,20.86721444724096],[77.45768317685025,20.867387282436816],[77.45493824435209,20.858067868207286],[77.45342945247789,20.860879800465455],[77.44780238357735,20.85217332222316],[77.43751424673772,20.85385908296517],[77.43368853337095,20.842489605300084],[77.43220967184048,20.84690488612286],[77.42493203955782,20.847930687576874],[77.41803698344779,20.842796583151127],[77.39950735835457,20.846132430039006],[77.394293004289,20.84090947191963],[77.38731679390753,20.84572785145052],[77.3747386678025,20.842826159930176],[77.36283443389803,20.84775555986344],[77.33743344918152,20.84334677396969],[77.32732383561068,20.849178429011683],[77.32592811181674,20.853809851359653],[77.31956733734496,20.855438088796113],[77.32071671706177,20.851511873016456],[77.31798700670677,20.851468861815224],[77.31843146124943,20.855926579257144],[77.31448237677017,20.857916357946472],[77.3027822290908,20.84923380659207],[77.28923435907234,20.84976019149389],[77.28585124863835,20.84637385609756],[77.27108984304189,20.853130944194792],[77.2580372286931,20.84572716472702],[77.25183242248258,20.855452659839536],[77.24481739565252,20.852944744192357],[77.2217148646959,20.858534416697704],[77.21610173044662,20.85786488309811],[77.21153044938507,20.84853360556063],[77.19609515041948,20.85409839912807],[77.18013133368412,20.85042346769701],[77.16920261108706,20.85441900838372],[77.1704024457151,20.859766680379924],[77.15874565025786,20.87060092161842],[77.15533706996568,20.859531592267807],[77.142637048825,20.863821077907044],[77.1367000141301,20.86115399932181],[77.1295477862365,20.863222547151693],[77.13160400404396,20.879758791467225],[77.13745507291799,20.880074454643434],[77.13535216783356,20.91837853866054],[77.13797513116796,20.92202814980256],[77.14450325292637,20.921608212425756],[77.15365862954583,20.96256620610679],[77.15630301309076,20.962447814832053],[77.15985060920998,20.971338911172904],[77.13292707341309,20.976213917324444],[77.13354834877785,20.988887991565765],[77.16767583091956,20.98870837145838],[77.168493781726,20.99765605245135],[77.16582012215059,20.998355043405642],[77.1728423077536,21.023837140583566],[77.16102597313261,21.026226441425866],[77.16179181438841,21.02950298957003],[77.14956765002528,21.033973072242738],[77.15199964828957,21.061445326652255],[77.15007890349474,21.07217527993348],[77.176562093735,21.07239108433522],[77.17714747908352,21.085639601597865],[77.17152998956591,21.094808755809055],[77.17172678226554,21.11862614380397],[77.1961484624358,21.1205274784646],[77.19625365979074,21.13894157871866],[77.19327659338985,21.139288866104227],[77.19238004978547,21.135445107720578],[77.18320252447718,21.134437964704826],[77.16489330063193,21.135909963236013],[77.16619238121899,21.144099751337528],[77.15953507600237,21.145481657372766],[77.1628113946156,21.14679091857545],[77.16737848457996,21.16296321537704],[77.16646645148404,21.166499282199464],[77.1609925205983,21.167619394444827],[77.1662072164488,21.184426410226735],[77.17218273816249,21.18674831381656],[77.17286223033813,21.191366084455826],[77.17968078591205,21.191026037847255],[77.17852575706678,21.19549631986764],[77.18364508429117,21.201335848558443],[77.1819587667173,21.20763902863053],[77.17581369500834,21.208206636119293],[77.17782059779151,21.21931760745989],[77.17411263376665,21.22346690091693],[77.19064808209937,21.228671838456783],[77.19248624958125,21.24135934377937],[77.1647730980691,21.243223883771556],[77.16634260335569,21.237567707155367],[77.16275690897896,21.234781803879816],[77.15336858249998,21.234503132583097],[77.14870499870811,21.227547948171246],[77.13030850214167,21.220382246599115],[77.12570463848964,21.22467691943277],[77.11906988054868,21.224490081464626],[77.11788681682015,21.21970989776148],[77.10909581480918,21.21886719262742],[77.09313291047431,21.226330491098935],[77.08065286736898,21.21644319945361],[77.07516605481177,21.22138262397937],[77.06660387302539,21.220158791127066],[77.05969731604272,21.231435113918145],[77.0511456940932,21.23313310297851],[77.04566272047009,21.24324008145112],[77.03311668513894,21.248031324788553],[77.02446184241963,21.245430693342037],[77.02041238385308,21.236440109644633],[77.01364670176207,21.237458482203884],[77.00612692029128,21.229060169788237],[77.00376083721673,21.218274934035247],[77.0061106769909,21.207355462695723],[77.00422656147835,21.20324576341724],[76.99819714377857,21.20245624211831],[76.99849305208338,21.195884013577814],[76.9720588167286,21.2003611395394],[76.97360965933966,21.197192198426443],[76.96389313781945,21.195136774872744],[76.94136240408392,21.199518630472788],[76.90955113240501,21.200429052809824],[76.85438069306868,21.1870292618799],[76.84776463048553,21.192786127186697],[76.83391184483418,21.185443114293985],[76.81581000596081,21.187476558017835],[76.78990400656444,21.182935520833407],[76.78171670187915,21.188609480765496],[76.78194736893579,21.19438426731777],[76.77582580546351,21.190678353211375],[76.76746513218622,21.191422873740155],[76.76074356877923,21.220343023276136],[76.75725477658887,21.22167113825349],[76.75242116101221,21.218313065352994],[76.74595764538287,21.223226883472762],[76.74792006021514,21.2268916275872],[76.7409398315805,21.24151287656344],[76.74853190337895,21.250814833697426],[76.7416845047657,21.260583025702754],[76.7367880813795,21.2608797059714],[76.73299741539762,21.275726643481192],[76.72586557819416,21.279718484402515],[76.72365939511742,21.289233301401303],[76.71788713049159,21.289682546288446],[76.71781484481791,21.28560483703545],[76.7119610968295,21.284466975139235],[76.68572442819081,21.288702445247637],[76.67704737251952,21.283061956443177],[76.66267923055837,21.280693911573984],[76.62174730307333,21.332291360434347],[76.6828231120206,21.378406304114183],[76.73950877201099,21.41055720161229],[76.73792670803178,21.42220366639885],[76.74101921474912,21.42818025261881],[76.73838649491702,21.429686977144865],[76.74442806584518,21.439865272433455],[76.76181065753562,21.452304186457898],[76.78401994889042,21.462373530873297],[76.78784765895554,21.47749161923134],[76.7937698157591,21.479645760557386],[76.79560916288371,21.489582823215958],[76.78767210488246,21.49758718955579],[76.78775994070321,21.50114128547465],[76.78072895992028,21.505591734044586],[76.772897444027,21.505715179718273],[76.76344368277816,21.520767421929115],[76.76881010294156,21.52657279084341],[76.78136807476851,21.529304713058178],[76.78932647424968,21.536378532601756],[76.78174379373206,21.551575248361058],[76.78141248624915,21.564720931705754],[76.79576284778628,21.594223034599562],[76.83290586501771,21.58895426893337],[76.83940498576742,21.59331383393677],[76.84471114236112,21.607499054928347],[76.85448658214479,21.613315026169637],[76.88569391335325,21.60008419170168],[76.90161701470328,21.596843937378257],[76.90863259626717,21.602746772136477],[76.91288760938274,21.611763158207573],[76.9532329094255,21.642134290811693],[76.97237233052962,21.65134573351291],[76.97640779057295,21.657378146716688],[77.00656429524862,21.679139854402067],[77.06246499280354,21.707176187007242],[77.07321867802484,21.71945403484491],[77.07921797430328,21.719938630700707],[77.08653844752831,21.714422938977375],[77.1295734903897,21.722242861724403],[77.13918757600888,21.719808356725775],[77.14771520230582,21.71252302914018],[77.16512276620468,21.71073782392115],[77.16963719554231,21.71428567478771],[77.16960171757133,21.722246299937996],[77.17603374629813,21.72575471444703],[77.19145256929777,21.72075162135426],[77.18813178932446,21.701710845877898],[77.2104243789138,21.68964514266464],[77.21287663786241,21.695006214462317],[77.21883197332494,21.693945591464843],[77.22774917595981,21.699528286768114],[77.2269108646583,21.716792617980055],[77.26188243392346,21.71229286880019],[77.27187636992687,21.72814298547902],[77.28721698383191,21.721921799746262],[77.29113649455195,21.732848628807325],[77.28421796206277,21.736903557773253],[77.28741606001658,21.744136240861295],[77.27994722531265,21.749554767213464],[77.28046720626827,21.758579609212195],[77.2902987611466,21.760352316658047],[77.29935680107513,21.75596015986904],[77.31579466487042,21.756571354661336],[77.32442552083837,21.75274288607584],[77.34568411629378,21.75777845595268],[77.35903020804163,21.75414864670008],[77.40174866846093,21.752330604780752],[77.45629303874212,21.760213622292913],[77.47870602967947,21.770015526084126],[77.483144878623,21.766928460103873],[77.48217175658365,21.763845530949098],[77.48196482142104,21.763799285373697]],[[77.18500385100297,21.439911957181856],[77.18307069759906,21.433118265361454],[77.1905603217041,21.4330992413981],[77.19233589802427,21.440200700404773],[77.1857624453063,21.440015687545618],[77.18500385100297,21.439911957181856]],[[77.10862560295271,21.399849019601536],[77.10065680260641,21.396934947066242],[77.10007111371397,21.388658187397816],[77.10845553791458,21.390894896775194],[77.11498510365548,21.381316531781803],[77.11926115304885,21.38861506648368],[77.12802083373819,21.393493361834278],[77.1359942802273,21.393885629552948],[77.12596972159292,21.396463476779118],[77.11301773264019,21.389327500906006],[77.11290349033811,21.3987077066129],[77.10962838633182,21.399962642464825],[77.10862560295271,21.399849019601536]],[[76.95838398134275,21.309820777881438],[76.95863716196071,21.30523933327296],[76.96432143284362,21.300891127449137],[76.97199251059901,21.300668641002545],[76.96982670299556,21.30951909308638],[76.96059784933973,21.31042158528718],[76.96222702447075,21.31177514376552],[76.95840880249638,21.309857937206854],[76.95838398134275,21.309820777881438]]]}},{"type":"Feature","properties":{"OBJECTID":567,"STATE_UT":"MAHARASHTRA","STATE_LGD":"27","DISTRICT":"BULDHANA","DIST_LGD":"500","REMARKS":null,"Shape_Leng":749159.1031,"Shape_Area":9401436531.65,"sourceDistrict":"BULDHANA","district":"Buldhana","labelPoint":[76.40714520175561,20.510899358874788]},"geometry":{"type":"Polygon","coordinates":[[[76.38514666255537,21.08194213532883],[76.39183899399121,21.086190541799585],[76.41319441681935,21.08842242229576],[76.41069574245824,21.10243629823555],[76.4378272016774,21.100468277682072],[76.44104926792903,21.106202613297103],[76.4560893505365,21.10839530803708],[76.45176479638408,21.12124984186968],[76.45641618730988,21.125014042663746],[76.45814391154067,21.13327732415682],[76.46944594210021,21.133664267997716],[76.47439139934163,21.136976331126235],[76.46823102151781,21.13835251656183],[76.46655373453011,21.142657235512775],[76.47872606425476,21.147391905601545],[76.48065701801927,21.182163701629047],[76.4931678027393,21.193863247261373],[76.49790335758404,21.19128021414058],[76.50259606491765,21.193211745232553],[76.50253759020649,21.187456442084173],[76.50720229175475,21.18872289889175],[76.50833107171113,21.19302650248798],[76.53025674557334,21.181932408927146],[76.56069433626179,21.19862404626479],[76.56726240900726,21.19939435334866],[76.59955213872138,21.19074967197477],[76.61387729633488,21.19321678953999],[76.62348868382388,21.185038857649907],[76.63721805218451,21.20271392639937],[76.63481122732658,21.219102400025285],[76.64183032638357,21.2371338017901],[76.6496781687899,21.244683550842],[76.66164256773405,21.240707267534315],[76.66267923055837,21.280693911573984],[76.67704737251952,21.283061956443177],[76.68572442819081,21.288702445247637],[76.7119610968295,21.284466975139235],[76.71781484481791,21.28560483703545],[76.71788713049159,21.289682546288446],[76.72365939511742,21.289233301401303],[76.72586557819416,21.279718484402515],[76.73299741539762,21.275726643481192],[76.7367880813795,21.2608797059714],[76.7416845047657,21.260583025702754],[76.74853190337895,21.250814833697426],[76.7409398315805,21.24151287656344],[76.74792006021514,21.2268916275872],[76.74595764538287,21.223226883472762],[76.75242116101221,21.218313065352994],[76.75725477658887,21.22167113825349],[76.76074356877923,21.220343023276136],[76.76768920979683,21.19123078161749],[76.77582580546351,21.190678353211375],[76.7820419287847,21.194277808315324],[76.78151517946199,21.18825874801724],[76.7712469618639,21.18278490912878],[76.77813285869225,21.164677448196336],[76.77572479235114,21.16460251103773],[76.77173664247529,21.149390810313225],[76.77919565700024,21.149015353060378],[76.77569471792854,21.14051965564613],[76.78178985761073,21.135906707347093],[76.78455969189659,21.125220873717645],[76.79049027859753,21.122710716029193],[76.78764132997408,21.114960064880343],[76.78896406862481,21.105139740628047],[76.78294061240355,21.09108293140665],[76.77328648552377,21.084534179234],[76.77567672510838,21.074377875533976],[76.78496336685456,21.071946388889916],[76.7813390771479,21.051278209591267],[76.77498767450507,21.05224151548235],[76.77505991349878,21.04654332083004],[76.7635707204182,21.037376399411748],[76.77136656518455,21.036874340276],[76.77190667849506,21.024040226611376],[76.77723330332996,21.02405267024275],[76.77810341792348,21.028368167528175],[76.79390286998655,21.027115470047836],[76.79312174575978,21.023498551941657],[76.79849931513056,21.018997812437572],[76.79618428134226,21.00403650641107],[76.77850090702951,21.000064711024873],[76.77585137610244,20.99011494761633],[76.78415392750551,20.989178689672634],[76.78394556069424,20.972757710307647],[76.80617217650698,20.9717844597025],[76.81189967185992,20.968774428277317],[76.80775330861252,20.966921205040748],[76.81135066362809,20.960180190666243],[76.80861962432117,20.959950446194163],[76.80916128876032,20.956577989097312],[76.78913023551073,20.96253459446202],[76.7866051837456,20.94004796968599],[76.78195266998821,20.94096422031065],[76.77579619344748,20.93143677658059],[76.77706743731906,20.92884628302727],[76.77951177139396,20.931150741806928],[76.7881152335667,20.92791762907451],[76.7869550888882,20.9203318932107],[76.79021919840146,20.915596328072333],[76.78413543660479,20.90805591206575],[76.77525717672572,20.908964344771274],[76.78053175679757,20.913870148412144],[76.7744420338802,20.92122067742339],[76.76709850049603,20.92342101371824],[76.75361690919205,20.921071518214447],[76.74448370158886,20.928617970357895],[76.73206412984983,20.92032541369048],[76.7189161958958,20.917402425698647],[76.71190474372084,20.920968679536227],[76.69111733077358,20.9178376171126],[76.69865998658794,20.91210835743876],[76.69574895932001,20.906550314875517],[76.70739204618764,20.90748767880147],[76.7069762415571,20.90261342405726],[76.71787950252447,20.898424772788836],[76.71782576087487,20.891428308424057],[76.72670897377765,20.88360785968365],[76.73404763205241,20.88909221342636],[76.74458489758608,20.88727592710613],[76.74622536159634,20.87143842342545],[76.75341080081769,20.87385695577184],[76.75452134161344,20.864624301804653],[76.76439405179335,20.857100040555657],[76.7581932958805,20.84604032399335],[76.75537817158286,20.846262387147945],[76.75531237768786,20.83899329886913],[76.75101834431186,20.83517533221683],[76.75419672040076,20.82489480622756],[76.74538446632167,20.823822831072373],[76.74446416249073,20.802954505295897],[76.7444966500126,20.79693353558569],[76.76470334589746,20.793066068979098],[76.77294074506796,20.776568337230646],[76.77094636695801,20.7640183386595],[76.75782413647049,20.75244649458331],[76.75401373272352,20.738646492828305],[76.75706600721819,20.728456145560205],[76.76321816293108,20.726436498261293],[76.7633720680075,20.72034070637812],[76.75122656297565,20.715443259098333],[76.73583034246681,20.716304377035165],[76.73274076308797,20.69633439162454],[76.72572056967974,20.70024473400417],[76.72283150837656,20.689962399308754],[76.73937978030851,20.6872077113875],[76.73883191027178,20.666399421451963],[76.73231493898265,20.65570184893873],[76.7558954349808,20.65600409564965],[76.75911927781434,20.651695909546554],[76.76010226853194,20.64887334425362],[76.75562011318243,20.64608444628284],[76.74994484671029,20.630138922725504],[76.77058851343095,20.626313833644275],[76.7606524862763,20.602814805557543],[76.78177759320134,20.603310807849834],[76.78887968368683,20.595228159020216],[76.78780826092002,20.587275703910965],[76.77674004619,20.587185514113706],[76.76876011173141,20.57571754921442],[76.78313625884863,20.57251786627975],[76.7719689644803,20.545144884562742],[76.77043986087037,20.51786266287471],[76.76019989869263,20.510104061559673],[76.75240431731592,20.511242590441576],[76.75210285236578,20.50281276765837],[76.74669475995732,20.495464228332402],[76.73526242828267,20.493080615897686],[76.73786914061613,20.496664370872764],[76.73543091908552,20.511383375291835],[76.72578357207846,20.512435869474473],[76.72601848986936,20.516602089729016],[76.7220646986116,20.514128513417866],[76.71567813125063,20.515438245073312],[76.70574704463283,20.487339020876],[76.70604808560547,20.479427234353],[76.71137702137335,20.473260138156885],[76.6996493629593,20.471233366834632],[76.69307251083946,20.459128739655306],[76.71384860805364,20.438410806229264],[76.71274275483873,20.418588175620247],[76.72282756146113,20.41543137870698],[76.72224409962006,20.4116105983966],[76.72653160419782,20.40706762597813],[76.7233715974707,20.38959250492068],[76.70876247125902,20.384591638223757],[76.69994457293461,20.351956705769975],[76.72837901980536,20.34291863934768],[76.72694911333895,20.337302172624224],[76.73508981581784,20.3399173774403],[76.74514661719667,20.337390939446255],[76.74519304464096,20.32998360119799],[76.74264283722408,20.328789878897755],[76.75369931892921,20.326687303427498],[76.76559344182465,20.316348993604553],[76.7680129056262,20.32168710897285],[76.79234563414565,20.314165286375086],[76.78862174584911,20.30988285316153],[76.78604874777331,20.289442146321676],[76.79095617279243,20.286858900628193],[76.80593337253669,20.288282288401515],[76.81166947365196,20.277965226042053],[76.81959570541751,20.28058002925941],[76.8258869235888,20.271434378484667],[76.8207957526508,20.261362465567576],[76.82426706298943,20.241969793940505],[76.81092649399207,20.21932995815807],[76.80152202321044,20.22100483457629],[76.794851410826,20.218287934645403],[76.78804472390455,20.20463927544807],[76.78470331128077,20.203216926186336],[76.76635115877119,20.20946496353835],[76.74678205497696,20.206724039814667],[76.74517538513811,20.19613218083367],[76.75033852348538,20.177533026853748],[76.74828971010388,20.165427963837583],[76.76217194016533,20.161328197286476],[76.75742014457187,20.131111741435564],[76.73218185248321,20.12503801045712],[76.72209853680341,20.127187847842716],[76.69646426564483,20.12167569854263],[76.66892833370174,20.126108512420004],[76.66675268152574,20.119422063379904],[76.6581089745906,20.113446258840852],[76.66023783906178,20.09722445885342],[76.65189831429473,20.091388827455106],[76.6484580954104,20.069563681487658],[76.63282785210909,20.0743955412321],[76.63408938970734,20.080675792182735],[76.6304610836785,20.082208083367632],[76.62402883392225,20.051252494885265],[76.66309972057914,20.047559121423927],[76.6583575065355,20.00187162678398],[76.6455003778169,19.984660534315445],[76.66072315179301,19.978721306276586],[76.65927976529524,19.965603036591222],[76.64536047403377,19.964888953151014],[76.63663160372944,19.95946399745035],[76.63428245527541,19.955119223011376],[76.63646305718053,19.933675330298552],[76.6283895241127,19.925489001657446],[76.62232705576446,19.923073713728424],[76.6073695253364,19.92493314442124],[76.60567246174251,19.922126977205483],[76.61067273430582,19.91812973513705],[76.6136482903068,19.906742093250266],[76.6109810249275,19.893093735611767],[76.62430825140075,19.889536396125497],[76.63323942717939,19.899311777644712],[76.65438679899415,19.9005080144241],[76.65964330699367,19.892202636623313],[76.65878708669028,19.885704776484726],[76.64712834793602,19.867001355431867],[76.63321301357121,19.86898819912078],[76.61941006090235,19.84131875423191],[76.61082751252287,19.837493535900244],[76.60169758700683,19.842981782114673],[76.5916944421605,19.844510409670427],[76.5696493613297,19.8453687302133],[76.56745924333822,19.839894916320908],[76.56409081438119,19.839535334162314],[76.53663062633616,19.846762056418314],[76.53117246134454,19.861762613455177],[76.53450828203484,19.86552951236188],[76.51852341402645,19.8728113414526],[76.51816807364321,19.878258634440922],[76.50648930741364,19.87800577078105],[76.50189060303632,19.888783879641586],[76.49276158399825,19.89379502745735],[76.49058417516697,19.906924258158952],[76.4935693832736,19.920159208176795],[76.46247199287143,19.919517277351474],[76.45348273881667,19.923355913557074],[76.44655888071101,19.922435290609766],[76.44111937555567,19.917287199126314],[76.4052852979623,19.91979770883911],[76.40216357666613,19.909801313461585],[76.39281685507586,19.904917645424476],[76.38738546067266,19.90861118729471],[76.38392961753452,19.916964256685432],[76.36602249479628,19.92850075656174],[76.35484966521031,19.910165674129022],[76.35484162879483,19.896867491289875],[76.34659838082958,19.892715737433264],[76.34230112242552,19.89444332564278],[76.33645899352224,19.88367859647298],[76.32665893171169,19.885978050684795],[76.31541523021406,19.877239484561905],[76.3001361112983,19.877597473970788],[76.29307020886422,19.870795259276907],[76.25543218377663,19.87629151912174],[76.24912121687075,19.87094480643112],[76.24167767375332,19.872184558884864],[76.22951391815202,19.8651411338164],[76.21446719463242,19.86794638457964],[76.20753635725663,19.863942357431256],[76.19682551139739,19.865399419320408],[76.19426669843509,19.85880503323268],[76.18594980713988,19.85489070077559],[76.18175269534086,19.848071840264424],[76.16586337992791,19.85468607019473],[76.16398379004237,19.852723140653328],[76.14839256698538,19.855948973734673],[76.1476048889796,19.84364018194764],[76.1399318602116,19.844066234907356],[76.13532540625289,19.84677281385343],[76.13573435673275,19.851952166435954],[76.12933136456998,19.865019785979218],[76.12074220606173,19.86450710078606],[76.1184827389999,19.860093604725602],[76.09754971337485,19.856958512903073],[76.09282434610978,19.872053797856758],[76.08091147762003,19.88054518082166],[76.08111677126674,19.912536880800918],[76.05857808190112,19.91867618501671],[76.05749325931637,19.92980832720273],[76.04782603601757,19.935621449453897],[76.05233205044348,19.940245053604187],[76.04814073486476,19.945967926283384],[76.04123645176819,19.945962744091805],[76.04090229128816,19.949670960713625],[76.02665240445383,19.94785514558752],[76.02704209325978,19.950438582741008],[76.01126379885443,19.953756471065805],[76.01145787014369,19.973713500382946],[76.00029027094517,19.970983242699475],[75.99406559658811,19.976123530007982],[75.98936417859149,19.974041969825425],[75.98809291136162,19.980674897559766],[75.97178283486558,19.98266323957074],[75.9624992303695,19.994905442558455],[75.96564836664942,20.00278988002789],[75.98609132210613,20.004732562434594],[75.9993446211287,20.01271237490095],[76.00618102917275,20.01242310615973],[76.01088012058048,20.021970720739432],[76.02331934745041,20.024298313236887],[76.01879780518868,20.05840119124501],[76.05219844492848,20.062064645822677],[76.06953061497323,20.072801622621547],[76.0622779492508,20.08449191923026],[76.05818143312028,20.086855947058023],[76.05189616404188,20.08519222018745],[76.05576881000279,20.0973916184506],[76.07203354106115,20.10027470671943],[76.08423783610465,20.097987319419495],[76.0865621462787,20.10029349988788],[76.0882952978065,20.095594401916394],[76.09472639341824,20.096294956962797],[76.09925854400284,20.11594231280714],[76.0984553141927,20.130493060953242],[76.10572401132583,20.13257512742387],[76.10841309258522,20.148442359657228],[76.10541259515384,20.153142368874995],[76.10881283964747,20.162433320679295],[76.11942223155644,20.160855460929714],[76.12029820809724,20.167349577877516],[76.1251278089587,20.17063934744546],[76.12353249282557,20.173701708089695],[76.13360649292015,20.184853781910764],[76.13196612632089,20.198748716461253],[76.14514278313398,20.19958398148841],[76.14985421788604,20.20594915381935],[76.13936770278546,20.212751679725095],[76.13292664408559,20.222444794032253],[76.13927846502055,20.23126191009295],[76.14993406029755,20.237098380154883],[76.16638514743907,20.238434216884063],[76.16970565439051,20.25832859968195],[76.17326686855884,20.260481931943417],[76.1733196023571,20.265793749444143],[76.17781942088648,20.26603889511678],[76.19382177404812,20.300153735661002],[76.17229621940722,20.30217541764161],[76.1685151339289,20.29490605010205],[76.15505321205251,20.302752007389802],[76.14091390448519,20.30052518662136],[76.147639055576,20.31056708840353],[76.13654870376611,20.31837681733053],[76.12922178341803,20.31727601730017],[76.12963072071348,20.322390570929038],[76.12472228404748,20.324958345847303],[76.12374095221615,20.333096355406386],[76.12800980661758,20.338846188443792],[76.12612742541371,20.344929518425904],[76.12096011866409,20.341916593226728],[76.1210400558421,20.346623182281597],[76.11471793479562,20.346031531043742],[76.108215192393,20.350397289466503],[76.10820960121028,20.354011879458177],[76.09865815286058,20.35439767255401],[76.09970597708893,20.350346637151603],[76.09426010974654,20.34723339859601],[76.08973725801343,20.351567543608162],[76.09303202872421,20.358082147010293],[76.0866451039383,20.35970052306676],[76.08577174970202,20.36523724618444],[76.07608186511756,20.358097013868566],[76.07146445260707,20.3490389871294],[76.06137665883527,20.343162647497795],[76.05226245961957,20.34221054197119],[76.04682663910027,20.337124311956345],[76.0320785735325,20.308253147461237],[76.02836524866638,20.2890552803066],[76.00123536005015,20.290783095435675],[76.00438223809329,20.30643430164292],[75.9925503974406,20.31080059937748],[75.97525284242862,20.307751044567546],[75.97641399026823,20.314429909982383],[75.97000768515328,20.31583099993008],[75.96702347233611,20.315990221699984],[75.94943317549154,20.298527004617263],[75.92887477514928,20.302213834109963],[75.92616680704977,20.30768873645464],[75.9231073107934,20.320631172090827],[75.92885297296007,20.32575712704461],[75.93387902956228,20.338774696709912],[75.94068072681438,20.342140766643872],[75.94164309852685,20.36890840498551],[75.95781348519749,20.365559592988113],[75.95961377864852,20.37186222010076],[75.9668332464826,20.372951452431202],[75.9621299522961,20.382915345848826],[75.9525892802663,20.38703696811918],[75.94752964371474,20.413017746072594],[75.94387806917658,20.414972024080406],[75.94143142725987,20.424802352262088],[75.94032240550396,20.431378636453093],[75.94299440611397,20.431066308577012],[75.94494337319834,20.443130212099245],[75.9551150725246,20.451039093140622],[75.95702581565492,20.464543314652758],[75.9524345754155,20.46529404781299],[75.95487245141689,20.473015425313925],[75.94865932062335,20.472473763193708],[75.94119420275038,20.491947693594717],[75.94089892855611,20.502148631264703],[75.94810191891878,20.509910954403644],[75.94929417232262,20.51860911184355],[75.96002443238271,20.52600753144683],[75.9695539355788,20.523098504325894],[75.97266940844598,20.53182007410965],[75.99087812031073,20.531103056409712],[75.99222848818779,20.535680346134853],[76.0004642551207,20.529507314394248],[76.00867300213751,20.53877764364607],[76.00983854108387,20.533061534761085],[76.01807020419176,20.53022457360221],[76.01580529279423,20.550924972255206],[76.03629102860361,20.55474891544225],[76.03648583621481,20.57181958476243],[76.0428542904292,20.579110421463607],[76.03667107067461,20.587535890425787],[76.04009780736106,20.60628086346056],[76.03042888517464,20.623364090610334],[76.03212422148358,20.636700738589138],[76.02421227515289,20.63912263867683],[76.02180954964149,20.645545640172003],[76.01839769190474,20.64599377336511],[76.01716692724513,20.64271129571059],[76.00656140050526,20.644538698332234],[76.00405683144697,20.656229084422673],[75.99852000731009,20.65767808894111],[75.99499563377134,20.66296167994692],[76.0015454777144,20.677778958863616],[75.99957753489922,20.68416936557337],[76.00169845975532,20.68616446821486],[75.99627216918415,20.689337920194056],[75.99756944031644,20.69287700497076],[75.99425187415346,20.69716985555785],[75.99755608740254,20.71378382595778],[76.01395641814302,20.719011568368344],[76.0157847948891,20.730174782691847],[76.01195659104472,20.731272886442827],[76.01176819363056,20.73730738927423],[76.00737615554962,20.74147847835345],[75.99673200538383,20.74072155960962],[75.9844146738823,20.752589138688343],[75.98533364649259,20.760988961822033],[75.99369424443948,20.763887929876287],[75.9951987858204,20.77799898623543],[76.01065771286828,20.779831102001378],[76.01262462346207,20.78486496826883],[76.04505179032405,20.78449376064541],[76.05043246924966,20.7900273238792],[76.04902011721978,20.794094546672614],[76.05576420283558,20.802443226837003],[76.04879519038559,20.809252781819495],[76.04864729919497,20.815863006294414],[76.05328264541019,20.816932119072266],[76.05627243052746,20.825377212011748],[76.06157175064641,20.82509964099955],[76.06534323666558,20.830544088548173],[76.07354726765035,20.832423987155526],[76.07115713848032,20.833594305755618],[76.07376587989079,20.846852212307493],[76.07699072929455,20.84576305863359],[76.08503461425873,20.861830890914213],[76.09173277818029,20.863633897905576],[76.09060217356357,20.866251747095536],[76.09893356346896,20.875226722905335],[76.10456294763446,20.87618616454642],[76.11264790885343,20.88667043022751],[76.1135457984024,20.892738650247292],[76.10653227011235,20.892443682806746],[76.10081298824323,20.901571828658106],[76.07783722424271,20.908651222099234],[76.07997843713045,20.928191773103524],[76.08653157331096,20.92769246092916],[76.08980756715192,20.94378942176458],[76.11166538696277,20.950805166819453],[76.11839343676971,20.977635170337155],[76.12223389899363,20.975400002384546],[76.13098629326593,20.97932579596743],[76.14219423904426,20.988035623857463],[76.14856371990598,20.99810110901289],[76.15824208792806,21.00279060435364],[76.15978285903364,21.01439806431125],[76.16461827924566,21.02258334283858],[76.16002561777427,21.0275678421469],[76.16366049298405,21.02766982542944],[76.16482835201056,21.036410880249033],[76.16917310051313,21.02899967142359],[76.19083377236406,21.020972582694288],[76.20001213318578,21.011289861186143],[76.2110760194131,21.0065886342089],[76.22377802065479,21.00620918804792],[76.2384077840894,20.99036046625568],[76.251636559466,20.98815763809346],[76.2661907420771,20.980148757794268],[76.27707075631716,20.967856434083362],[76.27934333001907,20.95739591961512],[76.29911079719147,20.957701209939167],[76.31888253070161,20.9509693324496],[76.34495655225228,20.951259676054732],[76.3459922197443,20.95666639965343],[76.35220524943769,20.95687342900919],[76.3511680703733,20.96139836857535],[76.36616965066209,20.973917785941357],[76.36671926720666,20.978143546425304],[76.3803756218984,20.977022447571535],[76.39009763429831,21.015186914419726],[76.3879446072217,21.014995874915744],[76.39617643909816,21.02393792204953],[76.39853345279445,21.03375894059914],[76.38854441615584,21.053945174450945],[76.38587295416856,21.076333548465577],[76.38223417374873,21.07896585368425],[76.3845687096501,21.081508986238997],[76.38514666255537,21.08194213532883]]]}},{"type":"Feature","properties":{"OBJECTID":568,"STATE_UT":"MAHARASHTRA","STATE_LGD":"27","DISTRICT":"PARBHANI","DIST_LGD":"513","REMARKS":null,"Shape_Leng":595317.482077,"Shape_Area":6105206721.91,"sourceDistrict":"PARBHANI","district":"Parbhani","labelPoint":[76.69092029033747,19.268323037042673]},"geometry":{"type":"Polygon","coordinates":[[[76.59596048396767,19.826797165295304],[76.60539280006832,19.8104721999325],[76.59670502594952,19.800408414858612],[76.60998339754047,19.791816123126672],[76.6057370833703,19.78779166797799],[76.59284958669478,19.784433112116805],[76.59238122439285,19.780414884562788],[76.59631500634201,19.77715467441434],[76.60505263316918,19.77507636167774],[76.62731162972804,19.784012389628423],[76.62803669155196,19.790837979081108],[76.62288092732256,19.7989775218955],[76.62737439992962,19.804057131034835],[76.6322846340661,19.803105054336918],[76.639497141836,19.789528872430687],[76.64199110653752,19.773697639688567],[76.65875670719757,19.77715825128289],[76.6693171947338,19.775484552451797],[76.68660974649268,19.767907372675527],[76.6860539410412,19.757631364739233],[76.69118194841336,19.755043714769485],[76.69623909747872,19.756337524107995],[76.70059905225915,19.76533486670039],[76.70832332370864,19.770057260561128],[76.71687820130084,19.768880043411063],[76.72385085918376,19.74962510542798],[76.71992626165877,19.741102312552446],[76.73584320380641,19.733953248929105],[76.73889606600727,19.729443065599963],[76.73195215194758,19.720396884423312],[76.73234964533867,19.714241307736156],[76.74373674511104,19.711309834009686],[76.74788552883734,19.70611770361673],[76.74879166042415,19.69692581473188],[76.7606911525335,19.685416655206886],[76.77212721778746,19.695697923625577],[76.76723080624677,19.719150981098252],[76.77700828160697,19.731419907112674],[76.7813540854208,19.732845999148186],[76.78962349547072,19.7223270070298],[76.78289343534617,19.70366382944893],[76.78694231328295,19.68803815187263],[76.78590101182391,19.676212256774253],[76.79104781030219,19.670441030276322],[76.79792144248493,19.672095404949253],[76.80716133227502,19.683022308275504],[76.81294781300319,19.68054294436428],[76.81893904853624,19.670576086715645],[76.82319583827204,19.672630985970276],[76.82404188543038,19.685817960176607],[76.8134095311991,19.700472793412423],[76.81922208941374,19.706850466915345],[76.84026659843148,19.702521354359263],[76.84963659948697,19.70673216398483],[76.85426105640546,19.690908112098317],[76.86357369173741,19.67614011404037],[76.86188673277412,19.67147031369158],[76.84963018793461,19.6622453259116],[76.85032652269298,19.65106824224977],[76.85671436868041,19.645644761087627],[76.87031623834262,19.646589635180927],[76.87532962583963,19.637002230841063],[76.86713539652168,19.624042472088107],[76.87698924711528,19.620939299061284],[76.8981181222316,19.643496466186182],[76.90797392695353,19.645271910184935],[76.91414600903819,19.639478712600653],[76.91466594383661,19.617563166356796],[76.9261974707903,19.616448236497817],[76.93003234397065,19.61107207867344],[76.92630196278306,19.611217023040883],[76.9246603222429,19.598231321032664],[76.91617811794444,19.59803424234518],[76.9044618712365,19.59029334424791],[76.90337830278621,19.5845761512909],[76.8926920093272,19.58252897927917],[76.8889049217049,19.560261989138276],[76.88181337522576,19.5505940979963],[76.88519016459396,19.549732890483394],[76.88263181471532,19.533748337109973],[76.85699293956571,19.535493097649603],[76.85571758186754,19.523736607738922],[76.85548424279727,19.505150697459108],[76.86047843175932,19.50450730438507],[76.85608637788386,19.491510588089216],[76.8603835764956,19.481730598254973],[76.86593751839845,19.477600216805804],[76.86606495937531,19.468234094667174],[76.88759887910336,19.462059733032905],[76.88644272763027,19.456875543557032],[76.88083230966075,19.456815536497288],[76.87931885870569,19.45286842021097],[76.87378190935377,19.45416340904508],[76.8732180954122,19.448635206635075],[76.867958289654,19.448102321289127],[76.86994242877194,19.44451450676934],[76.86617687607004,19.44394166535579],[76.865055328072,19.4390139012204],[76.89587480657607,19.428943265269336],[76.90071954891768,19.445877877201223],[76.92074191554777,19.44305855601619],[76.9252453865592,19.437395801916118],[76.92187429591007,19.42629671736595],[76.91599784579932,19.42401416525761],[76.9197000738336,19.415299500625654],[76.91137622195484,19.411902111530146],[76.90058045678524,19.38739721953975],[76.89214505361316,19.37912698652675],[76.89341062659305,19.36556534235428],[76.88858113177199,19.355117794815293],[76.8895082694359,19.350194703014104],[76.90047645482807,19.33867373090626],[76.90058771068227,19.342979393457657],[76.90660083780698,19.338950190858345],[76.91605671834022,19.338587040998917],[76.91366278176427,19.33568037651405],[76.90939672494656,19.33662571308286],[76.9086214629049,19.331998475564887],[76.89954148165138,19.33324270417781],[76.90094536777742,19.32517385668831],[76.89835564882306,19.32062199622103],[76.88929490398235,19.322730278066366],[76.88871429126556,19.3178512064005],[76.89444407649823,19.316582801449478],[76.89116108213794,19.30802975001941],[76.9006789509474,19.298233773745554],[76.92270589162982,19.298304072215874],[76.92290490310556,19.310249487250914],[76.93650845203382,19.30780476494437],[76.93916887718017,19.31447368633871],[76.95620835617568,19.320417706916295],[76.98022237087818,19.31970192701795],[76.98435555300078,19.315344208090888],[76.98364404532013,19.309441393540272],[76.98660352370905,19.308242472506222],[76.98433286782304,19.303051798939],[76.98588167847532,19.288507060961816],[76.99008308811443,19.28783003658202],[76.9893406111865,19.280965746894868],[76.99383378492809,19.280773766917175],[76.99522643765603,19.275103024146475],[77.00047328986416,19.272820487283855],[77.00236078237897,19.28296101136912],[77.02208861447625,19.285186778385054],[77.02204640748232,19.27773418805264],[77.0104866798056,19.274023894796837],[77.00975191937916,19.26986292786871],[77.0116725197926,19.253858453745018],[77.02462842479586,19.247663869407493],[77.04041022871644,19.245634569967407],[77.0512153930929,19.252272495747587],[77.07835435574322,19.25730263041],[77.08749912638045,19.253169766889986],[77.08845488834856,19.240242600357828],[77.09830703568535,19.235794951937507],[77.11074788121124,19.238584068819797],[77.12585680410174,19.23713203358075],[77.14038366133025,19.225776383240404],[77.15441050033765,19.221780562025057],[77.16301278555967,19.232454906751492],[77.1788837645733,19.226265969663736],[77.17600461463677,19.211125636996336],[77.1812277024601,19.195920146400145],[77.17703816896021,19.167563988165096],[77.19177660492818,19.163872975123216],[77.19157727694575,19.136532031160296],[77.18722919682018,19.13055218443614],[77.18001167142502,19.13152969208414],[77.17519827570752,19.121544807299273],[77.17092906005794,19.12356797798483],[77.16414985036921,19.120486534935043],[77.16156992504897,19.114434209681995],[77.16242615382616,19.094182101353137],[77.15548495352942,19.08277730378536],[77.14278234121197,19.072255685078307],[77.13468147071175,19.070866957932907],[77.12222319079304,19.078949720565618],[77.09512621202423,19.066554524230533],[77.08982906208496,19.068889084422118],[77.08550989161252,19.07614465317352],[77.08638065383383,19.085974284919985],[77.08856568205555,19.090124196648443],[77.10220002488639,19.09498252406147],[77.10373063367426,19.099776160685476],[77.10030699566255,19.108916934843307],[77.0839782533162,19.109506832866206],[77.08267097625608,19.100438395572745],[77.07393606099718,19.08411613194134],[77.0621837862461,19.069280494110465],[77.0612354999129,19.06133269669008],[77.0666364154685,19.044987361972236],[77.06437393193504,19.03175631425778],[77.04325806602812,19.031294019136407],[77.0411899095795,19.005138295144597],[77.05568088336155,18.999336718436894],[77.05644275469581,18.988499064425998],[77.03717804610243,18.96812008344502],[77.03578866294055,18.95265754321458],[77.0326175468838,18.953628792303448],[77.0227792628915,18.932471065756154],[77.00937850592626,18.933626149014692],[77.00605251946835,18.92926021233498],[76.98867260695904,18.935768799951397],[76.98291179586927,18.914413984307338],[76.97797878276945,18.912430594579874],[76.97399180824773,18.91578400795017],[76.9738785956981,18.924539061383065],[76.95581496498981,18.933777082050874],[76.95096653447911,18.926726109635347],[76.9478954811104,18.927586321286267],[76.94748340267222,18.9081461044911],[76.9296470964885,18.901387226795517],[76.93317483261619,18.894178611802303],[76.95435839669288,18.892027933949866],[76.95243975705458,18.873937280110972],[76.97969166891129,18.88015723460735],[77.01494202281833,18.879826190446128],[77.01953555807513,18.843671346891544],[77.00835140303074,18.84309073870631],[76.9900997364408,18.828685793562734],[76.96930252219153,18.828518558436706],[76.95588531126032,18.83416144660849],[76.93694078580457,18.832153565778746],[76.9356655317601,18.834606252788596],[76.92878158788204,18.83366261832067],[76.90682102249338,18.839166520615297],[76.86694149112552,18.83019257078982],[76.8635829448452,18.818000753807112],[76.86020118421703,18.823319605553905],[76.85337569596163,18.81887550543073],[76.8535173144508,18.80697210020597],[76.84567842945276,18.807822406373454],[76.8441207762013,18.812916790559044],[76.82841810382385,18.81214208691728],[76.81156785268101,18.799906772131312],[76.80159540062708,18.802439087607095],[76.78340113994417,18.796790163586873],[76.77734687838246,18.77608201714364],[76.74788974814817,18.773625673247345],[76.74282094967889,18.775695908823224],[76.73711019767869,18.75987052936713],[76.7328369159589,18.75985353456157],[76.73502474372454,18.754115219208717],[76.72905295939184,18.7499323560862],[76.69777787152773,18.75622613412888],[76.6979316645457,18.75948920891956],[76.68303430372862,18.759323619128146],[76.68019477042783,18.75206846086941],[76.67462755904272,18.75610190017274],[76.67031594827698,18.763253333420757],[76.68177786419187,18.779282036943137],[76.67258977418946,18.78952826027034],[76.67444937607031,18.793664588227188],[76.66883596488077,18.8039685180214],[76.67119925535884,18.81350706199392],[76.66380543753566,18.820434004913395],[76.64286778176924,18.821909166209927],[76.64247746624956,18.832928101139363],[76.63909486829424,18.83395783544591],[76.63818863767258,18.83901628299965],[76.6421769640306,18.847958699874216],[76.62845385234966,18.846791294877423],[76.62032995607156,18.856401498018585],[76.62071703807332,18.86793021172378],[76.58647287630298,18.86810329511661],[76.58183422526537,18.87248389731252],[76.58460577004281,18.90413198712964],[76.58239436721192,18.930885951241063],[76.58542474657487,18.93372144264881],[76.58321887680118,18.942778654870775],[76.56355247532653,18.94879892818698],[76.53685646325833,18.949028713742365],[76.53258681722612,18.923957261599444],[76.53563125563764,18.91790149025299],[76.52052565587454,18.91821875220545],[76.51288148929218,18.92009148967733],[76.5102006202136,18.924437778822394],[76.50259931235885,18.949380408602114],[76.47799250467516,18.95333763245987],[76.47295754220313,18.963436316252082],[76.4773595512245,18.975296962926556],[76.46936422516342,18.97646871145836],[76.46865504276532,18.98331493690033],[76.47137358678877,18.988045865584287],[76.4776614776304,18.988482710598795],[76.47975170110155,19.001171774876184],[76.45969177032278,19.007332850425016],[76.4599495446984,19.009852699885233],[76.45602929825866,19.008321362987967],[76.45337835685675,19.024608152030034],[76.44831308293854,19.024494247795538],[76.44915507985512,19.034722789203826],[76.43830495796085,19.042369551015643],[76.43821472841553,19.048758581935516],[76.45169491503245,19.050864796858693],[76.43294938811556,19.072857334824928],[76.43740349300086,19.087712773642124],[76.4320965390162,19.095924805033576],[76.42499969640018,19.0983143440917],[76.41992991459496,19.091503708609274],[76.41159587190995,19.09133679185374],[76.39256498991752,19.113525889420693],[76.38883631354757,19.125184020937766],[76.3786985654998,19.13080444204801],[76.36919609941384,19.127593452714954],[76.35883140109192,19.108298704612597],[76.34848394525515,19.099790877600903],[76.33596471328026,19.09919120119071],[76.3220418993832,19.10731544185505],[76.31897803728242,19.115592611462954],[76.32892007440476,19.12169195718381],[76.3328530415558,19.136450079708226],[76.35252820013456,19.144919982582895],[76.36062742768038,19.155986299568553],[76.35425008716126,19.167200009353145],[76.35758690207554,19.182589212800977],[76.35070274570235,19.193830940446006],[76.35974141398133,19.20440646390976],[76.36343719447649,19.21571666725963],[76.36372461458896,19.233911609005034],[76.35919645260365,19.240838326934053],[76.3399461184541,19.25183933157956],[76.33155348318583,19.250281892546862],[76.3209428154879,19.254223917060838],[76.30857316003467,19.264289741859656],[76.29767953419464,19.2627540227795],[76.28456416713658,19.2658994067982],[76.25946025058353,19.253711272645013],[76.25510385694783,19.243166302367598],[76.25012209182906,19.241191265755713],[76.24052599091705,19.24545051958972],[76.22465229544108,19.243075994941023],[76.22194759732886,19.24658669055185],[76.22538513912286,19.25748068080877],[76.21352334541275,19.26121597308098],[76.21338608125593,19.269502746127966],[76.2074171504565,19.276763099495177],[76.21868911978683,19.293004674966518],[76.20707987573215,19.299846696664254],[76.21117835248091,19.318997384051784],[76.23020854094092,19.31346906443031],[76.2368242331529,19.317928067038874],[76.23580843646315,19.326174596745904],[76.23948189411645,19.336554524724953],[76.2633094401469,19.333867787437942],[76.27548508008992,19.344379813593207],[76.27620668187525,19.34655302845337],[76.25742141898495,19.35664448613181],[76.26175440882433,19.366934853755154],[76.28279940056058,19.36561781317113],[76.29002083601438,19.394132739766604],[76.29011094654278,19.396743514394785],[76.28438713657967,19.39738293444472],[76.28883532847969,19.433074151675875],[76.30140125489126,19.431781509374094],[76.31322988860119,19.466700103584916],[76.32264247522858,19.457168155429596],[76.3359302060939,19.45365163564928],[76.33992026018763,19.45532701839529],[76.34282695523294,19.47285427834194],[76.36421727247749,19.470800284735844],[76.3761298619729,19.507153366193542],[76.36836853686296,19.50934875929846],[76.3757231164999,19.536952668787716],[76.39199968183546,19.531442467706324],[76.39567653573656,19.54112312310199],[76.41218308215568,19.53826776388346],[76.41556379908701,19.534009436851864],[76.44214238047643,19.541564335067335],[76.44793727757272,19.584740796588616],[76.43649528425559,19.586948484471307],[76.43777305114484,19.60017983855614],[76.43236935146507,19.602155154036286],[76.44161224146355,19.613393707483507],[76.45087527343108,19.614284010946612],[76.45625957637581,19.6367638992712],[76.45361219453417,19.640919500377365],[76.44465906438087,19.64066210698289],[76.44940222757936,19.659678086422257],[76.4525600574296,19.666518323664068],[76.46545678154448,19.665618768706633],[76.47016796118584,19.67917676394984],[76.48151685266673,19.678054012308923],[76.48793823279442,19.684184737879235],[76.48838181865605,19.70185228301558],[76.48390041506276,19.72143587966347],[76.45938861362747,19.725191580148692],[76.45954338047379,19.747253344891902],[76.48366527759737,19.744858711344264],[76.48827725292884,19.763721300712536],[76.51014730820839,19.760823104372488],[76.51258390623673,19.77050961699931],[76.49736439759639,19.772936919426094],[76.48665989237868,19.77924867612249],[76.48205681710358,19.786662882302277],[76.48404480997436,19.799749663449905],[76.51144652125271,19.798969710278097],[76.51448954282196,19.808217414460053],[76.51102669479302,19.81885490386695],[76.51277046593312,19.824132521558468],[76.52182245512367,19.821377984184775],[76.5355787094905,19.822643324942405],[76.53954202859995,19.818102748355017],[76.55431280310506,19.820751634177228],[76.56326321347318,19.81532940797044],[76.56667039258961,19.817064501958505],[76.5699824016504,19.826719062685072],[76.5826768680818,19.82637764799925],[76.59285023112474,19.83048644755015],[76.5960026589643,19.827193227802823],[76.59596048396767,19.826797165295304]]]}},{"type":"Feature","properties":{"OBJECTID":569,"STATE_UT":"MAHARASHTRA","STATE_LGD":"27","DISTRICT":"JALNA","DIST_LGD":"514","REMARKS":null,"Shape_Leng":686145.910121,"Shape_Area":7391690957.46,"sourceDistrict":"JALNA","district":"Jalna","labelPoint":[75.98179905867984,19.806502199693057]},"geometry":{"type":"Polygon","coordinates":[[[75.8752388961891,20.553389522069615],[75.88160087102462,20.56093942869374],[75.91830637819619,20.554316032135432],[75.92622340192285,20.545854567844387],[75.93181420435751,20.548918973581596],[75.93477209949396,20.543302631566736],[75.93987782222916,20.542024100031963],[75.94057638620092,20.535540481328383],[75.95574763281819,20.530091020058713],[75.96539899141803,20.532501826777974],[75.97147000178387,20.538050585840356],[75.9695539355788,20.523098504325894],[75.96002443238271,20.52600753144683],[75.94929417232262,20.51860911184355],[75.94810191891878,20.509910954403644],[75.94065330743139,20.498664064489876],[75.94865932062335,20.472473763193708],[75.95487245141689,20.473015425313925],[75.9524345754155,20.46529404781299],[75.95702581565492,20.464543314652758],[75.9551150725246,20.451039093140622],[75.94494337319834,20.443130212099245],[75.94299440611397,20.431066308577012],[75.94032240550396,20.431378636453093],[75.94143142725987,20.424802352262088],[75.94387806917658,20.414972024080406],[75.94752964371474,20.413017746072594],[75.9525892802663,20.38703696811918],[75.9621299522961,20.382915345848826],[75.9668332464826,20.372951452431202],[75.95961377864852,20.37186222010076],[75.95781348519749,20.365559592988113],[75.94164309852685,20.36890840498551],[75.94068072681438,20.342140766643872],[75.93387902956228,20.338774696709912],[75.92885297296007,20.32575712704461],[75.9231073107934,20.320631172090827],[75.92887477514928,20.302213834109963],[75.94943317549154,20.298527004617263],[75.96702347233611,20.315990221699984],[75.97000768515328,20.31583099993008],[75.97641399026823,20.314429909982383],[75.97525284242862,20.307751044567546],[75.9925503974406,20.31080059937748],[76.00438223809329,20.30643430164292],[76.00123536005015,20.290783095435675],[76.02836524866638,20.2890552803066],[76.0320785735325,20.308253147461237],[76.04682663910027,20.337124311956345],[76.05226245961957,20.34221054197119],[76.06137665883527,20.343162647497795],[76.07146445260707,20.3490389871294],[76.07608186511756,20.358097013868566],[76.08577174970202,20.36523724618444],[76.0866451039383,20.35970052306676],[76.09303202872421,20.358082147010293],[76.08973725801343,20.351567543608162],[76.09426010974654,20.34723339859601],[76.09970597708893,20.350346637151603],[76.09865815286058,20.35439767255401],[76.10820960121028,20.354011879458177],[76.108215192393,20.350397289466503],[76.11471793479562,20.346031531043742],[76.1210400558421,20.346623182281597],[76.12096011866409,20.341916593226728],[76.12612742541371,20.344929518425904],[76.12800980661758,20.338846188443792],[76.12374095221615,20.333096355406386],[76.12472228404748,20.324958345847303],[76.12963072071348,20.322390570929038],[76.12922178341803,20.31727601730017],[76.13654870376611,20.31837681733053],[76.147639055576,20.31056708840353],[76.14091390448519,20.30052518662136],[76.15505321205251,20.302752007389802],[76.1685151339289,20.29490605010205],[76.17229621940722,20.30217541764161],[76.19382177404812,20.300153735661002],[76.17781942088648,20.26603889511678],[76.1733196023571,20.265793749444143],[76.17326686855884,20.260481931943417],[76.16970565439051,20.25832859968195],[76.16638514743907,20.238434216884063],[76.14993406029755,20.237098380154883],[76.13927846502055,20.23126191009295],[76.13292664408559,20.222444794032253],[76.13936770278546,20.212751679725095],[76.14985421788604,20.20594915381935],[76.14514278313398,20.19958398148841],[76.13196612632089,20.198748716461253],[76.13360649292015,20.184853781910764],[76.12353249282557,20.173701708089695],[76.1251278089587,20.17063934744546],[76.12029820809724,20.167349577877516],[76.11942223155644,20.160855460929714],[76.10881283964747,20.162433320679295],[76.10541259515384,20.153142368874995],[76.10841309258522,20.148442359657228],[76.10572401132583,20.13257512742387],[76.0984553141927,20.130493060953242],[76.09925854400284,20.11594231280714],[76.09472639341824,20.096294956962797],[76.0882952978065,20.095594401916394],[76.0865621462787,20.10029349988788],[76.08423783610465,20.097987319419495],[76.0807368995077,20.100233491331313],[76.05806992786316,20.09885087044079],[76.05446150749674,20.09634881248153],[76.05189616404188,20.08519222018745],[76.05818143312028,20.086855947058023],[76.0622779492508,20.08449191923026],[76.06953061497323,20.072801622621547],[76.05219844492848,20.062064645822677],[76.01879780518868,20.05840119124501],[76.02331934745041,20.024298313236887],[76.01088012058048,20.021970720739432],[76.00618102917275,20.01242310615973],[75.9993446211287,20.01271237490095],[75.98609132210613,20.004732562434594],[75.96564836664942,20.00278988002789],[75.9624992303695,19.994905442558455],[75.96762758766319,19.986308584336605],[75.97178283486558,19.98266323957074],[75.98809291136162,19.980674897559766],[75.98936417859149,19.974041969825425],[75.99406559658811,19.976123530007982],[76.00029027094517,19.970983242699475],[76.01145787014369,19.973713500382946],[76.01126379885443,19.953756471065805],[76.02704209325978,19.950438582741008],[76.02665240445383,19.94785514558752],[76.04090229128816,19.949670960713625],[76.04123645176819,19.945962744091805],[76.04814073486476,19.945967926283384],[76.05233205044348,19.940245053604187],[76.04782603601757,19.935621449453897],[76.05749325931637,19.92980832720273],[76.05857808190112,19.91867618501671],[76.08111677126674,19.912536880800918],[76.08091147762003,19.88054518082166],[76.09282434610978,19.872053797856758],[76.09754971337485,19.856958512903073],[76.1184827389999,19.860093604725602],[76.12074220606173,19.86450710078606],[76.12933136456998,19.865019785979218],[76.13573435673275,19.851952166435954],[76.13532540625289,19.84677281385343],[76.1399318602116,19.844066234907356],[76.1476048889796,19.84364018194764],[76.14839256698538,19.855948973734673],[76.16398379004237,19.852723140653328],[76.16586337992791,19.85468607019473],[76.18175269534086,19.848071840264424],[76.18594980713988,19.85489070077559],[76.19426669843509,19.85880503323268],[76.19682551139739,19.865399419320408],[76.20753635725663,19.863942357431256],[76.21446719463242,19.86794638457964],[76.22951391815202,19.8651411338164],[76.24167767375332,19.872184558884864],[76.24912121687075,19.87094480643112],[76.25543218377663,19.87629151912174],[76.29307020886422,19.870795259276907],[76.3001361112983,19.877597473970788],[76.31541523021406,19.877239484561905],[76.32665893171169,19.885978050684795],[76.33645899352224,19.88367859647298],[76.34230112242552,19.89444332564278],[76.34659838082958,19.892715737433264],[76.35484162879483,19.896867491289875],[76.35484966521031,19.910165674129022],[76.36602249479628,19.92850075656174],[76.38392961753452,19.916964256685432],[76.38738546067266,19.90861118729471],[76.39281685507586,19.904917645424476],[76.40216357666613,19.909801313461585],[76.4052852979623,19.91979770883911],[76.44111937555567,19.917287199126314],[76.44655888071101,19.922435290609766],[76.45348273881667,19.923355913557074],[76.46247199287143,19.919517277351474],[76.4935693832736,19.920159208176795],[76.49058417516697,19.906924258158952],[76.49276158399825,19.89379502745735],[76.50189060303632,19.888783879641586],[76.50648930741364,19.87800577078105],[76.51816807364321,19.878258634440922],[76.51852341402645,19.8728113414526],[76.53450828203484,19.86552951236188],[76.53117246134454,19.861762613455177],[76.534104481818,19.850267565036773],[76.51902241375628,19.849997426859446],[76.52277474711069,19.84189517109809],[76.519766418756,19.839939825123896],[76.52104713732436,19.836874210926684],[76.51246763061802,19.831833782156394],[76.51535128331376,19.826920392243252],[76.51102669479302,19.81885490386695],[76.51448954282196,19.808217414460053],[76.51144652125271,19.798969710278097],[76.48446188444933,19.800170861391255],[76.48345041198964,19.79763485765153],[76.48205681710358,19.786662882302277],[76.48665989237868,19.77924867612249],[76.49736439759639,19.772936919426094],[76.51272346571507,19.771408001442726],[76.51014730820839,19.760823104372488],[76.48827725292884,19.763721300712536],[76.48366527759737,19.744858711344264],[76.45954338047379,19.747253344891902],[76.45938861362747,19.725191580148692],[76.48390041506276,19.72143587966347],[76.48838181865605,19.70185228301558],[76.48793823279442,19.684184737879235],[76.48151685266673,19.678054012308923],[76.47016796118584,19.67917676394984],[76.46545678154448,19.665618768706633],[76.4525600574296,19.666518323664068],[76.44940222757936,19.659678086422257],[76.44465906438087,19.64066210698289],[76.45361219453417,19.640919500377365],[76.45625957637581,19.6367638992712],[76.45087527343108,19.614284010946612],[76.44161224146355,19.613393707483507],[76.43236935146507,19.602155154036286],[76.43777305114484,19.60017983855614],[76.43649528425559,19.586948484471307],[76.44793727757272,19.584740796588616],[76.44214238047643,19.541564335067335],[76.41556379908701,19.534009436851864],[76.41218308215568,19.53826776388346],[76.39567653573656,19.54112312310199],[76.39199968183546,19.531442467706324],[76.3757231164999,19.536952668787716],[76.36836853686296,19.50934875929846],[76.3761298619729,19.507153366193542],[76.36421727247749,19.470800284735844],[76.34282695523294,19.47285427834194],[76.33992026018763,19.45532701839529],[76.3359302060939,19.45365163564928],[76.32264247522858,19.457168155429596],[76.31322988860119,19.466700103584916],[76.30140125489126,19.431781509374094],[76.28883532847969,19.433074151675875],[76.28438713657967,19.39738293444472],[76.29011094654278,19.396743514394785],[76.29002083601438,19.394132739766604],[76.28279940056058,19.36561781317113],[76.26175440882433,19.366934853755154],[76.25742141898495,19.35664448613181],[76.27620668187525,19.34655302845337],[76.27548508008992,19.344379813593207],[76.2633094401469,19.333867787437942],[76.23948189411645,19.336554524724953],[76.23580843646315,19.326174596745904],[76.2368242331529,19.317928067038874],[76.23020854094092,19.31346906443031],[76.21117835248091,19.318997384051784],[76.20707987573215,19.299846696664254],[76.21868911978683,19.293004674966518],[76.20760104086763,19.27698896943258],[76.19530655326291,19.28590352170559],[76.17962697893768,19.288404992328374],[76.17118699577372,19.283567149696232],[76.16267782610313,19.28342651837616],[76.16036168355971,19.295391015591488],[76.15174241513735,19.295791033427673],[76.1395026776816,19.291167731759508],[76.1336111738652,19.29318305180732],[76.12567604309939,19.303347066124367],[76.11346560789718,19.296194881027027],[76.10892137687114,19.306062629283478],[76.10270086016189,19.308067378984475],[76.0963402961464,19.304259573042565],[76.0879341304783,19.28093527290642],[76.07107211458907,19.278954601718908],[76.05623140871646,19.284994696032204],[76.03966819780142,19.2836398201013],[76.03226218184287,19.288138904055543],[76.02512445463346,19.29943937989244],[76.02514515731934,19.31462752330415],[76.02093319890099,19.3294579246357],[76.02369257862259,19.333252659537138],[76.02020091603542,19.337643469208555],[76.01002166186794,19.335754895437283],[76.00342317260417,19.32686576726962],[75.97683509628082,19.305262347983025],[75.96042070925868,19.30172754386254],[75.94285299424408,19.291893750466304],[75.93515784502324,19.293379628391158],[75.91822472209202,19.303436997890234],[75.90649453069133,19.318331184391308],[75.90343350500643,19.337900767141452],[75.905222252307,19.346984576950877],[75.92502757897685,19.382700400280775],[75.91203246429457,19.392168533411702],[75.90375018057034,19.390595099362628],[75.89314435984873,19.37957136489079],[75.87314427003798,19.383292034232596],[75.85787718005618,19.37561644147488],[75.84048077319798,19.37148486723455],[75.8244717039505,19.37764952647478],[75.79304892117128,19.39827071621648],[75.78540004056626,19.39954160388036],[75.75641156817478,19.38765507367753],[75.76140005598859,19.375797620887656],[75.75093231556112,19.356083191822215],[75.74118651921059,19.358542645419533],[75.7142443868852,19.354219931082813],[75.69984570757777,19.35901974833104],[75.67966456056213,19.35565192191985],[75.67551539889148,19.35826406008752],[75.67531554433728,19.365363671119187],[75.67244342155348,19.367602085239756],[75.65076060318216,19.36857085398281],[75.64010832883665,19.38144790706805],[75.62572614782825,19.37337316195478],[75.60612819548538,19.383538346710726],[75.61275903081031,19.425146907771634],[75.60327366931301,19.42754102669031],[75.60467504086091,19.45217545602485],[75.6086050141089,19.452273557441103],[75.61390049647567,19.46764858600431],[75.62646356817685,19.460594395852947],[75.62937284491413,19.460277033866596],[75.63154130447559,19.4646360631395],[75.64156053841133,19.49621945386273],[75.63993012444979,19.520886605044765],[75.6427387393979,19.538859197478182],[75.6465634527828,19.53886686290881],[75.65604199717708,19.56815064306782],[75.65019670534207,19.578165451335696],[75.65288807577545,19.58591400198813],[75.64920888565818,19.595435790214704],[75.60986675420563,19.597878466938436],[75.60885776829194,19.60162547571838],[75.59798571639627,19.60011654891986],[75.59165813944507,19.60995988548503],[75.59374968499017,19.61800540811603],[75.5887496202509,19.62201564528978],[75.58514581180742,19.63830091032333],[75.60386449738209,19.643490292236496],[75.60513266773357,19.657832895010454],[75.62540789739234,19.65593610664401],[75.62923819307814,19.660321993990582],[75.63139745728763,19.676268637362192],[75.62519478222498,19.704238652425463],[75.62859007603036,19.70394335542326],[75.62963082515257,19.7077538146971],[75.63195666754068,19.7348648054396],[75.62523821403522,19.736372987037587],[75.62358698463454,19.77200001694243],[75.63609723510898,19.772369160935934],[75.63401414567467,19.77811772247882],[75.64442292335652,19.780056537918036],[75.64494658371208,19.79313518067891],[75.64125126708782,19.79299478306505],[75.63360242021808,19.811683534214044],[75.65358456084005,19.813358655957785],[75.65849867873322,19.822518464271923],[75.66000250554684,19.829208657043335],[75.657715123244,19.82965681762232],[75.65590948581315,19.84094962867714],[75.64489266987381,19.842101187163912],[75.65677978033503,19.912509583123256],[75.67753546828288,19.91654421146705],[75.68059760104315,19.924524919007137],[75.66920578318337,19.944023319873256],[75.6636490865558,19.945428161934323],[75.66193748123553,19.949471939355846],[75.65746678473356,19.945376974982654],[75.65110392054399,19.949726838649465],[75.65576350616315,19.965838350879018],[75.6439271366469,19.975554516566845],[75.64447442204647,20.006978805687424],[75.63342988879855,20.011597284011987],[75.6301805875275,20.003846644315693],[75.62250091954151,19.999927444546657],[75.59956748079591,19.999510081408726],[75.5980858773768,20.00526003198871],[75.59244685545072,20.006382603940956],[75.58832724108488,20.023548664020975],[75.59486888281998,20.03219592873968],[75.60062179870955,20.049418752718836],[75.61129464152553,20.05055608641993],[75.6105950736859,20.05647515109994],[75.61837501045544,20.065554576452293],[75.6195125087583,20.071782286070587],[75.62637826111094,20.07053309920427],[75.62650578102313,20.083348930742183],[75.63140875985545,20.082431206725182],[75.6350815964762,20.090999664960837],[75.62976876743723,20.102608471085137],[75.62451775061015,20.102445038745476],[75.63240130447068,20.119166572344664],[75.63361498849372,20.135796193791222],[75.63740566564283,20.139304625818742],[75.64558966300793,20.187394400355238],[75.67360025807868,20.183753933840176],[75.68125126511623,20.19817284883319],[75.68023267248839,20.228763238421855],[75.67420482646796,20.233247528067167],[75.67998806648274,20.258518126932533],[75.69002635832281,20.26513836415394],[75.6950977537473,20.2823356172915],[75.68177966885375,20.306327797909137],[75.70776633971465,20.3128251852563],[75.71643094581441,20.330408669113012],[75.72982395904683,20.32733334696261],[75.7336334775824,20.333454902322487],[75.74245685242711,20.334927115298044],[75.74321681606041,20.326202093060907],[75.75452970771994,20.325789714213805],[75.76095856736842,20.328243442197397],[75.76414852275231,20.336223637341693],[75.77054540661491,20.33638551885657],[75.7659973629507,20.349863945409584],[75.75812806379194,20.359142885277915],[75.75737764643051,20.368427435602655],[75.7456009825884,20.37058142348069],[75.75055260411257,20.38898147323409],[75.74917707166281,20.402227820467406],[75.73262618024617,20.407131364447604],[75.73748644780694,20.41930018400974],[75.75575906249861,20.423063899773883],[75.76397613251243,20.451984305118277],[75.77894153772655,20.455014306430648],[75.79456684481369,20.450235232074096],[75.79676760253994,20.46125336228587],[75.81119396527815,20.46324037227779],[75.81969623955848,20.47208876899325],[75.8267957777958,20.47104246601234],[75.84097208787442,20.45757279373492],[75.85512272835948,20.460218019763328],[75.86439608770391,20.447321642578956],[75.86266139347875,20.439898083093077],[75.87759843545479,20.43740831483131],[75.88181980753762,20.444943935335985],[75.89405538879645,20.445378862490486],[75.86948673587011,20.455059865564323],[75.87089833118664,20.461277670489398],[75.86159260662171,20.465412483249597],[75.85881025025625,20.481405646979674],[75.84920354304994,20.48305698106898],[75.84745661580891,20.488283220014107],[75.84990472339531,20.5009005783587],[75.85896899465537,20.503480112975673],[75.86240224182686,20.519862994608314],[75.86059217774543,20.523799438120406],[75.87175593799584,20.52807032831553],[75.87946531292722,20.522801479071788],[75.88367520586607,20.527024310193248],[75.88409834771537,20.530501660385177],[75.86047063781012,20.560746920779323],[75.8740301167971,20.55415529447346],[75.8752388961891,20.553389522069615]]]}},{"type":"Feature","properties":{"OBJECTID":570,"STATE_UT":"MAHARASHTRA","STATE_LGD":"27","DISTRICT":"CHHATRAPATI SAMBHAJI NAGAR","DIST_LGD":"515","REMARKS":null,"Shape_Leng":845518.451971,"Shape_Area":9812609340.59,"sourceDistrict":"CHHATRAPATI SAMBHAJI NAGAR","district":"Chhatrapati Sambhaji Nagar","labelPoint":[75.27419708100803,20.022182476682875]},"geometry":{"type":"MultiPolygon","coordinates":[[[[76.00625460066476,20.644869278437238],[76.01716692724513,20.64271129571059],[76.01839769190474,20.64599377336511],[76.02180954964149,20.645545640172003],[76.02421227515289,20.63912263867683],[76.03212422148358,20.636700738589138],[76.03042888517464,20.623364090610334],[76.04009780736106,20.60628086346056],[76.03667107067461,20.587535890425787],[76.0428542904292,20.579110421463607],[76.03648583621481,20.57181958476243],[76.03629102860361,20.55474891544225],[76.01580529279423,20.550924972255206],[76.01807020419176,20.53022457360221],[76.00983854108387,20.533061534761085],[76.00867300213751,20.53877764364607],[76.0004642551207,20.529507314394248],[75.99222848818779,20.535680346134853],[75.99087812031073,20.531103056409712],[75.97807318081726,20.529790835409244],[75.97621716189008,20.532745964810676],[75.97098348928385,20.532765494348805],[75.97147000178387,20.538050585840356],[75.96539899141803,20.532501826777974],[75.95574763281819,20.530091020058713],[75.94057638620092,20.535540481328383],[75.93987782222916,20.542024100031963],[75.93477209949396,20.543302631566736],[75.93030401822134,20.549158065198366],[75.93083512457883,20.581478103302796],[75.93320445631927,20.582491822830253],[75.93068874827618,20.584452022347048],[75.9358472551889,20.58766415624521],[75.94964397703718,20.58069917594501],[75.94582139973492,20.573281080960488],[75.94895094841513,20.568978917683747],[75.96391862345673,20.56959172636872],[75.96594972984069,20.577612969803567],[75.9636237233749,20.580629680905076],[75.97282275096669,20.580414975370488],[75.9746280022214,20.586614284633576],[75.97127953089426,20.590493614258396],[75.97106532816179,20.59840732171161],[75.96670313265436,20.596804325223435],[75.95843537160805,20.605261955184236],[75.95559663842893,20.599094925756642],[75.95328649175359,20.60070550239691],[75.95477127325495,20.620584339424404],[75.98759594758066,20.616079798157838],[75.98940780472141,20.620901670879007],[75.99670555498425,20.62262648128159],[75.99770405261128,20.62790891947267],[76.00654097412772,20.631518694077652],[76.00624284507863,20.645164516236427],[76.00625460066476,20.644869278437238]]],[[[75.68130410448265,20.665201982033246],[75.70358340475812,20.658828057544692],[75.69534556162911,20.623088625991453],[75.69941223955298,20.61400980668223],[75.71292187670586,20.613542825965943],[75.72263375764756,20.620661303840865],[75.73084313101383,20.6068069889341],[75.74038908136399,20.607163227761053],[75.74306047899088,20.611071683183198],[75.75424316001488,20.613407471416956],[75.75428928957402,20.610557521405457],[75.75873563335281,20.61050050126138],[75.75697802638804,20.573832518729454],[75.7733051677244,20.574822149246003],[75.77639794599688,20.581418036755483],[75.78136722255542,20.582864589959442],[75.79206460909307,20.58146251092313],[75.78611729516545,20.56188843601489],[75.79829177016403,20.561733494114527],[75.8041777630097,20.56733075994822],[75.81771244301495,20.558394692030358],[75.83147108835142,20.557830401650687],[75.83124803795536,20.555591817710038],[75.84398513352852,20.562574195081247],[75.84726916338565,20.56632366235613],[75.83778250726488,20.56653380898856],[75.82814247339826,20.571202408909514],[75.8326398161956,20.574093248710135],[75.83254128199216,20.59196404935718],[75.84260154658456,20.592753590371228],[75.83842842126532,20.596011696744288],[75.83678250229748,20.61424973708515],[75.85353970954002,20.61272907319267],[75.85464275577141,20.621746647449],[75.86750207552743,20.61953582779099],[75.86872738842497,20.597828697004363],[75.87707773031796,20.597751043331385],[75.88676967645331,20.592294662281535],[75.88744833126707,20.572790736982796],[75.8765738641015,20.552543828785986],[75.86035822745984,20.55983464046729],[75.88400849765547,20.528320258123518],[75.87946531292722,20.522801479071788],[75.87175593799584,20.52807032831553],[75.86059217774543,20.523799438120406],[75.86240224182686,20.519862994608314],[75.85896899465537,20.503480112975673],[75.84990472339531,20.5009005783587],[75.84745661580891,20.488283220014107],[75.84920354304994,20.48305698106898],[75.85881025025625,20.481405646979674],[75.86159260662171,20.465412483249597],[75.87089833118664,20.461277670489398],[75.86948673587011,20.455059865564323],[75.89405567044682,20.445379474565904],[75.88181980753762,20.444943935335985],[75.87759843545479,20.43740831483131],[75.86266139347875,20.439898083093077],[75.86439608770391,20.447321642578956],[75.85512272835948,20.460218019763328],[75.84097208787442,20.45757279373492],[75.8267957777958,20.47104246601234],[75.81969623955848,20.47208876899325],[75.81119396527815,20.46324037227779],[75.79676760253994,20.46125336228587],[75.79456684481369,20.450235232074096],[75.77894153772655,20.455014306430648],[75.76397613251243,20.451984305118277],[75.75575906249861,20.423063899773883],[75.73748644780694,20.41930018400974],[75.73262618024617,20.407131364447604],[75.74917707166281,20.402227820467406],[75.75055260411257,20.38898147323409],[75.7456009825884,20.37058142348069],[75.75737764643051,20.368427435602655],[75.75812806379194,20.359142885277915],[75.7659973629507,20.349863945409584],[75.77054540661491,20.33638551885657],[75.76414852275231,20.336223637341693],[75.76095856736842,20.328243442197397],[75.75452970771994,20.325789714213805],[75.74321681606041,20.326202093060907],[75.74245685242711,20.334927115298044],[75.7336334775824,20.333454902322487],[75.72982395904683,20.32733334696261],[75.71643094581441,20.330408669113012],[75.70776633971465,20.3128251852563],[75.68177966885375,20.306327797909137],[75.6950977537473,20.2823356172915],[75.69002635832281,20.26513836415394],[75.67998806648274,20.258518126932533],[75.67420482646796,20.233247528067167],[75.68023267248839,20.228763238421855],[75.68125126511623,20.19817284883319],[75.67360025807868,20.183753933840176],[75.64558966300793,20.187394400355238],[75.63740566564283,20.139304625818742],[75.63361498849372,20.135796193791222],[75.63240130447068,20.119166572344664],[75.62451775061015,20.102445038745476],[75.62976876743723,20.102608471085137],[75.6350815964762,20.090999664960837],[75.63140875985545,20.082431206725182],[75.62650578102313,20.083348930742183],[75.62637826111094,20.07053309920427],[75.6195125087583,20.071782286070587],[75.61837501045544,20.065554576452293],[75.6105950736859,20.05647515109994],[75.61129464152553,20.05055608641993],[75.60062179870955,20.049418752718836],[75.59486888281998,20.03219592873968],[75.58841555347496,20.02393171806855],[75.59244685545072,20.006382603940956],[75.5980858773768,20.00526003198871],[75.59956748079591,19.999510081408726],[75.62250091954151,19.999927444546657],[75.6301805875275,20.003846644315693],[75.63342988879855,20.011597284011987],[75.64447442204647,20.006978805687424],[75.6439271366469,19.975554516566845],[75.65576350616315,19.965838350879018],[75.65110392054399,19.949726838649465],[75.65746678473356,19.945376974982654],[75.66193748123553,19.949471939355846],[75.6636490865558,19.945428161934323],[75.66920578318337,19.944023319873256],[75.68059760104315,19.924524919007137],[75.67753546828288,19.91654421146705],[75.65677978033503,19.912509583123256],[75.64489266987381,19.842101187163912],[75.65590948581315,19.84094962867714],[75.657715123244,19.82965681762232],[75.66000250554684,19.829208657043335],[75.65849867873322,19.822518464271923],[75.65358456084005,19.813358655957785],[75.63360242021808,19.811683534214044],[75.64125126708782,19.79299478306505],[75.64494658371208,19.79313518067891],[75.64442292335652,19.780056537918036],[75.63401414567467,19.77811772247882],[75.63609723510898,19.772369160935934],[75.62358698463454,19.77200001694243],[75.62523821403522,19.736372987037587],[75.63195666754068,19.7348648054396],[75.62963082515257,19.7077538146971],[75.62859007603036,19.70394335542326],[75.62519478222498,19.704238652425463],[75.63139745728763,19.676268637362192],[75.62923819307814,19.660321993990582],[75.62540789739234,19.65593610664401],[75.60513266773357,19.657832895010454],[75.60386449738209,19.643490292236496],[75.58514581180742,19.63830091032333],[75.5887496202509,19.62201564528978],[75.59374968499017,19.61800540811603],[75.59165813944507,19.60995988548503],[75.59798571639627,19.60011654891986],[75.60885776829194,19.60162547571838],[75.60986675420563,19.597878466938436],[75.64920888565818,19.595435790214704],[75.65288807577545,19.58591400198813],[75.65019670534207,19.578165451335696],[75.65604199717708,19.56815064306782],[75.6465634527828,19.53886686290881],[75.6427387393979,19.538859197478182],[75.63993012444979,19.520886605044765],[75.64156053841133,19.49621945386273],[75.63154130447559,19.4646360631395],[75.62937284491413,19.460277033866596],[75.62646356817685,19.460594395852947],[75.61390049647567,19.46764858600431],[75.6086050141089,19.452273557441103],[75.60467504086091,19.45217545602485],[75.60327366931301,19.42754102669031],[75.61275903081031,19.425146907771634],[75.60612819548538,19.383538346710726],[75.59521899351755,19.38574448997771],[75.58670611832571,19.37762474306089],[75.5476876667127,19.388094249438865],[75.53636158475884,19.396943220109982],[75.51949846267945,19.402389226028507],[75.51613908942275,19.40796860092556],[75.51768231976307,19.41564796484733],[75.5059896708912,19.426462610493545],[75.50781066984696,19.43056324195716],[75.50532904666288,19.432347537026487],[75.49328487468769,19.425568783434375],[75.48852943775815,19.416558337443572],[75.48227260987909,19.418571563285354],[75.48300854209904,19.42136610423891],[75.47324435099,19.423571133788684],[75.46637112466495,19.41434947690047],[75.44262452113237,19.414042102867704],[75.44113706983187,19.427015735446226],[75.4345768255551,19.41894892838516],[75.42951027211089,19.420268426946063],[75.42497474187067,19.415759084883828],[75.41071082831888,19.418670938309045],[75.39138343329203,19.414820931431407],[75.38637593984734,19.409564215284185],[75.3813347201794,19.410533069827572],[75.36515281709535,19.396902317410035],[75.33942299233006,19.40601271203652],[75.33650315346657,19.408542961634232],[75.3570317070827,19.43195860262283],[75.34690288942814,19.449001739971635],[75.32703335485672,19.438561038972146],[75.32255154283598,19.45357077611396],[75.3231997144909,19.465728326628323],[75.33938026273418,19.468740793095026],[75.34421290778106,19.485467655150014],[75.35810856824327,19.482661575953667],[75.36154945617174,19.490175130755773],[75.35654511084465,19.501741339627248],[75.35053093417716,19.504747030359464],[75.33914759847046,19.50181445024785],[75.33494952240007,19.48270764556875],[75.32744340499676,19.483773006184276],[75.32888432341305,19.508427142957125],[75.32415033653037,19.506130546795717],[75.32523983898236,19.49896544982141],[75.31179960760211,19.495753923013492],[75.30904843192116,19.50050017061653],[75.30106519058194,19.503109090800752],[75.30134099747544,19.512169601878494],[75.2736583580449,19.515256158661234],[75.28070650752879,19.54543404400066],[75.27411477657272,19.554352542368452],[75.26749186282917,19.5546078505748],[75.25946997026107,19.524499221762202],[75.25681952723689,19.523252614421274],[75.23006374897706,19.54131888144904],[75.21751958687604,19.558774804678112],[75.20633230884617,19.56215817483031],[75.20365540433762,19.56626841816216],[75.20652766922763,19.581565820214273],[75.19717861536346,19.588005532304848],[75.19405038543024,19.59485370420172],[75.17434942342707,19.600431451387337],[75.16393810240437,19.598179438992272],[75.15453579473866,19.589307769087927],[75.15092494228155,19.589355437576753],[75.14040995700869,19.598108348909317],[75.12683313973861,19.594602273923343],[75.11610211173799,19.60359667468217],[75.0985921486901,19.603981950173363],[75.08708178348847,19.612754408654588],[75.05916456832433,19.605702242070468],[75.03873174138232,19.615948423458832],[75.04175025044933,19.622209905111394],[75.03776367031952,19.625843973041405],[75.02627076264994,19.62330098138355],[74.99866593727587,19.62401967357357],[74.9854078951806,19.6334007221069],[74.98252357456006,19.639550791418326],[74.96277445152195,19.6471366663023],[74.94167301028311,19.64509604701115],[74.9311800481872,19.636905111403408],[74.92770496299944,19.646944412446242],[74.92005233901743,19.645575396420654],[74.91377089503315,19.648204386311974],[74.88796614390272,19.639044730009736],[74.8844271119392,19.642279574773738],[74.88614593849144,19.65277323673498],[74.88304149672541,19.654470187185876],[74.87505223746969,19.65003847311805],[74.86611930458083,19.651265119398317],[74.85805667276662,19.646544818257993],[74.84879031958954,19.646366319183198],[74.83666226815576,19.663336210747314],[74.8228177845942,19.66851153358764],[74.81783872163594,19.68067957921039],[74.80844872437997,19.688503350193223],[74.81412147612211,19.70306667484936],[74.80437475887008,19.70222827886605],[74.78654111055215,19.715400122892664],[74.78427359167112,19.734336511871234],[74.76760992916897,19.736732280909195],[74.7640683354572,19.753697446148546],[74.74942954227794,19.748643951651957],[74.7353185300293,19.764908960890743],[74.72812513752189,19.754412258106843],[74.72147138719305,19.754658539870395],[74.7173937030532,19.762739207343216],[74.7194377112607,19.772398407387435],[74.71442875462313,19.780148119054335],[74.70732223813825,19.781799934578036],[74.70069557126466,19.77555581795336],[74.70624831527664,19.763559493068843],[74.6952734201918,19.75500579857587],[74.68906090028844,19.75720685756506],[74.68972191891856,19.766430328555607],[74.67714237483474,19.766736865799487],[74.66793198684086,19.776138256480046],[74.65329071127071,19.77644930049491],[74.64946057176019,19.784901895466476],[74.63678354955435,19.793044162695363],[74.6256271981608,19.789530582443415],[74.61189155089365,19.76994577697502],[74.59232286427621,19.775825189752233],[74.58885953861382,19.78418485855885],[74.5999821139943,19.80658794806996],[74.60289633656762,19.846962507916423],[74.63606002764217,19.841800829640825],[74.65688042378687,19.834871966139296],[74.65981739233298,19.85771226106812],[74.64443899608538,19.860143319247708],[74.64847755791331,19.89582371739518],[74.64598793987443,19.909287271741274],[74.6493116507673,19.920123033043556],[74.67706563223281,19.924138460642276],[74.67715656849005,19.930702549622147],[74.67205186098818,19.93147873325851],[74.6708896456439,19.959344848927252],[74.67443750894815,19.96585326438416],[74.68008627068922,19.9647487742458],[74.68515189584828,19.968657749184526],[74.68179578983136,19.989218205056456],[74.68833043590153,19.994890220077018],[74.68626132467523,19.999003333495843],[74.68932443769368,20.01076706019166],[74.6948859615178,20.016986799427247],[74.71336176781178,20.015824824177724],[74.71790044201593,20.018132392723665],[74.71276376557165,20.023170449876996],[74.71240513087477,20.031124112928588],[74.70650293588456,20.041490011815572],[74.72065540257748,20.05416346869716],[74.71143313482223,20.06839396982881],[74.70954011747622,20.07992455879636],[74.7364619178595,20.080790829058998],[74.73034284319564,20.11457601309915],[74.70378411334444,20.114755967211533],[74.70999460339073,20.122338581121287],[74.70562086456816,20.1234793297818],[74.71144496720778,20.12872936780533],[74.7084523793491,20.134979894766378],[74.71413517499262,20.133477777080653],[74.71725538408846,20.15929890497585],[74.7115781206488,20.173193155757257],[74.72079544865406,20.186967682324507],[74.7191249419465,20.192791750723455],[74.72919526292256,20.19223371265992],[74.73387101433369,20.197592908706774],[74.7346409423687,20.18877017478859],[74.76010254128923,20.184488472214806],[74.75595060727144,20.196821723377383],[74.7586290788598,20.200989972670676],[74.77034101541912,20.206758413797015],[74.78287996964468,20.206159385349814],[74.8000036424198,20.23266903959046],[74.78565400940624,20.228483815247163],[74.78182170117512,20.22901352489193],[74.78179177371706,20.2344810892278],[74.80191120256208,20.238198325163424],[74.80699623390532,20.2466225244595],[74.81838570575792,20.250405062680016],[74.82088526387456,20.246766949339136],[74.82843470398568,20.24622809506656],[74.82928432516006,20.235381412205136],[74.85537632256955,20.23036214028299],[74.85196252415342,20.21387444043951],[74.85266464040001,20.206580867149764],[74.8549746599082,20.206441413551612],[74.85462689577889,20.179684167809896],[74.89567259448906,20.180259383983937],[74.89843093518567,20.169059595405013],[74.90697717215355,20.16758964424335],[74.90677788392482,20.15500114573478],[74.92798118167211,20.154535370141236],[74.92994452420498,20.159659676022336],[74.92489265790637,20.164728870831098],[74.9254517431794,20.171308639168682],[74.9218686160942,20.175672380580163],[74.92811676805287,20.18476264979305],[74.92850415932429,20.217382995597653],[74.90779337495711,20.219096955297537],[74.90522827897773,20.247187216441564],[74.91327637071376,20.245833975979565],[74.9329013514677,20.25119045230319],[74.93493271682792,20.27003263202065],[74.94734516355047,20.274142879760422],[74.95418809860574,20.271831797102216],[74.94493013830268,20.287831924820274],[74.96632143514245,20.30697324083609],[74.98340579285585,20.30564085813866],[74.98396266889023,20.294441502398012],[75.00532117454678,20.29369341314195],[74.9944106319294,20.32802745105959],[74.9995199510936,20.335964213302706],[75.02014662843773,20.32451808616251],[75.02497926675038,20.318573458703312],[75.05488887238265,20.30575529642326],[75.05473319641241,20.330091803619695],[75.05858348957801,20.33717347574579],[75.07473683465261,20.338551991825447],[75.08975878047363,20.332179762945195],[75.0822640118668,20.32148599423987],[75.08182332117109,20.315571610874688],[75.11641928982299,20.3220906460203],[75.11532623938068,20.32665621394336],[75.12251066422019,20.349708194907592],[75.12240953907059,20.363292906889196],[75.11633662903436,20.39341850484757],[75.1105465135991,20.394924434381135],[75.10583111524333,20.41191181741828],[75.1149807758339,20.415672655558783],[75.11834180799345,20.423114564624203],[75.12384504176836,20.42330907319452],[75.12465737381461,20.4319738399203],[75.12651509526063,20.429074754819595],[75.13804385174768,20.43397438963865],[75.15332610255915,20.432826699435797],[75.16168331094963,20.440042737752993],[75.17418545010982,20.442421529655945],[75.17106632649838,20.44952308382476],[75.17288111717211,20.456387224375614],[75.16670579005245,20.455793941376445],[75.16753900660756,20.458782620759205],[75.15816762586893,20.455511010432307],[75.15979832005186,20.476481868015792],[75.17387640023614,20.47793719395448],[75.17519581410038,20.47509566116407],[75.18639504013373,20.47257005035581],[75.18687634425697,20.475043562293738],[75.19723590842635,20.475431717473796],[75.19656249627977,20.492324773069186],[75.2086140319518,20.492040438945004],[75.20505370309527,20.49896782507477],[75.22646109765675,20.494414221272024],[75.2229225959546,20.500177750765044],[75.22517345199581,20.5155483884716],[75.23789517436559,20.52089915377598],[75.23499467252438,20.536698067191995],[75.24433368322961,20.536032192986315],[75.24094502453306,20.55145331286642],[75.25041978564443,20.552419661119846],[75.25334729386661,20.568745261323308],[75.25885955203222,20.57650262858282],[75.26183518854894,20.575650494735886],[75.26519536614747,20.566632746969546],[75.27757588160544,20.56962847403553],[75.29116814077456,20.566426316730393],[75.29265577593327,20.57351575068786],[75.30676474243755,20.576741438855993],[75.31642220084117,20.57459983274715],[75.31474066299961,20.588636347963337],[75.31847981840927,20.59162393044509],[75.35429821642809,20.587835003107205],[75.35844752631766,20.596070852424287],[75.36460437976284,20.575023474160865],[75.3886789696212,20.577809518810152],[75.39140018309978,20.53773708843277],[75.395677735439,20.52060881208264],[75.40680617691832,20.52202174491126],[75.41661849793144,20.51351175646652],[75.42867676292964,20.51161093364226],[75.4231949847545,20.530376335440998],[75.43161371992805,20.53028579979727],[75.43294690748046,20.53504190502702],[75.44671019968028,20.53733870338598],[75.45446848646552,20.513567725822607],[75.46051122832958,20.518215109436117],[75.45579859972989,20.550764836147025],[75.46198987881459,20.551203541353377],[75.46490677806952,20.54313958872761],[75.48010262342366,20.54312963840394],[75.48124314319607,20.534903687124686],[75.49299463282091,20.523642162999554],[75.49534043231583,20.524942784166402],[75.49403697729417,20.53816366407881],[75.5063858417991,20.54035810088161],[75.50429585813669,20.551021128681946],[75.51282730982595,20.549172494702866],[75.51617734220588,20.552358520768976],[75.51560534425411,20.55713812219213],[75.52191237049412,20.558463798221744],[75.52412972097227,20.55546865648025],[75.52600286145957,20.557763843472824],[75.52848635447246,20.55599502246882],[75.52059236982305,20.590085881807955],[75.53256929146288,20.591182963180817],[75.53638490271294,20.600980733416264],[75.53498451642096,20.606043897432784],[75.55221181974667,20.59801415718258],[75.55573068061393,20.59835034421355],[75.55745896651958,20.60320274688199],[75.55579996913954,20.608443429430686],[75.59173787727204,20.59948045595938],[75.61272003637578,20.60276028212902],[75.60534649699613,20.621657281754526],[75.61987045690167,20.622304344114912],[75.6269986261442,20.6211706153297],[75.62993557766663,20.616354241067953],[75.64583273167662,20.61673656005228],[75.64991991608338,20.62467569278724],[75.65981013484382,20.624316304442296],[75.65816059824695,20.640193447561472],[75.66160487886705,20.64149770462878],[75.658837924733,20.649685902553664],[75.6539987638189,20.649542867316075],[75.65587106541574,20.65943958513585],[75.66170579071675,20.665236370940132],[75.6662075957387,20.664662560594248],[75.6670265994769,20.668314498997898],[75.6811887355986,20.66522877299089],[75.68130410448265,20.665201982033246]]]]}}]}